MIDI,Keyname,OriginalNumericID,SourceSongID,SourcePath,SourceByteSHA256,EstimationSourcePath,EstimationSourceSHA256,NoteContentSHA256,FramePC,CanonicalShift,PrimaryMethod,SecondaryMethod,MappingSource,SourceManifestSHA256
music21_0.mid,A,0,pop1k7:src_001:0,data/pop1k7_official/Pop1K7/midi_analyzed/src_001/0.mid,2efb4731628ba1da2e8f4452c9e1f6c76bf94c5f3eca85c435db8ee8e6da5157,data/pop1k7_official/Pop1K7/midi_synchronized/src_001/0.mid,d405f97182c56555784b84440b40b5ab4c950cfa0870bfae67635e84fc0a4ac2,a58e87717938267efd5fc612e2c1c2cd71b12001188806ea3e12a884bd07b9be,9,3,music21.key.krumhanslschmuckler,music21.key.aardenessen,same_release_path_plus_note_hash_music21_consensus_v1,53664a7ef3eed4af690568e16a357a2f88698e7f0a05fe854316b884807534da
music21_2.mid,e,2,pop1k7:src_001:2,data/pop1k7_official/Pop1K7/midi_analyzed/src_001/2.mid,ddcf18ead68690f21ed292d5f32b894bee5f64db130f080256243cc258da5422,data/pop1k7_official/Pop1K7/midi_synchronized/src_001/2.mid,0792dc31f4e4da41abf50ca9b5a21ba1ab822b6c945868a2993b84b305c7359c,c02273b5f83a062748ce71b2bf4f53ecb0db4622b5f64f32d778d3625a5840d6,7,5,music21.key.krumhanslschmuckler,music21.key.aardenessen,same_release_path_plus_note_hash_music21_consensus_v1,53664a7ef3eed4af690568e16a357a2f88698e7f0a05fe854316b884807534da
music21_3.mid,D,3,pop1k7:src_001:3,data/pop1k7_official/Pop1K7/midi_analyzed/src_001/3.mid,9617b8a3c96dfe944fc69fe70ebd87b528aa0811afa73cbbe800c1037997a206,data/pop1k7_official/Pop1K7/midi_synchronized/src_001/3.mid,f88c6e4e09c8b1fb224dabbd137a14acada40a9a3f1bff18b7bbff4f491b9967,53b19cae0d4a8d782b504d17fa47a38f92317c66dddb46929909c98c44509f79,2,-2,music21.key.krumhanslschmuckler,music21.key.aardenessen,same_release_path_plus_note_hash_music21_consensus_v1,53664a7ef3eed4af690568e16a357a2f88698e7f0a05fe854316b884807534da
music21_5.mid,Eb,5,pop1k7:src_001:5,data/pop1k7_official/Pop1K7/midi_analyzed/src_001/5.mid,5df8b7a0c38d6e53934da3363a42a1e72f9d4abc086fd4c34549c706fb34e411,data/pop1k7_official/Pop1K7/midi_synchronized/src_001/5.mid,3ff9b2422b7e938b2d08cbc6374092bcec9f4f490ed842eebcf6919793754fd9,e9b407b47612c552b7e082ab26fdfdf43d22210853afbbf65fa9604f7950c98d,3,-3,music21.key.krumhanslschmuckler,music21.key.aardenessen,same_release_path_plus_note_hash_music21_consensus_v1,53664a7ef3eed4af690568e16a357a2f88698e7f0a05fe854316b884807534da
music21_7.mid,c,7,pop1k7:src_001:7,data/pop1k7_official/Pop1K7/midi_analyzed/src_001/7.mid,ca903441a5c54e171950aba0a31eb80b08afd7238ea87a275945d65cba88bdfe,data/pop1k7_official/Pop1K7/midi_synchronized/src_001/7.mid,e3c438c27d1cb00af7f973b30a48dfe35c9e63e94d86676e31542f16ad30fb84,4af69628fdfd43793073e5df8f32129cb574d43a5ba4aff7453fbf0ba20f6280,3,-3,music21.key.krumhanslschmuckler,music21.key.aardenessen,same_release_path_plus_note_hash_music21_consensus_v1,53664a7ef3eed4af690568e16a357a2f88698e7f0a05fe854316b884807534da
music21_8.mid,c,8,pop1k7:src_001:8,data/pop1k7_official/Pop1K7/midi_analyzed/src_001/8.mid,4606cdb6637828ed7038757d1f3c5fef1983eddb3f9381b8912091b0254e42b7,data/pop1k7_official/Pop1K7/midi_synchronized/src_001/8.mid,9da5dacd5d06ecdda600cc27ccfc3ef3b66845e667fe92542c61435421180098,cf6f040f5b46fa6bf2221dbe046ad49e0c06b56adcd09d09f4dfa14e275335e5,3,-3,music21.key.krumhanslschmuckler,music21.key.aardenessen,same_release_path_plus_note_hash_music21_consensus_v1,53664a7ef3eed4af690568e16a357a2f88698e7f0a05fe854316b884807534da
music21_10.mid,f#,10,pop1k7:src_001:10,data/pop1k7_official/Pop1K7/midi_analyzed/src_001/10.mid,f13b37a0fce995ae0da213a3b904a3d59b6560c80e337701848f99888557c40c,data/pop1k7_official/Pop1K7/midi_synchronized/src_001/10.mid,daab2f5ee1ff691d0fb84e3874d6f2fa4d981890943dbe74ebbd4d0fd13b1e69,51cd428a0041feb924e87d536941536fa767292b536f8e5cbf270b4863843b09,9,3,music21.key.krumhanslschmuckler,music21.key.aardenessen,same_release_path_plus_note_hash_music21_consensus_v1,53664a7ef3eed4af690568e16a357a2f88698e7f0a05fe854316b884807534da
music21_12.mid,d,12,pop1k7:src_001:12,data/pop1k7_official/Pop1K7/midi_analyzed/src_001/12.mid,328e7a21a41e45ecb232f2f08502b8783ef6723610ee01d956e813073eee2011,data/pop1k7_official/Pop1K7/midi_synchronized/src_001/12.mid,a374d739516c33ea09db5d9bac7599a85748c7b5a88a8ffba224b6c09b5e3070,1cf2975637a6fe412159adbcea91d72c5d3edcf787307de1465b7a755de63909,5,-5,music21.key.krumhanslschmuckler,music21.key.aardenessen,same_release_path_plus_note_hash_music21_consensus_v1,53664a7ef3eed4af690568e16a357a2f88698e7f0a05fe854316b884807534da
music21_13.mid,C#,13,pop1k7:src_001:13,data/pop1k7_official/Pop1K7/midi_analyzed/src_001/13.mid,b1e008b9511defd7782ad8a33cc721f2e2dd7596e5189c4cc4d129d518dc33c1,data/pop1k7_official/Pop1K7/midi_synchronized/src_001/13.mid,4355bc9f7e2210e67965e4ea01ee7408dd12652902eb2b90a41a6e6980cbc992,31dab93dfffbf69a3ffd7c3e65dadf884a85ce14892a19760756955e726f23f4,1,-1,music21.key.krumhanslschmuckler,music21.key.aardenessen,same_release_path_plus_note_hash_music21_consensus_v1,53664a7ef3eed4af690568e16a357a2f88698e7f0a05fe854316b884807534da
music21_14.mid,C,14,pop1k7:src_001:14,data/pop1k7_official/Pop1K7/midi_analyzed/src_001/14.mid,553b7c3276fc0a0f46ae64338f4515f031368f53c66e9c8bcc1091dfc14c2797,data/pop1k7_official/Pop1K7/midi_synchronized/src_001/14.mid,09683f692c6705ba6681c0796503d568eaf5cf0d7ebed1f7e5a0bb45237e8fed,1d97ecb6864e9ead1e3cffdc097f4215e50a37a5d849992c9d26adfb65db0912,0,0,music21.key.krumhanslschmuckler,music21.key.aardenessen,same_release_path_plus_note_hash_music21_consensus_v1,53664a7ef3eed4af690568e16a357a2f88698e7f0a05fe854316b884807534da
music21_16.mid,Eb,16,pop1k7:src_001:16,data/pop1k7_official/Pop1K7/midi_analyzed/src_001/16.mid,fc1e3ee2d0fd85d110ea84534648761840c131ac41456ffcb7d3db9dea59da89,data/pop1k7_official/Pop1K7/midi_synchronized/src_001/16.mid,a9f1d8ae242037612c27a7c15cfd243ff0c67a615fc9304cacae269b34c0555b,93bb98def1f9e0fab4107039c3ec4189d40036ae776b0f380df2e31c7babc41f,3,-3,music21.key.krumhanslschmuckler,music21.key.aardenessen,same_release_path_plus_note_hash_music21_consensus_v1,53664a7ef3eed4af690568e16a357a2f88698e7f0a05fe854316b884807534da
music21_17.mid,E,17,pop1k7:src_001:17,data/pop1k7_official/Pop1K7/midi_analyzed/src_001/17.mid,6fd9e05f97538af6f6df54a0a8684cf77cb40667e666601b9e1bd794bd0c16ab,data/pop1k7_official/Pop1K7/midi_synchronized/src_001/17.mid,bb182adc58473d7b3ff4067e82477be336aac0c7ea4d7c0bc04df5a69cdd3e6d,fbafa58e64b26ce359a00350e3f8410a14beac01e439df4f9c7a643b0e02b10c,4,-4,music21.key.krumhanslschmuckler,music21.key.aardenessen,same_release_path_plus_note_hash_music21_consensus_v1,53664a7ef3eed4af690568e16a357a2f88698e7f0a05fe854316b884807534da
music21_18.mid,C#,18,pop1k7:src_001:18,data/pop1k7_official/Pop1K7/midi_analyzed/src_001/18.mid,2c4403f488b6db54752de8fbd5715971f2ba3a903c491d51906a3f7f0c9fe12b,data/pop1k7_official/Pop1K7/midi_synchronized/src_001/18.mid,16320251bcbad6ad6f914a1d710970d5af613cfb05a0efaf2edcb851d1dc798f,51f32bfa3286436874f5c05ee84634757d6e2f896ebf895987ea301f78bee358,1,-1,music21.key.krumhanslschmuckler,music21.key.aardenessen,same_release_path_plus_note_hash_music21_consensus_v1,53664a7ef3eed4af690568e16a357a2f88698e7f0a05fe854316b884807534da
music21_21.mid,g,21,pop1k7:src_001:21,data/pop1k7_official/Pop1K7/midi_analyzed/src_001/21.mid,937559f5bbf0f65e8b02e3260b5a2e6eaa4b338bc81c62ae8b1d059bc9b44465,data/pop1k7_official/Pop1K7/midi_synchronized/src_001/21.mid,b8c3548d30398deb7a80b2006dedd6a19aa32c10b8113d185d96ff1d8dbf352c,2ee4fb8cb67678df3fdf7d0bed0c9594418d311ca92095bf94eacb64fb6c310b,10,2,music21.key.krumhanslschmuckler,music21.key.aardenessen,same_release_path_plus_note_hash_music21_consensus_v1,53664a7ef3eed4af690568e16a357a2f88698e7f0a05fe854316b884807534da
music21_25.mid,Ab,25,pop1k7:src_001:25,data/pop1k7_official/Pop1K7/midi_analyzed/src_001/25.mid,28ff055ae460196956090596c49ef76582633ad478f448aba5e3393942bddc67,data/pop1k7_official/Pop1K7/midi_synchronized/src_001/25.mid,638054a976a79a427c4c38b6e446dcf687929ee52ef0a54ccb011c8b09d1dc95,09625970922acfc947614848295ebd8e2a3eb63f0dee9da0f93e452024b39124,8,4,music21.key.krumhanslschmuckler,music21.key.aardenessen,same_release_path_plus_note_hash_music21_consensus_v1,53664a7ef3eed4af690568e16a357a2f88698e7f0a05fe854316b884807534da
music21_26.mid,Eb,26,pop1k7:src_001:26,data/pop1k7_official/Pop1K7/midi_analyzed/src_001/26.mid,664a42f67defe8d3077a92c62bc426255628f3170be07907f4f8f12938529bf6,data/pop1k7_official/Pop1K7/midi_synchronized/src_001/26.mid,39a9a90f4b055c11ae018bc4b9a6ecc77fc237478c323b52360dab4bcb1eecbd,20a28751ce17315a8daf834997e6b38b64ecd96617c48a60ccceb3a3194e857c,3,-3,music21.key.krumhanslschmuckler,music21.key.aardenessen,same_release_path_plus_note_hash_music21_consensus_v1,53664a7ef3eed4af690568e16a357a2f88698e7f0a05fe854316b884807534da
music21_27.mid,D,27,pop1k7:src_001:27,data/pop1k7_official/Pop1K7/midi_analyzed/src_001/27.mid,f88af4a5558cb741cbff409fb78a17af399f7f453e9e109601d46c97955071a8,data/pop1k7_official/Pop1K7/midi_synchronized/src_001/27.mid,a0d71c48a8e9815e9b719a5a713c8d0357e6c156310701cadaae5beacbfd8e31,1a7dfe6e23475b4caeb1ace3f7cc29eb65ff3db5cd557fe0058645f9bb9ef542,2,-2,music21.key.krumhanslschmuckler,music21.key.aardenessen,same_release_path_plus_note_hash_music21_consensus_v1,53664a7ef3eed4af690568e16a357a2f88698e7f0a05fe854316b884807534da
music21_29.mid,D,29,pop1k7:src_001:29,data/pop1k7_official/Pop1K7/midi_analyzed/src_001/29.mid,05146fc1a58bff031fc2134d71b880fdcbcb73c11b928244c565340b2ff4893f,data/pop1k7_official/Pop1K7/midi_synchronized/src_001/29.mid,1293317f2d8330105d47826b96dac4aba51436a8a0ceda8e8565c4cade68f06c,ed1ceb4666a814d321a69ca471681799b98a8356d30de3838cd5c5a5d7102140,2,-2,music21.key.krumhanslschmuckler,music21.key.aardenessen,same_release_path_plus_note_hash_music21_consensus_v1,53664a7ef3eed4af690568e16a357a2f88698e7f0a05fe854316b884807534da
music21_30.mid,Eb,30,pop1k7:src_001:30,data/pop1k7_official/Pop1K7/midi_analyzed/src_001/30.mid,cfc800169c27a95a9493a7cb303a5770856e36fe963878722c65286bbb0e0727,data/pop1k7_official/Pop1K7/midi_synchronized/src_001/30.mid,4dc6e2a8de93a75fbfc217a1f2f7cde22f4a281704119feeb1af4f30945866d8,80025035156886a6b2cf2e5c8d9a37f0670591eeafcfcd5a4f4d1a6c25000c6d,3,-3,music21.key.krumhanslschmuckler,music21.key.aardenessen,same_release_path_plus_note_hash_music21_consensus_v1,53664a7ef3eed4af690568e16a357a2f88698e7f0a05fe854316b884807534da
music21_31.mid,bb,31,pop1k7:src_001:31,data/pop1k7_official/Pop1K7/midi_analyzed/src_001/31.mid,d008c024d296298f3f230aad9605d81b4f50eea54d168c85c046167b083c3183,data/pop1k7_official/Pop1K7/midi_synchronized/src_001/31.mid,c44f415b4ddaf20b5df3eaa1e22bd3495f7538c4d6dcccf09cf0644533209373,eec701693759c975d7343f84914202477ab392714854d7f0684c19d73077cd59,1,-1,music21.key.krumhanslschmuckler,music21.key.aardenessen,same_release_path_plus_note_hash_music21_consensus_v1,53664a7ef3eed4af690568e16a357a2f88698e7f0a05fe854316b884807534da
music21_34.mid,ab,34,pop1k7:src_001:34,data/pop1k7_official/Pop1K7/midi_analyzed/src_001/34.mid,32518896d281a0886bdb9faa62e194a62e0aaaf712342e66b28b05d197474ed0,data/pop1k7_official/Pop1K7/midi_synchronized/src_001/34.mid,3cb8822c879fed3f903a30a440c7c19826ea1c0d34f4837d323f5f5d121d735c,818acebca92b6fdec774b17cbdd1ec5ce748914a478a5174bba698ff479605c3,11,1,music21.key.krumhanslschmuckler,music21.key.aardenessen,same_release_path_plus_note_hash_music21_consensus_v1,53664a7ef3eed4af690568e16a357a2f88698e7f0a05fe854316b884807534da
music21_36.mid,c#,36,pop1k7:src_001:36,data/pop1k7_official/Pop1K7/midi_analyzed/src_001/36.mid,7bb9a37316f8e05014bbf8d45d7668631b54c829bd0e9ca2aea49a62ccce2fec,data/pop1k7_official/Pop1K7/midi_synchronized/src_001/36.mid,5c82695dcf7eeb9d9400bb7922447e26ed2f55ba63735fec2a9a7d996e18c8a3,8d7ee9a91ce2b9f4c59b74cb526f62cbe55f39388aafbcad82a1ca179b5c71d1,4,-4,music21.key.krumhanslschmuckler,music21.key.aardenessen,same_release_path_plus_note_hash_music21_consensus_v1,53664a7ef3eed4af690568e16a357a2f88698e7f0a05fe854316b884807534da
music21_37.mid,E,37,pop1k7:src_001:37,data/pop1k7_official/Pop1K7/midi_analyzed/src_001/37.mid,cc2eeed77b288fa9cd2d9222f0a3d088c97e9a5a68592b54cebb388ae2ad35ca,data/pop1k7_official/Pop1K7/midi_synchronized/src_001/37.mid,e28be917246b26bd46369ef2f9fe2c45dafd7cad15dbd2d6ab375726616b8e23,9a4dea23c76c1c184b8398c45ec7060b65fa873e396d3fc87b58f19e11b19e19,4,-4,music21.key.krumhanslschmuckler,music21.key.aardenessen,same_release_path_plus_note_hash_music21_consensus_v1,53664a7ef3eed4af690568e16a357a2f88698e7f0a05fe854316b884807534da
music21_39.mid,A,39,pop1k7:src_001:39,data/pop1k7_official/Pop1K7/midi_analyzed/src_001/39.mid,c545f339c24533bd9645bc581fabf4d73c83342b97327f410129d14f5b4925e7,data/pop1k7_official/Pop1K7/midi_synchronized/src_001/39.mid,f98115286440f84d65e91d61f60de3a0d07e54ab9400b0a4d299e56154f940c9,ce3d9aa25ff2348d46f358a89ccb30b28074b193ef6effe11372c8ad6abc5351,9,3,music21.key.krumhanslschmuckler,music21.key.aardenessen,same_release_path_plus_note_hash_music21_consensus_v1,53664a7ef3eed4af690568e16a357a2f88698e7f0a05fe854316b884807534da
music21_41.mid,c,41,pop1k7:src_001:41,data/pop1k7_official/Pop1K7/midi_analyzed/src_001/41.mid,244bcf2fe3a4acf1dce3aa8b7426d78c19a84b83187cd34ab0acb485d30b9abf,data/pop1k7_official/Pop1K7/midi_synchronized/src_001/41.mid,aeb027afe7c462fd20a2cb1ad17c1d5ceca97386a86f7f570bd134d177d431d5,5890149ac6cec58200ba9892095d372c0c515d543f289bb4348fd15653513204,3,-3,music21.key.krumhanslschmuckler,music21.key.aardenessen,same_release_path_plus_note_hash_music21_consensus_v1,53664a7ef3eed4af690568e16a357a2f88698e7f0a05fe854316b884807534da
music21_43.mid,F,43,pop1k7:src_001:43,data/pop1k7_official/Pop1K7/midi_analyzed/src_001/43.mid,8b4d1beb54380fb9a81586800bc5c27f90cea1e8aff16400cc1f27bc1a851dc9,data/pop1k7_official/Pop1K7/midi_synchronized/src_001/43.mid,6c14e8a8dfe9adadfef0bbd9cd97d0adf3aa1d139f09b783afc19ed536d3d885,8fb024f9b8f0a9be9d16bca6f5ecd58dda9d0e5ed767d3e6fcfb5f54a00c3fff,5,-5,music21.key.krumhanslschmuckler,music21.key.aardenessen,same_release_path_plus_note_hash_music21_consensus_v1,53664a7ef3eed4af690568e16a357a2f88698e7f0a05fe854316b884807534da
music21_44.mid,g,44,pop1k7:src_001:44,data/pop1k7_official/Pop1K7/midi_analyzed/src_001/44.mid,a7055e59d83391fabd78efe1d2780c00e8b80c1fd38f8c353af841ef7c7e3505,data/pop1k7_official/Pop1K7/midi_synchronized/src_001/44.mid,50ad6bde2643afef1a03f4341e6955b8620ebe79d66cf9af4df26bbc99679357,d92a353bef1743bc4a1900074c092a0a2c264db16bc800ad30e36ac7a1519fd3,10,2,music21.key.krumhanslschmuckler,music21.key.aardenessen,same_release_path_plus_note_hash_music21_consensus_v1,53664a7ef3eed4af690568e16a357a2f88698e7f0a05fe854316b884807534da
music21_45.mid,Ab,45,pop1k7:src_001:45,data/pop1k7_official/Pop1K7/midi_analyzed/src_001/45.mid,830abbf7ae23d406ca1f6b7f315d586e733974f95477549a3efc36283a02aacc,data/pop1k7_official/Pop1K7/midi_synchronized/src_001/45.mid,70d2b4c89dcf4e07a647635e72af08da0e3bff9f9f8953f7fed49f9b38d3fa96,361c918b4742fb4c3d6b27c6190feb8f6144fc4ffdc3ed1fe41e9c33c014d2a5,8,4,music21.key.krumhanslschmuckler,music21.key.aardenessen,same_release_path_plus_note_hash_music21_consensus_v1,53664a7ef3eed4af690568e16a357a2f88698e7f0a05fe854316b884807534da
music21_46.mid,A,46,pop1k7:src_001:46,data/pop1k7_official/Pop1K7/midi_analyzed/src_001/46.mid,8e0e51bfc3e08ee38ff776766f9a711feae437dc20b478092a7f4b315bc226cf,data/pop1k7_official/Pop1K7/midi_synchronized/src_001/46.mid,cc4b69a4294a836a81061e16e890d6903479615456016d6a779b9ae53774e3a3,1d566791e73e965bc5f8caa9fd5f4271e7e2a5edb6abd9a9e4d21b7cff2b13dd,9,3,music21.key.krumhanslschmuckler,music21.key.aardenessen,same_release_path_plus_note_hash_music21_consensus_v1,53664a7ef3eed4af690568e16a357a2f88698e7f0a05fe854316b884807534da
music21_47.mid,C#,47,pop1k7:src_001:47,data/pop1k7_official/Pop1K7/midi_analyzed/src_001/47.mid,a934778c97bfe188d5ce38a046a0483250d63a163d3c2e21759db23ded39131a,data/pop1k7_official/Pop1K7/midi_synchronized/src_001/47.mid,a147a340f820e4bcf320b5c2b41f83d509065b8ed50255ecdf5c4707f6a1289c,d5ca97382634c4d06fa9a1edec1b813fd3709a36ff44354d0edcd3a110266dbb,1,-1,music21.key.krumhanslschmuckler,music21.key.aardenessen,same_release_path_plus_note_hash_music21_consensus_v1,53664a7ef3eed4af690568e16a357a2f88698e7f0a05fe854316b884807534da
music21_48.mid,Eb,48,pop1k7:src_001:48,data/pop1k7_official/Pop1K7/midi_analyzed/src_001/48.mid,96023b35f9d52c7460a4fb57f6b9a09c0917f2693d99b7ffc0d4900a13c0d871,data/pop1k7_official/Pop1K7/midi_synchronized/src_001/48.mid,44c6301243e507f4d9a1ddef2797d92ca40885052dd7a6d376fe6662b80c89b6,14d8b0e76c39c7209db6b94eab9aae61f7811d7deab18c415043ae61b991bbd5,3,-3,music21.key.krumhanslschmuckler,music21.key.aardenessen,same_release_path_plus_note_hash_music21_consensus_v1,53664a7ef3eed4af690568e16a357a2f88698e7f0a05fe854316b884807534da
music21_49.mid,G,49,pop1k7:src_001:49,data/pop1k7_official/Pop1K7/midi_analyzed/src_001/49.mid,b13c14625992b2db7fa6420e9fb2af945427b1c391caf532054e3b02c7cff921,data/pop1k7_official/Pop1K7/midi_synchronized/src_001/49.mid,56b3d4582dece1350855d476df9599946d67b9014e40b888e3c8ca700b61e708,491be5032c49e8344fa2f865ed7f0dd7e5a590aec774832f7ae63f474f82f26b,7,5,music21.key.krumhanslschmuckler,music21.key.aardenessen,same_release_path_plus_note_hash_music21_consensus_v1,53664a7ef3eed4af690568e16a357a2f88698e7f0a05fe854316b884807534da
music21_51.mid,ab,51,pop1k7:src_001:51,data/pop1k7_official/Pop1K7/midi_analyzed/src_001/51.mid,d9327f26028b90ba508df1b234d8128062a2758e965dd2e07b614f039768402d,data/pop1k7_official/Pop1K7/midi_synchronized/src_001/51.mid,2d5a09b27ce66d73bb5c6739411f5b6d70190d0c3d7217a91e56a4a283ddd04b,9b0252456867027d07e74bc6281e67d820c4ab0691a18bd506669c7d55d839a6,11,1,music21.key.krumhanslschmuckler,music21.key.aardenessen,same_release_path_plus_note_hash_music21_consensus_v1,53664a7ef3eed4af690568e16a357a2f88698e7f0a05fe854316b884807534da
music21_53.mid,c#,53,pop1k7:src_001:53,data/pop1k7_official/Pop1K7/midi_analyzed/src_001/53.mid,880fa2c6fdee7c54c5ce80da31ad01848e91bd86b6989b4e29aebd43b1c14511,data/pop1k7_official/Pop1K7/midi_synchronized/src_001/53.mid,d7597a73e5f7dba07f5ff946deefd39b08c2a8a413b58682bced9d81b80ce852,2133f438df4947cf609afd3e6894483ed77861ddfdba15af024d1d0e5e17a85b,4,-4,music21.key.krumhanslschmuckler,music21.key.aardenessen,same_release_path_plus_note_hash_music21_consensus_v1,53664a7ef3eed4af690568e16a357a2f88698e7f0a05fe854316b884807534da
music21_54.mid,Eb,54,pop1k7:src_001:54,data/pop1k7_official/Pop1K7/midi_analyzed/src_001/54.mid,59682dfacdddd773696b229497c77f895a181e29b1eb73a7c82d7ac7ad0c73fe,data/pop1k7_official/Pop1K7/midi_synchronized/src_001/54.mid,339d75bd7a4b7ed545373cddf5cb7612a03fb58e94de705570090fa4dd273e36,ff84a85a50ac1239734d41b4115022ccd8abcfad0f564355dbce48557c8fcaaa,3,-3,music21.key.krumhanslschmuckler,music21.key.aardenessen,same_release_path_plus_note_hash_music21_consensus_v1,53664a7ef3eed4af690568e16a357a2f88698e7f0a05fe854316b884807534da
music21_56.mid,F#,56,pop1k7:src_001:56,data/pop1k7_official/Pop1K7/midi_analyzed/src_001/56.mid,627608e2d17eef1a35e76951b4c8ad8ce539a717238ca34dede8da6c4778e720,data/pop1k7_official/Pop1K7/midi_synchronized/src_001/56.mid,d84992b6803da57599f2647e8cdb97d5366cc413af4f341002a77f5063cb5950,deeacaa69afa7a1816ede1db99c589e5539159fe3847c48b75780c0a8d3b76f7,6,6,music21.key.krumhanslschmuckler,music21.key.aardenessen,same_release_path_plus_note_hash_music21_consensus_v1,53664a7ef3eed4af690568e16a357a2f88698e7f0a05fe854316b884807534da
music21_58.mid,A,58,pop1k7:src_001:58,data/pop1k7_official/Pop1K7/midi_analyzed/src_001/58.mid,cc53546b84ef72994e270f85290a4d916a3e6d07cc7ce7259920115a6c0ecd1b,data/pop1k7_official/Pop1K7/midi_synchronized/src_001/58.mid,9e3809170d630b70f88ac1ad7be82d3899db5c0c89da60455d00e685bb445bd4,62b10d70ed98dc7c81a5dc9537fcacf5b6d67cacb9ce3a663db57f3c4f785e56,9,3,music21.key.krumhanslschmuckler,music21.key.aardenessen,same_release_path_plus_note_hash_music21_consensus_v1,53664a7ef3eed4af690568e16a357a2f88698e7f0a05fe854316b884807534da
music21_59.mid,Ab,59,pop1k7:src_001:59,data/pop1k7_official/Pop1K7/midi_analyzed/src_001/59.mid,931ac5e166d9a9761803cf492c1b0c5469fa48ca9553867cad5b76e6594f9971,data/pop1k7_official/Pop1K7/midi_synchronized/src_001/59.mid,a07704feb6351baf0ed9b9421861703884b8f39879668bbc216aaf8b8e12e362,b719a0ae7cb1e153e6ea1e3cccb7c560cdd0b61a17438970a77ef97f6330c40f,8,4,music21.key.krumhanslschmuckler,music21.key.aardenessen,same_release_path_plus_note_hash_music21_consensus_v1,53664a7ef3eed4af690568e16a357a2f88698e7f0a05fe854316b884807534da
music21_60.mid,C,60,pop1k7:src_001:60,data/pop1k7_official/Pop1K7/midi_analyzed/src_001/60.mid,8251e6e1f915f9924b74a6273b95989cd8284c20bfa0e68e1ca2e31d420c754d,data/pop1k7_official/Pop1K7/midi_synchronized/src_001/60.mid,d0a25dba981177f388388da552fc5e391798205a0f3019b9fe40a7ffc2617d4b,34d9495619a1091ba1bf8433df6ab617784e7781428db03020e73ae711e3a08e,0,0,music21.key.krumhanslschmuckler,music21.key.aardenessen,same_release_path_plus_note_hash_music21_consensus_v1,53664a7ef3eed4af690568e16a357a2f88698e7f0a05fe854316b884807534da
music21_61.mid,c,61,pop1k7:src_001:61,data/pop1k7_official/Pop1K7/midi_analyzed/src_001/61.mid,848a0a58cb55ea93b771aaae87198acd6a93acd17f31fee76ec4072570a9fd39,data/pop1k7_official/Pop1K7/midi_synchronized/src_001/61.mid,6086f761940bac4ffb1e97cb4c90a7700ec6506cb1cf81ddb2cf7feecd6ca919,275d02dc3379c8d63aae1461e5481dd1734f6dfde6d4d20e01f874b2a24f475f,3,-3,music21.key.krumhanslschmuckler,music21.key.aardenessen,same_release_path_plus_note_hash_music21_consensus_v1,53664a7ef3eed4af690568e16a357a2f88698e7f0a05fe854316b884807534da
music21_62.mid,C,62,pop1k7:src_001:62,data/pop1k7_official/Pop1K7/midi_analyzed/src_001/62.mid,fb5c996680db0d27ab9c1990470ee96797b70960cdeef71a5d322c7ddd1e6a20,data/pop1k7_official/Pop1K7/midi_synchronized/src_001/62.mid,34271981f9a24c5fd66c69babe31b7d6df4bc7ae5ac73aeb494bcf485378a24c,c547566661aa6582cce70534f14a189cf6be768466dea0d6e7dd1e6f258e131a,0,0,music21.key.krumhanslschmuckler,music21.key.aardenessen,same_release_path_plus_note_hash_music21_consensus_v1,53664a7ef3eed4af690568e16a357a2f88698e7f0a05fe854316b884807534da
music21_63.mid,e,63,pop1k7:src_001:63,data/pop1k7_official/Pop1K7/midi_analyzed/src_001/63.mid,245bb2004a5c9cae2c4529b840d93bfad8f72714931e2a3a11c4933fc1afc629,data/pop1k7_official/Pop1K7/midi_synchronized/src_001/63.mid,555771fe613d45212c207efb3930dca5f4178415b2637149641834799da13a25,6de2b7ba3ed1eb6cd6dffa01acae2562ef0b6a0196f31e052d0e9d21a2000b69,7,5,music21.key.krumhanslschmuckler,music21.key.aardenessen,same_release_path_plus_note_hash_music21_consensus_v1,53664a7ef3eed4af690568e16a357a2f88698e7f0a05fe854316b884807534da
music21_64.mid,A,64,pop1k7:src_001:64,data/pop1k7_official/Pop1K7/midi_analyzed/src_001/64.mid,25c64f126f309818ea211a0a97ed533851085958e749b2e6f41a287f3e9991b0,data/pop1k7_official/Pop1K7/midi_synchronized/src_001/64.mid,68f80912e3bb3ff3808174defb08c3372c699c451bcf246f2de652ecbc80c0c6,47f05ae60a0645f857a33af94ba133d510b5151f6bf09eb7910d1f0f56d758b7,9,3,music21.key.krumhanslschmuckler,music21.key.aardenessen,same_release_path_plus_note_hash_music21_consensus_v1,53664a7ef3eed4af690568e16a357a2f88698e7f0a05fe854316b884807534da
music21_65.mid,F,65,pop1k7:src_001:65,data/pop1k7_official/Pop1K7/midi_analyzed/src_001/65.mid,93849cacdf315f0cf1ba3fdcfacd6e3945e207f1ce6dc1a7e59fe8bfe8a2f2ba,data/pop1k7_official/Pop1K7/midi_synchronized/src_001/65.mid,0cebf48143eba545ee3dff342b7b8142720cac00f9fe7dfd6955bab00f3bfec3,5ae7d53cf921e2bcaaa5124494010f4c84d91e20b7f1f34777b5e1e480819b34,5,-5,music21.key.krumhanslschmuckler,music21.key.aardenessen,same_release_path_plus_note_hash_music21_consensus_v1,53664a7ef3eed4af690568e16a357a2f88698e7f0a05fe854316b884807534da
music21_66.mid,e,66,pop1k7:src_001:66,data/pop1k7_official/Pop1K7/midi_analyzed/src_001/66.mid,8e4a74796c7f196a3cc70fab1d3c7034adfd57693d318049b585c1870ae90bc4,data/pop1k7_official/Pop1K7/midi_synchronized/src_001/66.mid,e6ea4f7968fb60e9e72db08646d4952b54b5c9a22a3910cad533bdebd88d3f94,fac45ebcd67e25dfd7221c46aa11633c83931252a663961d36a24fbe78d5533a,7,5,music21.key.krumhanslschmuckler,music21.key.aardenessen,same_release_path_plus_note_hash_music21_consensus_v1,53664a7ef3eed4af690568e16a357a2f88698e7f0a05fe854316b884807534da
music21_68.mid,C,68,pop1k7:src_001:68,data/pop1k7_official/Pop1K7/midi_analyzed/src_001/68.mid,1bf63aee9b5c5e9f4222f6ec0bba23e6f9c1abb8f55319eaaafaf53010273741,data/pop1k7_official/Pop1K7/midi_synchronized/src_001/68.mid,9c37b906251c6cf86e9aa02bd91660fdbb8f714adffac7fd09ebae09c5054ebd,a69bd2a6626e1e178ec51ecd875c513e3bb2fed6b5f22512486c486033fe9c3c,0,0,music21.key.krumhanslschmuckler,music21.key.aardenessen,same_release_path_plus_note_hash_music21_consensus_v1,53664a7ef3eed4af690568e16a357a2f88698e7f0a05fe854316b884807534da
music21_70.mid,c#,70,pop1k7:src_001:70,data/pop1k7_official/Pop1K7/midi_analyzed/src_001/70.mid,3e275628a1fca542e78e21e6bfe9f02ddc216c798c0c561672dbbc8364b92c79,data/pop1k7_official/Pop1K7/midi_synchronized/src_001/70.mid,114e6c111aff3d5d2df9bbb734ed963824f79514049dbcb9c0db7933d43bf9e7,20faf1e78b3197822d099e0e754e1bcb66728c035efd2cacddda8753f9b4b685,4,-4,music21.key.krumhanslschmuckler,music21.key.aardenessen,same_release_path_plus_note_hash_music21_consensus_v1,53664a7ef3eed4af690568e16a357a2f88698e7f0a05fe854316b884807534da
music21_72.mid,C#,72,pop1k7:src_001:72,data/pop1k7_official/Pop1K7/midi_analyzed/src_001/72.mid,ebafe4a4f557f55ac8ee74665742d35ff17d88bf87bbf2d9cbfc7141ae3cf630,data/pop1k7_official/Pop1K7/midi_synchronized/src_001/72.mid,3eb35120b3c88a018b062714936d9fa835c9b2f0fae04af6380370d25b5a39b5,4f0faf435ff20324595bec48380bb83c36bb26a562128ef6b94b5f46b21f8e65,1,-1,music21.key.krumhanslschmuckler,music21.key.aardenessen,same_release_path_plus_note_hash_music21_consensus_v1,53664a7ef3eed4af690568e16a357a2f88698e7f0a05fe854316b884807534da
music21_73.mid,b,73,pop1k7:src_001:73,data/pop1k7_official/Pop1K7/midi_analyzed/src_001/73.mid,3c8e3f21bc892f4e77b84d44c6cdd03ecd94b863eaabe0f99dfd14c18400ea45,data/pop1k7_official/Pop1K7/midi_synchronized/src_001/73.mid,cf5ea9cc7d8fce7c231c52a034fefbe24e1e67885231c6865d960039e5279c6e,b73accc0996a670fd0c8b34d02c5c1ababb37d085fbe97557c2baae6173dcda8,2,-2,music21.key.krumhanslschmuckler,music21.key.aardenessen,same_release_path_plus_note_hash_music21_consensus_v1,53664a7ef3eed4af690568e16a357a2f88698e7f0a05fe854316b884807534da
music21_75.mid,ab,75,pop1k7:src_001:75,data/pop1k7_official/Pop1K7/midi_analyzed/src_001/75.mid,6644957fa3a88b5bedab4e9db652bca99cb753a8a440e15031fc8d8b50ef3236,data/pop1k7_official/Pop1K7/midi_synchronized/src_001/75.mid,0016e4896e29357e32a82320a2422550da0115e6ee305d5b0732a00a84e0d859,4fe8524bd863f529b572659c8b89e4dc9517bcbaf738f5a24a624e347ec1b690,11,1,music21.key.krumhanslschmuckler,music21.key.aardenessen,same_release_path_plus_note_hash_music21_consensus_v1,53664a7ef3eed4af690568e16a357a2f88698e7f0a05fe854316b884807534da
music21_76.mid,B,76,pop1k7:src_001:76,data/pop1k7_official/Pop1K7/midi_analyzed/src_001/76.mid,bce1c7174e15fca9e5b087cd346df7e85dc1fc0baccaa907d94ed74dfd14f18c,data/pop1k7_official/Pop1K7/midi_synchronized/src_001/76.mid,e3c67bb6fbb637cbf9806b158d3601127a64f2afb148e38bd240344b69dc688e,f3fa7b43541483fcfce32465378d1d2169286fa48cae951cefc84b2027f6674f,11,1,music21.key.krumhanslschmuckler,music21.key.aardenessen,same_release_path_plus_note_hash_music21_consensus_v1,53664a7ef3eed4af690568e16a357a2f88698e7f0a05fe854316b884807534da
music21_79.mid,E,79,pop1k7:src_001:79,data/pop1k7_official/Pop1K7/midi_analyzed/src_001/79.mid,4d8c73adcc4cc0ed03951b8e5fe584fb9a4cda47fa61cc2171521f9c01f26bd2,data/pop1k7_official/Pop1K7/midi_synchronized/src_001/79.mid,d9207cceb72113e707d1e2fe2b4af4247dd35820ff9079f6ea4848214ebc32b8,3c84ec56958ead885554486af470e89dfb8a6b520bd0e3d761656491d3ff07e7,4,-4,music21.key.krumhanslschmuckler,music21.key.aardenessen,same_release_path_plus_note_hash_music21_consensus_v1,53664a7ef3eed4af690568e16a357a2f88698e7f0a05fe854316b884807534da
music21_80.mid,G,80,pop1k7:src_001:80,data/pop1k7_official/Pop1K7/midi_analyzed/src_001/80.mid,81b4c1f6bf7e97c9e055cca38e9d64c8479103c089c31481dcefa81f09ff3b8d,data/pop1k7_official/Pop1K7/midi_synchronized/src_001/80.mid,99539748a305e6799403bf0a43268ac0decea3eafd6811bc4ad8336daebc6dec,1a8a4b31e8539cf6bc9ff3b3a817c1be9379ab219d3d6a59f825cf5fb8c008ea,7,5,music21.key.krumhanslschmuckler,music21.key.aardenessen,same_release_path_plus_note_hash_music21_consensus_v1,53664a7ef3eed4af690568e16a357a2f88698e7f0a05fe854316b884807534da
music21_81.mid,c#,81,pop1k7:src_001:81,data/pop1k7_official/Pop1K7/midi_analyzed/src_001/81.mid,6e18036afa5eb89ee8adf8c460740b79281b23224649d0fe02edc346cac06ba5,data/pop1k7_official/Pop1K7/midi_synchronized/src_001/81.mid,0580cc0f138c77fbe9b48b44f18add45a40cc97fc766f8bed2e5d83c3d242f2e,f0d4703ebd8da9e3a53df67113d5ad9fd3e080215e1f8700567931656557ee27,4,-4,music21.key.krumhanslschmuckler,music21.key.aardenessen,same_release_path_plus_note_hash_music21_consensus_v1,53664a7ef3eed4af690568e16a357a2f88698e7f0a05fe854316b884807534da
music21_83.mid,Eb,83,pop1k7:src_001:83,data/pop1k7_official/Pop1K7/midi_analyzed/src_001/83.mid,9bd31458522061aaf5a0479397d28b591999cc230f72e236eec70b52886bfe67,data/pop1k7_official/Pop1K7/midi_synchronized/src_001/83.mid,f080c41638a6f53e7c79940c0579a0d8bc78732927fd61c08b050ea4ad0daf34,825df24068b1d24ecf87385fe0805989c04fde65f935ee759e28c8851e515c72,3,-3,music21.key.krumhanslschmuckler,music21.key.aardenessen,same_release_path_plus_note_hash_music21_consensus_v1,53664a7ef3eed4af690568e16a357a2f88698e7f0a05fe854316b884807534da
music21_84.mid,b,84,pop1k7:src_001:84,data/pop1k7_official/Pop1K7/midi_analyzed/src_001/84.mid,5761f24023a889dcd57489235b6ac371be67ee103ad22ea870b29472a56b127b,data/pop1k7_official/Pop1K7/midi_synchronized/src_001/84.mid,bdb37e5a530f36b1c3580fcd80e2359a984d4cdb2967cb6d6827c1fdb4d04dba,910504eb74af738502247795f1657621f59a63180ac193b8d33a62dea4ee5722,2,-2,music21.key.krumhanslschmuckler,music21.key.aardenessen,same_release_path_plus_note_hash_music21_consensus_v1,53664a7ef3eed4af690568e16a357a2f88698e7f0a05fe854316b884807534da
music21_85.mid,B,85,pop1k7:src_001:85,data/pop1k7_official/Pop1K7/midi_analyzed/src_001/85.mid,6d3c4b671c6c28755791b28b6a09b0a6f5f61a1e4fd8064be5fbaf1410930fa3,data/pop1k7_official/Pop1K7/midi_synchronized/src_001/85.mid,4f6440b66a174d17e6279350107508074b9e75238586a106b1565ab82d1a4754,e52d007bf3518f62ddc974f83d2aa646191ff6bb4808112a390d0be94d17f449,11,1,music21.key.krumhanslschmuckler,music21.key.aardenessen,same_release_path_plus_note_hash_music21_consensus_v1,53664a7ef3eed4af690568e16a357a2f88698e7f0a05fe854316b884807534da
music21_87.mid,g,87,pop1k7:src_001:87,data/pop1k7_official/Pop1K7/midi_analyzed/src_001/87.mid,9cebfee550d848c52db8797368cd30909fd7ef887e5d31e4f3eff67c547160b9,data/pop1k7_official/Pop1K7/midi_synchronized/src_001/87.mid,0dc1b447ae4df1dedf70d421566ba823484b23434173e45d4df0d1528a841cac,97f65dcc5b849dc0d0392a8a4cf8b5206ef67df2b7d6c2108d48f367918134f2,10,2,music21.key.krumhanslschmuckler,music21.key.aardenessen,same_release_path_plus_note_hash_music21_consensus_v1,53664a7ef3eed4af690568e16a357a2f88698e7f0a05fe854316b884807534da
music21_88.mid,f,88,pop1k7:src_001:88,data/pop1k7_official/Pop1K7/midi_analyzed/src_001/88.mid,8c8dd7bd9902c3c64d8aa09988031ef401ca413da25dcc8321fe3386c9bc24d1,data/pop1k7_official/Pop1K7/midi_synchronized/src_001/88.mid,61de7a83b0d2881366f6f896af3853acddca34cfdbc206832106bdcb05340ace,d677ac75d0e1c1ac54eddef3e13551c3705d33361a9096525a09efbc821c9282,8,4,music21.key.krumhanslschmuckler,music21.key.aardenessen,same_release_path_plus_note_hash_music21_consensus_v1,53664a7ef3eed4af690568e16a357a2f88698e7f0a05fe854316b884807534da
music21_89.mid,e,89,pop1k7:src_001:89,data/pop1k7_official/Pop1K7/midi_analyzed/src_001/89.mid,b4cbe133e17b447d9add9925a991b33a13fb6f92528aedbe925c77b27c83bb7b,data/pop1k7_official/Pop1K7/midi_synchronized/src_001/89.mid,e5bf1a063ece94991009eebe23c2870ed6582b750ed4bb52faf7fa92d113dd7c,38811ef7caa22fd56c1fe3ab883b88dfa4be08532e370644eeca2c3286f9e242,7,5,music21.key.krumhanslschmuckler,music21.key.aardenessen,same_release_path_plus_note_hash_music21_consensus_v1,53664a7ef3eed4af690568e16a357a2f88698e7f0a05fe854316b884807534da
music21_91.mid,Ab,91,pop1k7:src_001:91,data/pop1k7_official/Pop1K7/midi_analyzed/src_001/91.mid,acb149bb0f2e2ac5cf7915522b6e0b1e435743bbd8328ea98972d96afb4ad7b5,data/pop1k7_official/Pop1K7/midi_synchronized/src_001/91.mid,8f3128d83f907b3594677df29a1cf04bd35f0762db42dfc93e10d2560fb152fe,54d0a6c0402a420d87eef8b672b38ab4b6336f1d75b9d5869d149942a42bfe86,8,4,music21.key.krumhanslschmuckler,music21.key.aardenessen,same_release_path_plus_note_hash_music21_consensus_v1,53664a7ef3eed4af690568e16a357a2f88698e7f0a05fe854316b884807534da
music21_92.mid,c,92,pop1k7:src_001:92,data/pop1k7_official/Pop1K7/midi_analyzed/src_001/92.mid,6371c5a3d7151c5013a3532222eeb5f20c18471b239d30c02f0d6064c81d0c48,data/pop1k7_official/Pop1K7/midi_synchronized/src_001/92.mid,d1a954c0706c489ed0fb86064c6358d29b2b526cdceaa1aa2f386f53a9f94323,7be592b46a9e2df1a6107f9e8df8eba47f087c30d1a2c4d136d5d83ee3622794,3,-3,music21.key.krumhanslschmuckler,music21.key.aardenessen,same_release_path_plus_note_hash_music21_consensus_v1,53664a7ef3eed4af690568e16a357a2f88698e7f0a05fe854316b884807534da
music21_93.mid,b,93,pop1k7:src_001:93,data/pop1k7_official/Pop1K7/midi_analyzed/src_001/93.mid,675dc711d43ce1ab4e376b6e61c6b47a082e1ecb0c97bb083ba0441272c6cdf7,data/pop1k7_official/Pop1K7/midi_synchronized/src_001/93.mid,aad72992de53400b9cf9a9082ed2483fdc46142118f98382deadf07234ed9836,1f79f6c7f016b52b3bf2d9951440d5a60141f5dbc7543468f220760ad0b18f4c,2,-2,music21.key.krumhanslschmuckler,music21.key.aardenessen,same_release_path_plus_note_hash_music21_consensus_v1,53664a7ef3eed4af690568e16a357a2f88698e7f0a05fe854316b884807534da
music21_94.mid,e,94,pop1k7:src_001:94,data/pop1k7_official/Pop1K7/midi_analyzed/src_001/94.mid,a344ecb3f7411beb660fef1f33d196355174e7a9ad2071af1b63e42f39a36cba,data/pop1k7_official/Pop1K7/midi_synchronized/src_001/94.mid,d58f15b1d9cdf7863f58a3c56e1a35b159a09de644b7528a6f6ee3406938123a,ef79cfaff54cb7dcb5e84c774cda9e5b4c0ee26d0d6547e655392e860c1cdeab,7,5,music21.key.krumhanslschmuckler,music21.key.aardenessen,same_release_path_plus_note_hash_music21_consensus_v1,53664a7ef3eed4af690568e16a357a2f88698e7f0a05fe854316b884807534da
music21_97.mid,b,97,pop1k7:src_001:97,data/pop1k7_official/Pop1K7/midi_analyzed/src_001/97.mid,b4291d30e077a48a39e3f10abc73867dc8f74544582927364465e2a2ffb20d5b,data/pop1k7_official/Pop1K7/midi_synchronized/src_001/97.mid,abfbd9d694946e8a64c3c9a7e5ec44f3374a4ac6594f00497738dd6290845e30,fb97ef3357a21c430ccfe31f73baeecb33a11d6dcdff8f34ca999ba0a12e56b5,2,-2,music21.key.krumhanslschmuckler,music21.key.aardenessen,same_release_path_plus_note_hash_music21_consensus_v1,53664a7ef3eed4af690568e16a357a2f88698e7f0a05fe854316b884807534da
music21_98.mid,C,98,pop1k7:src_001:98,data/pop1k7_official/Pop1K7/midi_analyzed/src_001/98.mid,1e64c25912cc9ae7df111da2faa07b622024dab40d154348ecb17804b35433ed,data/pop1k7_official/Pop1K7/midi_synchronized/src_001/98.mid,f014cdb2aaf808c54c10708910359010df819b9430e734460a18eb9dc1cbbdc8,f74e9955cbbe83c3d7ecff01b98a867f2024cda924395325b8a927bc432a0d0e,0,0,music21.key.krumhanslschmuckler,music21.key.aardenessen,same_release_path_plus_note_hash_music21_consensus_v1,53664a7ef3eed4af690568e16a357a2f88698e7f0a05fe854316b884807534da
music21_99.mid,g,99,pop1k7:src_001:99,data/pop1k7_official/Pop1K7/midi_analyzed/src_001/99.mid,6c1162df0569762f764b2fa3d62f4b92e71f9941f013f545d723d99d8fd1db71,data/pop1k7_official/Pop1K7/midi_synchronized/src_001/99.mid,5a1238439e145a5f8dee8b7a299891d95cb8ad9d51ace465e721890de9b5dc36,2ccf49298298b9d24ad35e812a14a1864701d90d5223cfdde6ade0a15a6a2a6b,10,2,music21.key.krumhanslschmuckler,music21.key.aardenessen,same_release_path_plus_note_hash_music21_consensus_v1,53664a7ef3eed4af690568e16a357a2f88698e7f0a05fe854316b884807534da
music21_100.mid,Eb,100,pop1k7:src_001:100,data/pop1k7_official/Pop1K7/midi_analyzed/src_001/100.mid,501028c8e7f4f944c96e515063f41e3fe5ac484452aa3d7759b115abdef66f85,data/pop1k7_official/Pop1K7/midi_synchronized/src_001/100.mid,c047c4a53cc11714480ee8bca8b82661de8499e708a467cd64edad79c7a47727,3424f645a3e60d3e678f0ec23bc6236ffdf87c6f94c5da96e766b6400176ddd8,3,-3,music21.key.krumhanslschmuckler,music21.key.aardenessen,same_release_path_plus_note_hash_music21_consensus_v1,53664a7ef3eed4af690568e16a357a2f88698e7f0a05fe854316b884807534da
music21_101.mid,C,101,pop1k7:src_001:101,data/pop1k7_official/Pop1K7/midi_analyzed/src_001/101.mid,c4d95ba122c66484357c06b3eaf83513861059eed8ada4aeaea7095443318bbc,data/pop1k7_official/Pop1K7/midi_synchronized/src_001/101.mid,45d6e3e72c1a618ab128aba38194c4c9e87d1e876bbf4a5f4fe9e8922e0c26e2,e6941e51795f485ac05c82128b141ab25cc3f6e17b316de418e490d42595c8ed,0,0,music21.key.krumhanslschmuckler,music21.key.aardenessen,same_release_path_plus_note_hash_music21_consensus_v1,53664a7ef3eed4af690568e16a357a2f88698e7f0a05fe854316b884807534da
music21_102.mid,C,102,pop1k7:src_001:102,data/pop1k7_official/Pop1K7/midi_analyzed/src_001/102.mid,e2ba6a92bc6d2e60fea96f853c934063508079124c29d559c2336c31a7f64cf9,data/pop1k7_official/Pop1K7/midi_synchronized/src_001/102.mid,e7ab67400b22a0d16f54f3fb60b6d66711416981d6135dec0ee82996281c3692,737e4d93606b66238912237022745870a844dafa650932806923de9f4298caf2,0,0,music21.key.krumhanslschmuckler,music21.key.aardenessen,same_release_path_plus_note_hash_music21_consensus_v1,53664a7ef3eed4af690568e16a357a2f88698e7f0a05fe854316b884807534da
music21_103.mid,F#,103,pop1k7:src_001:103,data/pop1k7_official/Pop1K7/midi_analyzed/src_001/103.mid,0c9e0026190836120b164c94a8a512794ef22866725554f88b1f04a18fe83342,data/pop1k7_official/Pop1K7/midi_synchronized/src_001/103.mid,3d0a3b4ffd7161254f46306e822f728a0462f1d19d0c24c074366057fa2daed9,f00c10df55e95944fc7f5a8d0341c21d909da545a0b91e0ee559c1685b0b04ff,6,6,music21.key.krumhanslschmuckler,music21.key.aardenessen,same_release_path_plus_note_hash_music21_consensus_v1,53664a7ef3eed4af690568e16a357a2f88698e7f0a05fe854316b884807534da
music21_104.mid,f,104,pop1k7:src_001:104,data/pop1k7_official/Pop1K7/midi_analyzed/src_001/104.mid,1bef996a9303f76b633649de067eb00a9215d531b398c78135ad6ade26e714e0,data/pop1k7_official/Pop1K7/midi_synchronized/src_001/104.mid,4d2820c1df2b041508b34d95b78f3fcf4db59bb2bbe814d467556aa47708b47d,4d682f8ffb49bf50d15e62c00cfcaa96c05f57b3f5cdcf63498d68a849dfadaa,8,4,music21.key.krumhanslschmuckler,music21.key.aardenessen,same_release_path_plus_note_hash_music21_consensus_v1,53664a7ef3eed4af690568e16a357a2f88698e7f0a05fe854316b884807534da
music21_105.mid,e,105,pop1k7:src_001:105,data/pop1k7_official/Pop1K7/midi_analyzed/src_001/105.mid,3afb84c5f8bd12242aef8d7546def17d7efc35312608563c2763eb01b3edb115,data/pop1k7_official/Pop1K7/midi_synchronized/src_001/105.mid,a019ea0a4d444b2e15e4cafa324be5d9ce692fa6a82bef4b22765e420dfba957,505b5b563661e9baf7426a9afd8ff2de03ca744364ec75552865b0076c78cc38,7,5,music21.key.krumhanslschmuckler,music21.key.aardenessen,same_release_path_plus_note_hash_music21_consensus_v1,53664a7ef3eed4af690568e16a357a2f88698e7f0a05fe854316b884807534da
music21_107.mid,C,107,pop1k7:src_001:107,data/pop1k7_official/Pop1K7/midi_analyzed/src_001/107.mid,51306aa0c7602d53369d8207a033d13508eacf2e9e4ff8278e8501d49f9f4e30,data/pop1k7_official/Pop1K7/midi_synchronized/src_001/107.mid,67099b9ef9ad7ac7f4908de60a2976afc29754af8e733fb2363250daa127e346,b7c47d17463c40d32aa6788ac0ac4c588767c07dd36ec44b840947bd038e1b3f,0,0,music21.key.krumhanslschmuckler,music21.key.aardenessen,same_release_path_plus_note_hash_music21_consensus_v1,53664a7ef3eed4af690568e16a357a2f88698e7f0a05fe854316b884807534da
music21_108.mid,B,108,pop1k7:src_001:108,data/pop1k7_official/Pop1K7/midi_analyzed/src_001/108.mid,dfe43756ed6cb762948881a26f7e02c264c6133c6adf2180a9f33c59141b9c56,data/pop1k7_official/Pop1K7/midi_synchronized/src_001/108.mid,e7a3e67ffd356d6576dc686064960dc33dca7ccfa2969ebb6d3c4e1109ab761e,d212889d5c36d1e4c9a4ac77edeeb1d858b36b1c4c77a1cdd234661f8768fc20,11,1,music21.key.krumhanslschmuckler,music21.key.aardenessen,same_release_path_plus_note_hash_music21_consensus_v1,53664a7ef3eed4af690568e16a357a2f88698e7f0a05fe854316b884807534da
music21_109.mid,e,109,pop1k7:src_001:109,data/pop1k7_official/Pop1K7/midi_analyzed/src_001/109.mid,7490d250805d6fa5d7664a91728ba735f9b08a6034238ca5822ba3124eb4b447,data/pop1k7_official/Pop1K7/midi_synchronized/src_001/109.mid,287cec7a41d364f6016bbaed1846400ea04cc46ffbba2a6b8cdf5909913f399e,2e3b38de3fa8d3323b47c3f149dff8b7a90ca384409b8c45a3e4bcc5930d5762,7,5,music21.key.krumhanslschmuckler,music21.key.aardenessen,same_release_path_plus_note_hash_music21_consensus_v1,53664a7ef3eed4af690568e16a357a2f88698e7f0a05fe854316b884807534da
music21_111.mid,g,111,pop1k7:src_002:111,data/pop1k7_official/Pop1K7/midi_analyzed/src_002/111.mid,2db119071659b8bbd5faf11b5e61135db0495090fa930ddcbe8c9ed0b4681ba7,data/pop1k7_official/Pop1K7/midi_synchronized/src_002/111.mid,674a37b5cdefdbf02de01aac3fda76ea7a3b1e41794aea2cf3b6053793698138,81c984b02515bce5119477cd443f621bbf2724f284addeaca6e0d0105abb1727,10,2,music21.key.krumhanslschmuckler,music21.key.aardenessen,same_release_path_plus_note_hash_music21_consensus_v1,53664a7ef3eed4af690568e16a357a2f88698e7f0a05fe854316b884807534da
music21_113.mid,e,113,pop1k7:src_002:113,data/pop1k7_official/Pop1K7/midi_analyzed/src_002/113.mid,53b464dd860a6282965fdf60e7799abbe484bf36de7e53ce84b883c9f84c23bc,data/pop1k7_official/Pop1K7/midi_synchronized/src_002/113.mid,7105580620ea9244d074d76ae81798df3b25bd9e5c8cfe87b10493babe8a4805,b6aa8fe1f0e4e2eccac2e3004cc573c22155e80bb9a7299359ec252b6be95c1d,7,5,music21.key.krumhanslschmuckler,music21.key.aardenessen,same_release_path_plus_note_hash_music21_consensus_v1,53664a7ef3eed4af690568e16a357a2f88698e7f0a05fe854316b884807534da
music21_114.mid,e,114,pop1k7:src_002:114,data/pop1k7_official/Pop1K7/midi_analyzed/src_002/114.mid,b91364cab1291abd27d0cc2debd802795b7ae34a9bf9c56bef3b5f18acb6d157,data/pop1k7_official/Pop1K7/midi_synchronized/src_002/114.mid,57276a401f03a7380a3365c492064f687f881671acf697d2e03c2f71b479424a,02b0f10935d5f7bea51ed3cd6148b6fb07d499eb7aca51cec18a174816b98e5c,7,5,music21.key.krumhanslschmuckler,music21.key.aardenessen,same_release_path_plus_note_hash_music21_consensus_v1,53664a7ef3eed4af690568e16a357a2f88698e7f0a05fe854316b884807534da
music21_115.mid,f#,115,pop1k7:src_002:115,data/pop1k7_official/Pop1K7/midi_analyzed/src_002/115.mid,a1f7e6faa8f7e747f71f36f8c2dbe7461037e835660bd4b93ba8f1bc77ba9a33,data/pop1k7_official/Pop1K7/midi_synchronized/src_002/115.mid,d35499b5982b44a2cc34aa95e18857f2f38efcc1d310fac478240d8f2f842b29,382929622c50e270861f01bd4d641919cd2fc1caa96d715d6f54ff9b394daa70,9,3,music21.key.krumhanslschmuckler,music21.key.aardenessen,same_release_path_plus_note_hash_music21_consensus_v1,53664a7ef3eed4af690568e16a357a2f88698e7f0a05fe854316b884807534da
music21_116.mid,E,116,pop1k7:src_002:116,data/pop1k7_official/Pop1K7/midi_analyzed/src_002/116.mid,12f8eef0a6d8e783f2a86fbad69dd615ec9d6c02c3c74e2e43c40577df239bb1,data/pop1k7_official/Pop1K7/midi_synchronized/src_002/116.mid,50e0778fcd0f30a565bf26ea7fa16ea70c3ccf259e559e383488f24ca6f1c534,c838f32cd63745f4ea49e115f5ca625dcb7cedb72fa57eb811643d2d1791ba95,4,-4,music21.key.krumhanslschmuckler,music21.key.aardenessen,same_release_path_plus_note_hash_music21_consensus_v1,53664a7ef3eed4af690568e16a357a2f88698e7f0a05fe854316b884807534da
music21_117.mid,C#,117,pop1k7:src_002:117,data/pop1k7_official/Pop1K7/midi_analyzed/src_002/117.mid,c0c5601d41b8d3a985c8269f4d13bcccd5974d1a229e90bebedfffc76269a5a6,data/pop1k7_official/Pop1K7/midi_synchronized/src_002/117.mid,ce9ffdce9aa9ac7a5450b04c89ed7c37e396518eaacd1b058d9d46e4b6b386c3,b78f7415aaab15b6aae45cedb0d480eefd7e86b52e02f4f8cfe40193bc82ce6e,1,-1,music21.key.krumhanslschmuckler,music21.key.aardenessen,same_release_path_plus_note_hash_music21_consensus_v1,53664a7ef3eed4af690568e16a357a2f88698e7f0a05fe854316b884807534da
music21_118.mid,A,118,pop1k7:src_002:118,data/pop1k7_official/Pop1K7/midi_analyzed/src_002/118.mid,852fb3d1912cbf253c839d064e6bfd4574a0079872a313fde560ed8c3301d351,data/pop1k7_official/Pop1K7/midi_synchronized/src_002/118.mid,8ec4a457098d6dbef06c8424bc43dcb8f4df840dab37f54cf7004afb4a317263,aef584b01258be0ed05d7610b62f31b4d12a825e381b4fa1360b03c1f69cc90d,9,3,music21.key.krumhanslschmuckler,music21.key.aardenessen,same_release_path_plus_note_hash_music21_consensus_v1,53664a7ef3eed4af690568e16a357a2f88698e7f0a05fe854316b884807534da
music21_119.mid,E,119,pop1k7:src_002:119,data/pop1k7_official/Pop1K7/midi_analyzed/src_002/119.mid,2dfd88a6bbd04e649417ae27322288fd8d64c0f34cb203654686a1c7e5225254,data/pop1k7_official/Pop1K7/midi_synchronized/src_002/119.mid,58fdc654f0157699f548d0de4c6d2f20f2051538c23e31c412266d903144ebfb,bc23a7add06070a2df7369cf9ce1087abeadf57533341ab2a14a809e08cc368f,4,-4,music21.key.krumhanslschmuckler,music21.key.aardenessen,same_release_path_plus_note_hash_music21_consensus_v1,53664a7ef3eed4af690568e16a357a2f88698e7f0a05fe854316b884807534da
music21_120.mid,d,120,pop1k7:src_002:120,data/pop1k7_official/Pop1K7/midi_analyzed/src_002/120.mid,631178d2b5a680c7cf554a831b834b51e22f949063094f8598412fa6783d1da3,data/pop1k7_official/Pop1K7/midi_synchronized/src_002/120.mid,be31cb0437fd7e71ac4ce138f4683c79db8cc48d3e106b6f9130fc03e8424ff2,51791ba52f2cb8f426a1b9741e6efa03fda5f8cac08da6aad4c72801c1cd1ede,5,-5,music21.key.krumhanslschmuckler,music21.key.aardenessen,same_release_path_plus_note_hash_music21_consensus_v1,53664a7ef3eed4af690568e16a357a2f88698e7f0a05fe854316b884807534da
music21_121.mid,C#,121,pop1k7:src_002:121,data/pop1k7_official/Pop1K7/midi_analyzed/src_002/121.mid,99b5bcaa3de6a05d2240a763c1b2cb923e3db04f887e3b35d5e5c936a8f958c3,data/pop1k7_official/Pop1K7/midi_synchronized/src_002/121.mid,ff68de48e8989b9942d706a1e6ee1097ff20730b86c77557f11e976e43b5b19c,fc7ccdd99a1a62f538577211665fca1c4bdf88bc1b0d94ee6d7211317cbdc719,1,-1,music21.key.krumhanslschmuckler,music21.key.aardenessen,same_release_path_plus_note_hash_music21_consensus_v1,53664a7ef3eed4af690568e16a357a2f88698e7f0a05fe854316b884807534da
music21_122.mid,C#,122,pop1k7:src_002:122,data/pop1k7_official/Pop1K7/midi_analyzed/src_002/122.mid,ed46d5946224ff012ddf6b257e8a8126b34994042d1c1715e37acfc3eafc12bd,data/pop1k7_official/Pop1K7/midi_synchronized/src_002/122.mid,b5f3c4c429e9194736a4281da69bfea76e0ad8476469215662e91418f2e7d44e,d51c30df33f3929d5d92bd922e3cdd9dacdd656ac8d733c8494fd9b3f9c6f28a,1,-1,music21.key.krumhanslschmuckler,music21.key.aardenessen,same_release_path_plus_note_hash_music21_consensus_v1,53664a7ef3eed4af690568e16a357a2f88698e7f0a05fe854316b884807534da
music21_123.mid,c#,123,pop1k7:src_002:123,data/pop1k7_official/Pop1K7/midi_analyzed/src_002/123.mid,68085c45cb2a14f8dfe868da4fbad5ad1ca312bbbace8a8bce0a09a16ad3274e,data/pop1k7_official/Pop1K7/midi_synchronized/src_002/123.mid,aedaedb92094382576ce76b1864419b767155b5fa732bba0cdab038f1538da5b,45f01abf1ab7d54d3a091b214fdfa31917725fb78f3fd6fa35fe6710e5ac2785,4,-4,music21.key.krumhanslschmuckler,music21.key.aardenessen,same_release_path_plus_note_hash_music21_consensus_v1,53664a7ef3eed4af690568e16a357a2f88698e7f0a05fe854316b884807534da
music21_124.mid,e,124,pop1k7:src_002:124,data/pop1k7_official/Pop1K7/midi_analyzed/src_002/124.mid,b93efc78f879df3d90b8f53ea8f39b18bed37333deeca056def30bb6e88b7748,data/pop1k7_official/Pop1K7/midi_synchronized/src_002/124.mid,956144ca34671c70cc29394bb4410bc254362225eb7d972c68e1985c6fc3a9df,ddf22df8e4037262b8d2d66b24471aeeba603d67ea6345754b8dff7398faf999,7,5,music21.key.krumhanslschmuckler,music21.key.aardenessen,same_release_path_plus_note_hash_music21_consensus_v1,53664a7ef3eed4af690568e16a357a2f88698e7f0a05fe854316b884807534da
music21_125.mid,Ab,125,pop1k7:src_002:125,data/pop1k7_official/Pop1K7/midi_analyzed/src_002/125.mid,d4100b3718c7c42781b16a587cca5c311f72bc2dd1e43e81998d3f41b6106bc2,data/pop1k7_official/Pop1K7/midi_synchronized/src_002/125.mid,4e78bce17d3de5b898fcdfbffd05031084ba591e6f4b5d10984736d5082e72ce,a01bd78c81c68550aab975855e0ee30da059db879af1b918921135f4771210e1,8,4,music21.key.krumhanslschmuckler,music21.key.aardenessen,same_release_path_plus_note_hash_music21_consensus_v1,53664a7ef3eed4af690568e16a357a2f88698e7f0a05fe854316b884807534da
music21_126.mid,D,126,pop1k7:src_002:126,data/pop1k7_official/Pop1K7/midi_analyzed/src_002/126.mid,9185e368c9087a5571d1afb400bee1d791ff2ef83e50ed6c07b77b59d975760c,data/pop1k7_official/Pop1K7/midi_synchronized/src_002/126.mid,3ead4fcb12e6d6f9f25dbd4be74512e0d99466935540769f0d502467b3858e4a,1e39f9812499e17617da402e2b651d4515f5bee5f04572719198fae02635f419,2,-2,music21.key.krumhanslschmuckler,music21.key.aardenessen,same_release_path_plus_note_hash_music21_consensus_v1,53664a7ef3eed4af690568e16a357a2f88698e7f0a05fe854316b884807534da
music21_128.mid,B,128,pop1k7:src_002:128,data/pop1k7_official/Pop1K7/midi_analyzed/src_002/128.mid,10f6e87679977f896a2becf63d450dfa820e454ca5e7d6a81579c618417b9fcb,data/pop1k7_official/Pop1K7/midi_synchronized/src_002/128.mid,decc072e56167675059df403dd985b367ae55849260b779ae8cf044341ad795d,8580d5caf86aed01d7d37cb4c4b7caad2efec40438296636b435c938c9e8ff3a,11,1,music21.key.krumhanslschmuckler,music21.key.aardenessen,same_release_path_plus_note_hash_music21_consensus_v1,53664a7ef3eed4af690568e16a357a2f88698e7f0a05fe854316b884807534da
music21_131.mid,C#,131,pop1k7:src_002:131,data/pop1k7_official/Pop1K7/midi_analyzed/src_002/131.mid,88b79b89cb47b1313f5f77a4d9d0bdf389b4a90ef986a921fc6517adb53a2559,data/pop1k7_official/Pop1K7/midi_synchronized/src_002/131.mid,b842bb04665c08dc06fe7cadd92773040d6e3d5478d28dd56e50e60daf591c1f,bcb7ad0d4eb899df7a7babbd1d2b7747f39025e3113c01881163d02fce2a42f5,1,-1,music21.key.krumhanslschmuckler,music21.key.aardenessen,same_release_path_plus_note_hash_music21_consensus_v1,53664a7ef3eed4af690568e16a357a2f88698e7f0a05fe854316b884807534da
music21_132.mid,Eb,132,pop1k7:src_002:132,data/pop1k7_official/Pop1K7/midi_analyzed/src_002/132.mid,f631663f509b9bf6e897bae1e882517fb6db3de7192eba4985681e8ac5aa0776,data/pop1k7_official/Pop1K7/midi_synchronized/src_002/132.mid,bef4bee1cfe1e4f98d035a6c3ce14bed2a07c299565df5c51a96d5e04d01e082,3719f71019a07311e45c5d79f80a83d913a74097034fb8e51109a0e88f3d331f,3,-3,music21.key.krumhanslschmuckler,music21.key.aardenessen,same_release_path_plus_note_hash_music21_consensus_v1,53664a7ef3eed4af690568e16a357a2f88698e7f0a05fe854316b884807534da
music21_133.mid,C#,133,pop1k7:src_002:133,data/pop1k7_official/Pop1K7/midi_analyzed/src_002/133.mid,0ed162865f6a7e53ce701a224ae4e32b37b1558dccacdc7c173c75e268a7595b,data/pop1k7_official/Pop1K7/midi_synchronized/src_002/133.mid,6425e777cc6f45ce139432e2352eb1c292f4da400f9cb2354be72b207c5fea82,b00240af9400db89e0c7190a8c96da94f3bd650914261753a7745b62daf920a1,1,-1,music21.key.krumhanslschmuckler,music21.key.aardenessen,same_release_path_plus_note_hash_music21_consensus_v1,53664a7ef3eed4af690568e16a357a2f88698e7f0a05fe854316b884807534da
music21_134.mid,Eb,134,pop1k7:src_002:134,data/pop1k7_official/Pop1K7/midi_analyzed/src_002/134.mid,6977f66fe633a2ff835099e1f966940679df1fe344cc7f2436856a7ce534ae7b,data/pop1k7_official/Pop1K7/midi_synchronized/src_002/134.mid,7cf83e9736c1263ab44270bbb2393a5fa22a2d4f03c3352c16b67a9556b613be,d9288261495c0a3326fe886c5eb001b8158e2e620175822e41afa5d6b3cec08b,3,-3,music21.key.krumhanslschmuckler,music21.key.aardenessen,same_release_path_plus_note_hash_music21_consensus_v1,53664a7ef3eed4af690568e16a357a2f88698e7f0a05fe854316b884807534da
music21_136.mid,ab,136,pop1k7:src_002:136,data/pop1k7_official/Pop1K7/midi_analyzed/src_002/136.mid,508fe0e332cdf262a7d40f582137e512d450b5168e85fd4c670d59f2b3f4f6d2,data/pop1k7_official/Pop1K7/midi_synchronized/src_002/136.mid,60a3ba6f1c5a5d8f4a79524a05d6d59387344aa37c3ee80678021bd7b7995ffc,433468f6a7d4d59ddda3e11c864d449137ebe4792c3c4f1554ed6f52add44e7b,11,1,music21.key.krumhanslschmuckler,music21.key.aardenessen,same_release_path_plus_note_hash_music21_consensus_v1,53664a7ef3eed4af690568e16a357a2f88698e7f0a05fe854316b884807534da
music21_137.mid,Eb,137,pop1k7:src_002:137,data/pop1k7_official/Pop1K7/midi_analyzed/src_002/137.mid,513cee1aa6d657e68ee5fffe6e26ac1fb5599b65802f9280caa29b1e997a195b,data/pop1k7_official/Pop1K7/midi_synchronized/src_002/137.mid,dd680c02a039d7bbaec8d38b3d900352b7cd10dfaf402b3cb20d26dc00e7f7f0,22fa5b24eacd52842a386db3de7c7a14c28d722c253b618001402a3a60f762e4,3,-3,music21.key.krumhanslschmuckler,music21.key.aardenessen,same_release_path_plus_note_hash_music21_consensus_v1,53664a7ef3eed4af690568e16a357a2f88698e7f0a05fe854316b884807534da
music21_138.mid,F,138,pop1k7:src_002:138,data/pop1k7_official/Pop1K7/midi_analyzed/src_002/138.mid,2a2462cb01795268e1f9af55d593a2f6a7170fc1957c4d0355f68b643ec87d20,data/pop1k7_official/Pop1K7/midi_synchronized/src_002/138.mid,5380520ffb4ddf8fe8e769bd7cdf00f495c22634e0803ac51ef1de1b988703db,8673b20880d508bb428707090c2e5355f6e9485b8e963dc78fea918bcca03413,5,-5,music21.key.krumhanslschmuckler,music21.key.aardenessen,same_release_path_plus_note_hash_music21_consensus_v1,53664a7ef3eed4af690568e16a357a2f88698e7f0a05fe854316b884807534da
music21_139.mid,D,139,pop1k7:src_002:139,data/pop1k7_official/Pop1K7/midi_analyzed/src_002/139.mid,2a8cb70c71402446fec86309275d29fb223ca6e0c0ab60d473d4a1d867bd88bc,data/pop1k7_official/Pop1K7/midi_synchronized/src_002/139.mid,c95cecb3881b7d1b08f499c149b9ff400a86c70238adb67e3fc0fc28ab948399,d776057cc6883a5442fe991931c9a70fa1e69da64757eb7a6539e4294080471c,2,-2,music21.key.krumhanslschmuckler,music21.key.aardenessen,same_release_path_plus_note_hash_music21_consensus_v1,53664a7ef3eed4af690568e16a357a2f88698e7f0a05fe854316b884807534da
music21_140.mid,d,140,pop1k7:src_002:140,data/pop1k7_official/Pop1K7/midi_analyzed/src_002/140.mid,f6d31f84160f523de471d1ceb75910e5a9e1e9c9d64e2f61299ad372e636c6f0,data/pop1k7_official/Pop1K7/midi_synchronized/src_002/140.mid,e565915632ff51288f80da3b19ca731db0e272c0d83665daa991ad5a21a7f138,0169d0b822c979efc4b179e040a6959866bbfbf95265035ad707f19275e56551,5,-5,music21.key.krumhanslschmuckler,music21.key.aardenessen,same_release_path_plus_note_hash_music21_consensus_v1,53664a7ef3eed4af690568e16a357a2f88698e7f0a05fe854316b884807534da
music21_142.mid,F,142,pop1k7:src_002:142,data/pop1k7_official/Pop1K7/midi_analyzed/src_002/142.mid,e77a7b349e9a21d4cfbdc332aba568397580a39724a6e8fe0801d70a55ebf843,data/pop1k7_official/Pop1K7/midi_synchronized/src_002/142.mid,346ae96423078b1c5e999b79927f66dc4029e686cab6b5f5a5be6c700a4e3e3b,9a01f48eb261920f49fdf43154e33df10a9086636f42484675c2ec28678809db,5,-5,music21.key.krumhanslschmuckler,music21.key.aardenessen,same_release_path_plus_note_hash_music21_consensus_v1,53664a7ef3eed4af690568e16a357a2f88698e7f0a05fe854316b884807534da
music21_143.mid,f,143,pop1k7:src_002:143,data/pop1k7_official/Pop1K7/midi_analyzed/src_002/143.mid,99731f19a72ca7780f193c3550148e26ec11137efa83feaf8240b1375d38d8e5,data/pop1k7_official/Pop1K7/midi_synchronized/src_002/143.mid,344810236b1f0602d765ad54092396594b0dbfec81a1ac1da22131dea9a5dfcf,7eebeb29f215041541cdd651bceffdee2bb282b61daec8869c0d965832d0b96b,8,4,music21.key.krumhanslschmuckler,music21.key.aardenessen,same_release_path_plus_note_hash_music21_consensus_v1,53664a7ef3eed4af690568e16a357a2f88698e7f0a05fe854316b884807534da
music21_144.mid,f,144,pop1k7:src_002:144,data/pop1k7_official/Pop1K7/midi_analyzed/src_002/144.mid,148d806b8ae5f3fbac42f2e4e4d2706d127353375cf7094967941b4c3302f1b4,data/pop1k7_official/Pop1K7/midi_synchronized/src_002/144.mid,fc326c7aa33daefa28221825c8c7164eda1dd4d8519d8d5db96f2b72ae0b6683,6f7a0466dbfe0015160e1fd3d1aa48e7a25194bd0ba8023553217d5d98e16c50,8,4,music21.key.krumhanslschmuckler,music21.key.aardenessen,same_release_path_plus_note_hash_music21_consensus_v1,53664a7ef3eed4af690568e16a357a2f88698e7f0a05fe854316b884807534da
music21_145.mid,D,145,pop1k7:src_002:145,data/pop1k7_official/Pop1K7/midi_analyzed/src_002/145.mid,20d7a7b25b7553a66b0d59f0b1b238d0fa96f8434663dcfa5d74fe3ed201a60e,data/pop1k7_official/Pop1K7/midi_synchronized/src_002/145.mid,12d5423cb9be97c77eb3a8e59f15d12183bc2d1d94b63ac0b45bde1afe2d93f5,8e84c134d04b76f45946eb6213498f66ac4e9c43ed346f93772dca13b23d52c2,2,-2,music21.key.krumhanslschmuckler,music21.key.aardenessen,same_release_path_plus_note_hash_music21_consensus_v1,53664a7ef3eed4af690568e16a357a2f88698e7f0a05fe854316b884807534da
music21_146.mid,c#,146,pop1k7:src_002:146,data/pop1k7_official/Pop1K7/midi_analyzed/src_002/146.mid,285021aecd736a60c7dabdb6fbf3831e49659bbb47bb9953a6c04d82627931e0,data/pop1k7_official/Pop1K7/midi_synchronized/src_002/146.mid,dc442126a2fa0db5afc2d03a10754285b5047c6200c9e8892e67e3ce7c51dd8b,137de4f51c0faba8eed75c2b71ab9dd14cd983a6b41ffe38e7ffdf67e055c5e2,4,-4,music21.key.krumhanslschmuckler,music21.key.aardenessen,same_release_path_plus_note_hash_music21_consensus_v1,53664a7ef3eed4af690568e16a357a2f88698e7f0a05fe854316b884807534da
music21_147.mid,Ab,147,pop1k7:src_002:147,data/pop1k7_official/Pop1K7/midi_analyzed/src_002/147.mid,ce7446a833103f3a0696de7aaaa2ff32736dbfec1f55f809395713b11a42bc46,data/pop1k7_official/Pop1K7/midi_synchronized/src_002/147.mid,55612d616ea8f3ed28dc0311218f94a982cbacf97da6029d7f489a237cc5d3dd,c1da57a7e1e8c5c276583b52b4c0345d0120cd2cf70e4a37b96b7fa3640189b7,8,4,music21.key.krumhanslschmuckler,music21.key.aardenessen,same_release_path_plus_note_hash_music21_consensus_v1,53664a7ef3eed4af690568e16a357a2f88698e7f0a05fe854316b884807534da
music21_148.mid,E,148,pop1k7:src_002:148,data/pop1k7_official/Pop1K7/midi_analyzed/src_002/148.mid,70113e1a706257f1b030d229fa19c8e7815c8f2716e52edbea97272f27f757d8,data/pop1k7_official/Pop1K7/midi_synchronized/src_002/148.mid,11f4da8d5185faed7c326dd3525d7ecaa9d51f82e3b8204f7e9e6c55bc9064c8,ff5a342a6b2f4aa60d10214c8cbe9344bccad44edc2fa097c22b6f8f8d746c44,4,-4,music21.key.krumhanslschmuckler,music21.key.aardenessen,same_release_path_plus_note_hash_music21_consensus_v1,53664a7ef3eed4af690568e16a357a2f88698e7f0a05fe854316b884807534da
music21_149.mid,F,149,pop1k7:src_002:149,data/pop1k7_official/Pop1K7/midi_analyzed/src_002/149.mid,7f29b815e6102de66eb537a8aae98ba7555c5712fb87aec31b67992a29b6b39b,data/pop1k7_official/Pop1K7/midi_synchronized/src_002/149.mid,b8b0748c6f1603adb7aac7516a21a87fa59ade00f9829aa0d99b2492bb556a34,9daffb81fccf3e445202ce1ada95fe5f270a1e0d10b8abae876b4aaa629c27da,5,-5,music21.key.krumhanslschmuckler,music21.key.aardenessen,same_release_path_plus_note_hash_music21_consensus_v1,53664a7ef3eed4af690568e16a357a2f88698e7f0a05fe854316b884807534da
music21_150.mid,a,150,pop1k7:src_002:150,data/pop1k7_official/Pop1K7/midi_analyzed/src_002/150.mid,0205ea0f7810a24dd5ec4bf273f492d49799af740c4b5ad7d8f3bb0bc804c59e,data/pop1k7_official/Pop1K7/midi_synchronized/src_002/150.mid,b38287a6e5a2c127d771d90ee0667ef571ed05d4b525df7b481c07766d42d596,dbdf98d53dcd90a462809e9efcbb410643e77ff22f0d430d36a80a4a4e6606eb,0,0,music21.key.krumhanslschmuckler,music21.key.aardenessen,same_release_path_plus_note_hash_music21_consensus_v1,53664a7ef3eed4af690568e16a357a2f88698e7f0a05fe854316b884807534da
music21_151.mid,c#,151,pop1k7:src_002:151,data/pop1k7_official/Pop1K7/midi_analyzed/src_002/151.mid,ba9e93690c1fd4ef9cb45abb33eb7361908151dff0fb33779bb89bc23a1b3ae2,data/pop1k7_official/Pop1K7/midi_synchronized/src_002/151.mid,df1d987c45bc939119ae2868c85d02e218da9f405aece97152160cd8e7e99660,7975d486718beba516a60520ddfbbdf64f9c7f775b05d04e3af7f6a269f73c3e,4,-4,music21.key.krumhanslschmuckler,music21.key.aardenessen,same_release_path_plus_note_hash_music21_consensus_v1,53664a7ef3eed4af690568e16a357a2f88698e7f0a05fe854316b884807534da
music21_152.mid,f,152,pop1k7:src_002:152,data/pop1k7_official/Pop1K7/midi_analyzed/src_002/152.mid,6847c4fbdee1eec9df7c567c44615ae5893b043eb7688e125377fc528107c245,data/pop1k7_official/Pop1K7/midi_synchronized/src_002/152.mid,a1914872e498f00395cce55fe2993e3fcdab56b3bce67681ada78b1fd209b2a3,c94138aa0672390122b8440d6c82574408c0b9036f3e07ee0fdf878825c92613,8,4,music21.key.krumhanslschmuckler,music21.key.aardenessen,same_release_path_plus_note_hash_music21_consensus_v1,53664a7ef3eed4af690568e16a357a2f88698e7f0a05fe854316b884807534da
music21_153.mid,F#,153,pop1k7:src_002:153,data/pop1k7_official/Pop1K7/midi_analyzed/src_002/153.mid,9b59d35593b79ebea5cffc4bdd8b354191b0dabad8962dc26a3dc11e05bc0260,data/pop1k7_official/Pop1K7/midi_synchronized/src_002/153.mid,c0329c08e8d2244e7700daa1ad172a0c4f47406cae285766929d2f005466222f,1adf90370f8904d4e22b9cdd4efc662b9aa2036d6888a2fc0885ae0ef301f818,6,6,music21.key.krumhanslschmuckler,music21.key.aardenessen,same_release_path_plus_note_hash_music21_consensus_v1,53664a7ef3eed4af690568e16a357a2f88698e7f0a05fe854316b884807534da
music21_154.mid,G,154,pop1k7:src_002:154,data/pop1k7_official/Pop1K7/midi_analyzed/src_002/154.mid,730654d7c40db3fe48327922ff71c91644b1303cf2506c84b64efbb587c41113,data/pop1k7_official/Pop1K7/midi_synchronized/src_002/154.mid,aba3dcfd8bbb5ef6fda308932bb69f69f956de4d5c9e4cd044efa45ae9c12fbe,bc79bd7d99ef3dca6bff37612f3831072068bb03e1e5e0525b9ee9a833e33f2d,7,5,music21.key.krumhanslschmuckler,music21.key.aardenessen,same_release_path_plus_note_hash_music21_consensus_v1,53664a7ef3eed4af690568e16a357a2f88698e7f0a05fe854316b884807534da
music21_156.mid,C#,156,pop1k7:src_002:156,data/pop1k7_official/Pop1K7/midi_analyzed/src_002/156.mid,bfcf6d8494ee694066abda49d5af508c68fe44ad93336a8fb072660e59d8543e,data/pop1k7_official/Pop1K7/midi_synchronized/src_002/156.mid,3df7b904842ee1753aa281eedd3fd6cc80c47989c6a687b3bd55a621d35d3f1d,1c4fe4474cd0b5efac40bc68995a1d77a6de5376581e321e6c4b18cba3320970,1,-1,music21.key.krumhanslschmuckler,music21.key.aardenessen,same_release_path_plus_note_hash_music21_consensus_v1,53664a7ef3eed4af690568e16a357a2f88698e7f0a05fe854316b884807534da
music21_157.mid,Ab,157,pop1k7:src_002:157,data/pop1k7_official/Pop1K7/midi_analyzed/src_002/157.mid,31b32cd48f2370041d352f3a55861340cedb3d20c23a97da287e99a05e884a61,data/pop1k7_official/Pop1K7/midi_synchronized/src_002/157.mid,6507721cb3fae6da12d77a7520926e2e8d62b732587082942268c6f2d3b81743,cbece93ec0807faa80535293a43032bab93a832537ddcd0a06702736f2503188,8,4,music21.key.krumhanslschmuckler,music21.key.aardenessen,same_release_path_plus_note_hash_music21_consensus_v1,53664a7ef3eed4af690568e16a357a2f88698e7f0a05fe854316b884807534da
music21_160.mid,bb,160,pop1k7:src_002:160,data/pop1k7_official/Pop1K7/midi_analyzed/src_002/160.mid,75a8aeb561d3167188248a1c2876e32adb208b013176247eda1f78c5eb7768b7,data/pop1k7_official/Pop1K7/midi_synchronized/src_002/160.mid,dfd595cff20f902a51bcd51ad7499e9c3ea414403432aca720da75c8e5c23540,2f5486097abe3abdc65f0a0944789d925e75e1e783b81f63f90249a0d96571f6,1,-1,music21.key.krumhanslschmuckler,music21.key.aardenessen,same_release_path_plus_note_hash_music21_consensus_v1,53664a7ef3eed4af690568e16a357a2f88698e7f0a05fe854316b884807534da
music21_161.mid,Eb,161,pop1k7:src_002:161,data/pop1k7_official/Pop1K7/midi_analyzed/src_002/161.mid,2eb41519e2494d5c7af0768ed768cfaaba283f2b0bb458c12952d182174b945c,data/pop1k7_official/Pop1K7/midi_synchronized/src_002/161.mid,eaf4d3fb6229615dbdd092c2c86e54d88460b45152a78a15c14e08c724f38e3b,0ed822515d1efeaf99454c8b4f755aba59efa3fdad59aaa427b47e7741fbc572,3,-3,music21.key.krumhanslschmuckler,music21.key.aardenessen,same_release_path_plus_note_hash_music21_consensus_v1,53664a7ef3eed4af690568e16a357a2f88698e7f0a05fe854316b884807534da
music21_162.mid,Eb,162,pop1k7:src_002:162,data/pop1k7_official/Pop1K7/midi_analyzed/src_002/162.mid,9ddedd25333986ef7a896c21aa12068eb946318d4962822990a71891caaf03b3,data/pop1k7_official/Pop1K7/midi_synchronized/src_002/162.mid,7c7c08a3156473da9efbeaf347d0db92f44128668a07d8e52ab12572f23dd5e0,e81d40d780ff2f1a5162bba5503e208e399020c66ea213a4eca56f7d853945f6,3,-3,music21.key.krumhanslschmuckler,music21.key.aardenessen,same_release_path_plus_note_hash_music21_consensus_v1,53664a7ef3eed4af690568e16a357a2f88698e7f0a05fe854316b884807534da
music21_164.mid,E,164,pop1k7:src_002:164,data/pop1k7_official/Pop1K7/midi_analyzed/src_002/164.mid,74b945678119473f1dbc476877909021be792128442efcaed58ba192a8481373,data/pop1k7_official/Pop1K7/midi_synchronized/src_002/164.mid,3165fdae788a5375b267089e11b55a9ba158c14c809aa13b78b136c991616b09,57eeabfe46463388c5d605c4870432c7eca7aa1d75aec327132032d2c6181049,4,-4,music21.key.krumhanslschmuckler,music21.key.aardenessen,same_release_path_plus_note_hash_music21_consensus_v1,53664a7ef3eed4af690568e16a357a2f88698e7f0a05fe854316b884807534da
music21_165.mid,Eb,165,pop1k7:src_002:165,data/pop1k7_official/Pop1K7/midi_analyzed/src_002/165.mid,236cf8828fdf2670db19c084c73e4c650f00ba90d2684186d2de009e9d513de7,data/pop1k7_official/Pop1K7/midi_synchronized/src_002/165.mid,5c689eccef292a26f768254593e6330c795f65ecea0718a398ff91d62c21b204,5d1f8ab284172082d26b71486a7cc36ce02c8ef81cfd03d12dc7e7cfd4d424db,3,-3,music21.key.krumhanslschmuckler,music21.key.aardenessen,same_release_path_plus_note_hash_music21_consensus_v1,53664a7ef3eed4af690568e16a357a2f88698e7f0a05fe854316b884807534da
music21_166.mid,G,166,pop1k7:src_002:166,data/pop1k7_official/Pop1K7/midi_analyzed/src_002/166.mid,a082bfeeb7550e0843bf47cddfcd61cdc13474cdac2127d657cffd9c0aa13619,data/pop1k7_official/Pop1K7/midi_synchronized/src_002/166.mid,c24f097ea7e6bfcf3555b2f7b151ff8e8947fb37e06921d11d8af6847756ed7b,c4eaa409da2f3e05aafe809074d3b876ec815f2b4fc76f188e77620ec39d5efe,7,5,music21.key.krumhanslschmuckler,music21.key.aardenessen,same_release_path_plus_note_hash_music21_consensus_v1,53664a7ef3eed4af690568e16a357a2f88698e7f0a05fe854316b884807534da
music21_168.mid,D,168,pop1k7:src_002:168,data/pop1k7_official/Pop1K7/midi_analyzed/src_002/168.mid,e59872dbaeeae0cc12c38a60e75a6d2b85f322f7c9f43c90d5456c460df46fdc,data/pop1k7_official/Pop1K7/midi_synchronized/src_002/168.mid,7efbeb777a957863ee61e78446aab472758e917e1a960d06baae159c00cdd9ea,369873b381477b63d16b40b5e4669487c6178164123db5202a3553c60bf16f4b,2,-2,music21.key.krumhanslschmuckler,music21.key.aardenessen,same_release_path_plus_note_hash_music21_consensus_v1,53664a7ef3eed4af690568e16a357a2f88698e7f0a05fe854316b884807534da
music21_171.mid,Eb,171,pop1k7:src_002:171,data/pop1k7_official/Pop1K7/midi_analyzed/src_002/171.mid,b1e4c6584e4a50064907a48a47c7e1971b0888da96f76433d4ba104a4c7af91a,data/pop1k7_official/Pop1K7/midi_synchronized/src_002/171.mid,f7c29da6f4750439824054308a4519328d474dafa3747906e93ef5238735e733,cdaea1322ac7a93c1759cccb2bce0841387c3fb416f63b9d7586e99eeff2bc50,3,-3,music21.key.krumhanslschmuckler,music21.key.aardenessen,same_release_path_plus_note_hash_music21_consensus_v1,53664a7ef3eed4af690568e16a357a2f88698e7f0a05fe854316b884807534da
music21_173.mid,Eb,173,pop1k7:src_002:173,data/pop1k7_official/Pop1K7/midi_analyzed/src_002/173.mid,c3c0330eac5df8a22d8f63efbdf7bb623bc60fc4d0d55c377e36d123e2e2accf,data/pop1k7_official/Pop1K7/midi_synchronized/src_002/173.mid,a2830305ca71287d5b4a97001e8f1b2bd932dee4bb5937963ed2492088f8dc15,efaddd297a8548ae88ec846762e62a02820d551f323d192e9010b62784d58a93,3,-3,music21.key.krumhanslschmuckler,music21.key.aardenessen,same_release_path_plus_note_hash_music21_consensus_v1,53664a7ef3eed4af690568e16a357a2f88698e7f0a05fe854316b884807534da
music21_174.mid,Eb,174,pop1k7:src_002:174,data/pop1k7_official/Pop1K7/midi_analyzed/src_002/174.mid,70ccde7070dbd72eba1d985fa499d29005caa187df58931ef812f2b405396d49,data/pop1k7_official/Pop1K7/midi_synchronized/src_002/174.mid,e61361f5f109a5bf6e292fec080440bf0118fc5e1a4c29e1668127dd49a25348,2471d31fa2138f60d63834cc49c273382c7261daf0e0a1ee4778a125379e7208,3,-3,music21.key.krumhanslschmuckler,music21.key.aardenessen,same_release_path_plus_note_hash_music21_consensus_v1,53664a7ef3eed4af690568e16a357a2f88698e7f0a05fe854316b884807534da
music21_176.mid,Eb,176,pop1k7:src_002:176,data/pop1k7_official/Pop1K7/midi_analyzed/src_002/176.mid,0ea82f82d8939ee35fb643d816756a4da26908c3775be090d16d54b4616534e4,data/pop1k7_official/Pop1K7/midi_synchronized/src_002/176.mid,a4b75a03dd755152d6647affb32e834a398509082f15c68f1929493df2439466,809848d2587f07aa823e1eef254be56e67f19c316570306b24c654d726fed478,3,-3,music21.key.krumhanslschmuckler,music21.key.aardenessen,same_release_path_plus_note_hash_music21_consensus_v1,53664a7ef3eed4af690568e16a357a2f88698e7f0a05fe854316b884807534da
music21_177.mid,bb,177,pop1k7:src_002:177,data/pop1k7_official/Pop1K7/midi_analyzed/src_002/177.mid,f3f6f4af363ba9d5d55631a2e3c26ec2697599cd7815bec9729f6ddbb811e3c7,data/pop1k7_official/Pop1K7/midi_synchronized/src_002/177.mid,69198c13f9841080d735db183038ecfd1987717fbe9b349705ab7c7105d184dc,5a3d1415e7a235104d7f7e16b6afa657c45085f4372a42154165731cf3e47838,1,-1,music21.key.krumhanslschmuckler,music21.key.aardenessen,same_release_path_plus_note_hash_music21_consensus_v1,53664a7ef3eed4af690568e16a357a2f88698e7f0a05fe854316b884807534da
music21_178.mid,Eb,178,pop1k7:src_002:178,data/pop1k7_official/Pop1K7/midi_analyzed/src_002/178.mid,7c8d528a85a060fa5e4826966cb9ee68d5ca1e8f574ff1bfc03e065e1274ee7e,data/pop1k7_official/Pop1K7/midi_synchronized/src_002/178.mid,2d1cba5b8dcfad707f760887b622ae4e079fa39d64319469da1fa76ac2173db8,f12c43ac150fdeeb68813d30cd5cb70d0406ed34cf76d19ae9abe6243b0a0e96,3,-3,music21.key.krumhanslschmuckler,music21.key.aardenessen,same_release_path_plus_note_hash_music21_consensus_v1,53664a7ef3eed4af690568e16a357a2f88698e7f0a05fe854316b884807534da
music21_180.mid,c,180,pop1k7:src_002:180,data/pop1k7_official/Pop1K7/midi_analyzed/src_002/180.mid,68dbe1d9733872f3de47c7a9ebc68fecf502758b48809fba06e39eb29239b704,data/pop1k7_official/Pop1K7/midi_synchronized/src_002/180.mid,2c61ad75177a5681bdfef9289a75bd2313161bf2ef53abb046ec546df45bef73,043490538151619da98925fe9f9fda67ff76cc0b880f9f744f81ff6a99f001bc,3,-3,music21.key.krumhanslschmuckler,music21.key.aardenessen,same_release_path_plus_note_hash_music21_consensus_v1,53664a7ef3eed4af690568e16a357a2f88698e7f0a05fe854316b884807534da
music21_181.mid,f,181,pop1k7:src_002:181,data/pop1k7_official/Pop1K7/midi_analyzed/src_002/181.mid,ef64c158273a20d93c43fa622480fdf71a486d14dc25966ef3c29a7f2866c784,data/pop1k7_official/Pop1K7/midi_synchronized/src_002/181.mid,17eee127c532788c0776159aab83cd7d28cb644b18fcb8f475791777b49d87fa,c23b53f06c6d21680542ce33f5658750be2a31de33da5fae642f189e82aaf349,8,4,music21.key.krumhanslschmuckler,music21.key.aardenessen,same_release_path_plus_note_hash_music21_consensus_v1,53664a7ef3eed4af690568e16a357a2f88698e7f0a05fe854316b884807534da
music21_182.mid,c,182,pop1k7:src_002:182,data/pop1k7_official/Pop1K7/midi_analyzed/src_002/182.mid,85aa4b0c041cadfe2e867150a087ddab34fad7c4c864955b83efc437c976f00a,data/pop1k7_official/Pop1K7/midi_synchronized/src_002/182.mid,379686aad196a448f232f9535c216d7e8895f48bd4f9d421f349b5b58242c852,13e55498db99a220898585eff1105d2a8db420034ecdcad549879167607c8838,3,-3,music21.key.krumhanslschmuckler,music21.key.aardenessen,same_release_path_plus_note_hash_music21_consensus_v1,53664a7ef3eed4af690568e16a357a2f88698e7f0a05fe854316b884807534da
music21_183.mid,Eb,183,pop1k7:src_002:183,data/pop1k7_official/Pop1K7/midi_analyzed/src_002/183.mid,afef3cdeffa65a75a4efcdf814ae2c88cbe93f556a143ad8a0bcc5ac4935a2f8,data/pop1k7_official/Pop1K7/midi_synchronized/src_002/183.mid,0519e6fefcd9b67342dfb7d9903b6175615a9e61419f416fa3f2a28cfe6bccf8,400aa553f72b42888a03843a0f0efcf24c7da384cfe69e71bb4fc9b15efb0fe6,3,-3,music21.key.krumhanslschmuckler,music21.key.aardenessen,same_release_path_plus_note_hash_music21_consensus_v1,53664a7ef3eed4af690568e16a357a2f88698e7f0a05fe854316b884807534da
music21_187.mid,c,187,pop1k7:src_002:187,data/pop1k7_official/Pop1K7/midi_analyzed/src_002/187.mid,dd3613358e4a39773972652859936feab413c86a7525477fa5907e4e33b29885,data/pop1k7_official/Pop1K7/midi_synchronized/src_002/187.mid,897561a79cdbfa7b199814424c2c78d95d2065bb82cef7ab290a0039dfd7e25a,348a693f9638b401684226532d88e115abb8a15a0d398d906460501ead2f3ba9,3,-3,music21.key.krumhanslschmuckler,music21.key.aardenessen,same_release_path_plus_note_hash_music21_consensus_v1,53664a7ef3eed4af690568e16a357a2f88698e7f0a05fe854316b884807534da
music21_188.mid,E,188,pop1k7:src_002:188,data/pop1k7_official/Pop1K7/midi_analyzed/src_002/188.mid,19553d65344c1c1f3a5fc5a47617e4eae58dc7a7b7cd175268b03b374295a5af,data/pop1k7_official/Pop1K7/midi_synchronized/src_002/188.mid,d0d0c8c00c10e6f86c293a243db4ca7b0024602a557c6793959ce7454fc5e329,1126cd567cffd0fc63393d3e3d64e80c6a672910c4b8b6b1d7e8d662a9817d4d,4,-4,music21.key.krumhanslschmuckler,music21.key.aardenessen,same_release_path_plus_note_hash_music21_consensus_v1,53664a7ef3eed4af690568e16a357a2f88698e7f0a05fe854316b884807534da
music21_189.mid,F,189,pop1k7:src_002:189,data/pop1k7_official/Pop1K7/midi_analyzed/src_002/189.mid,463399ef220db61fe6dbcb1ade5e6740a861c0a9d2e94ea6fe88f84d319141b0,data/pop1k7_official/Pop1K7/midi_synchronized/src_002/189.mid,e3464c154343ff24f016ebdc7f18ee2282d026c8bfe915938991cbdbcf18d1b5,118d27e10f0908a5ac637b9a5734be7433e35f6ae1244e49cabefd426f5edc9f,5,-5,music21.key.krumhanslschmuckler,music21.key.aardenessen,same_release_path_plus_note_hash_music21_consensus_v1,53664a7ef3eed4af690568e16a357a2f88698e7f0a05fe854316b884807534da
music21_190.mid,A,190,pop1k7:src_002:190,data/pop1k7_official/Pop1K7/midi_analyzed/src_002/190.mid,87df2a369d3b32f64b5999d99186f07cc0f549b7a3915004a40efd02489bc401,data/pop1k7_official/Pop1K7/midi_synchronized/src_002/190.mid,b84ff17fb05774e54f87094c1a73ca361b1907e7799778846be5aeeaa31b40db,2755d561a4f7c562d9805d17677858610c7e7137f52630f7ab5e6f5c863b30d5,9,3,music21.key.krumhanslschmuckler,music21.key.aardenessen,same_release_path_plus_note_hash_music21_consensus_v1,53664a7ef3eed4af690568e16a357a2f88698e7f0a05fe854316b884807534da
music21_192.mid,a,192,pop1k7:src_002:192,data/pop1k7_official/Pop1K7/midi_analyzed/src_002/192.mid,73a49dd43a67d24f1366eda54be3cf592c4647e6ab748cf2b3853e813f10e171,data/pop1k7_official/Pop1K7/midi_synchronized/src_002/192.mid,ba1bb047430697bb1deef931621172b00aa4a7869b2d17c0c22a60dbff328588,2833afecb606c37a6c168c747d3ee1f8738c8a1f3c6a7bd8283d76ae5fa497fa,0,0,music21.key.krumhanslschmuckler,music21.key.aardenessen,same_release_path_plus_note_hash_music21_consensus_v1,53664a7ef3eed4af690568e16a357a2f88698e7f0a05fe854316b884807534da
music21_193.mid,Bb,193,pop1k7:src_002:193,data/pop1k7_official/Pop1K7/midi_analyzed/src_002/193.mid,eb6630be66d1ebe8b522b634d3381fd36b2af27734cb51d4e1f65e92f936c7ca,data/pop1k7_official/Pop1K7/midi_synchronized/src_002/193.mid,e632fa9cec2c6d5e71a16f36ee6d5387495bf807f6fe8bd0ecc6354a4e26c545,7f18c458dd9da5b19c956116ffbd77b5f8c90bb7626700aaba6edf79ea50c6b0,10,2,music21.key.krumhanslschmuckler,music21.key.aardenessen,same_release_path_plus_note_hash_music21_consensus_v1,53664a7ef3eed4af690568e16a357a2f88698e7f0a05fe854316b884807534da
music21_194.mid,Eb,194,pop1k7:src_002:194,data/pop1k7_official/Pop1K7/midi_analyzed/src_002/194.mid,10cbef8d9f2df2bcd660c2b1e9a11dc963b4f55753c309d6e9313e06302f6538,data/pop1k7_official/Pop1K7/midi_synchronized/src_002/194.mid,d8a03796bb343307f54b833a90ca0b29b492b5ec8a160aa523b940fbb26248fc,002f59bcfbf5fee20c9096f063bff4ab63e9b4855e650fa21e29f3e2bd015665,3,-3,music21.key.krumhanslschmuckler,music21.key.aardenessen,same_release_path_plus_note_hash_music21_consensus_v1,53664a7ef3eed4af690568e16a357a2f88698e7f0a05fe854316b884807534da
music21_195.mid,eb,195,pop1k7:src_002:195,data/pop1k7_official/Pop1K7/midi_analyzed/src_002/195.mid,0d3c71b786461803024e4cb6f1c016d936255a8f6efaf485b959d4e3275abf2f,data/pop1k7_official/Pop1K7/midi_synchronized/src_002/195.mid,5c905337a11a504846c38ec5c1bf03dc3975f651cf3948a7b921b77145db7972,eb1a9ae3e8fdd3055e792812ebb31cb1f8d68931e9b5be1e01a79820a57e5ef4,6,6,music21.key.krumhanslschmuckler,music21.key.aardenessen,same_release_path_plus_note_hash_music21_consensus_v1,53664a7ef3eed4af690568e16a357a2f88698e7f0a05fe854316b884807534da
music21_197.mid,C#,197,pop1k7:src_002:197,data/pop1k7_official/Pop1K7/midi_analyzed/src_002/197.mid,502d307aed5187916868276780738db698ac97c82243e8d0aca8d0bcfdfd1415,data/pop1k7_official/Pop1K7/midi_synchronized/src_002/197.mid,2a13d2bd6d56c85c2b7bf2b379b84b4a0030df1ca2ca7eb6bbf4847675041027,bd79ae112ca14e4cf576576d2eb079b37efe32bb09be1c41c0d6f9ced2388e8e,1,-1,music21.key.krumhanslschmuckler,music21.key.aardenessen,same_release_path_plus_note_hash_music21_consensus_v1,53664a7ef3eed4af690568e16a357a2f88698e7f0a05fe854316b884807534da
music21_198.mid,Ab,198,pop1k7:src_002:198,data/pop1k7_official/Pop1K7/midi_analyzed/src_002/198.mid,25fc4bd545a8e9fc8298e124e6957c8b28e171722318c690425ff685b393c042,data/pop1k7_official/Pop1K7/midi_synchronized/src_002/198.mid,4ac6948fe11f441cedc6ca356b1c0ed9919c218e89893e299b25eb2d99347574,7af3dcc0a8c52f2b3b32df1e414a9e400e520c27946671923840c680a6e1f079,8,4,music21.key.krumhanslschmuckler,music21.key.aardenessen,same_release_path_plus_note_hash_music21_consensus_v1,53664a7ef3eed4af690568e16a357a2f88698e7f0a05fe854316b884807534da
music21_199.mid,B,199,pop1k7:src_002:199,data/pop1k7_official/Pop1K7/midi_analyzed/src_002/199.mid,055566cd1ce3e537276f10117987bcb4ec9e0e496372eab8ed7ce5a911328900,data/pop1k7_official/Pop1K7/midi_synchronized/src_002/199.mid,01e302c96db6adc717b440408c23af30f19ec85915c512d7ddfbd2e19441dcc7,772abd5e1151946a37718050d6899ffab5bf31aafd4c24ad3c74e90e65bc14a7,11,1,music21.key.krumhanslschmuckler,music21.key.aardenessen,same_release_path_plus_note_hash_music21_consensus_v1,53664a7ef3eed4af690568e16a357a2f88698e7f0a05fe854316b884807534da
music21_201.mid,g,201,pop1k7:src_002:201,data/pop1k7_official/Pop1K7/midi_analyzed/src_002/201.mid,7613e497d998656f996800846ed8ba0f8d2c706238acb7b1dfa9dd589298710b,data/pop1k7_official/Pop1K7/midi_synchronized/src_002/201.mid,4b9a79401d1006ae19f737562d7b433546350e138a643edd496fda0329a47e0f,f3e823b8209dd94ebeb73d2e995fbe97037cb71a8b889708c29d3a7b6d5d4751,10,2,music21.key.krumhanslschmuckler,music21.key.aardenessen,same_release_path_plus_note_hash_music21_consensus_v1,53664a7ef3eed4af690568e16a357a2f88698e7f0a05fe854316b884807534da
music21_202.mid,g,202,pop1k7:src_002:202,data/pop1k7_official/Pop1K7/midi_analyzed/src_002/202.mid,57b2e8fe95aadc4fa635a6b4547696dbba14175297660c9b4e96e3fa637dbf54,data/pop1k7_official/Pop1K7/midi_synchronized/src_002/202.mid,c57b26db7daa080f8c71d753add1b45dc5940ecd857adea1e6650af63bf4b00a,27a6ebb337775fb92c8c8449d8c252ecbb5fc6a05e586e409966ac565262fb32,10,2,music21.key.krumhanslschmuckler,music21.key.aardenessen,same_release_path_plus_note_hash_music21_consensus_v1,53664a7ef3eed4af690568e16a357a2f88698e7f0a05fe854316b884807534da
music21_203.mid,Ab,203,pop1k7:src_002:203,data/pop1k7_official/Pop1K7/midi_analyzed/src_002/203.mid,48e8811a71e9e37570fc04cc0159749d11aa0e48d3cec480c2c1ead12ebab833,data/pop1k7_official/Pop1K7/midi_synchronized/src_002/203.mid,a74f86b5524d7d70852d870ac09cd42351cf4556a1f304c1b2312de2cf96492b,88a0d3b25d99c8afd0d092a58c4e4b45ba1586e6556708aa9b23f8c1a2a1b652,8,4,music21.key.krumhanslschmuckler,music21.key.aardenessen,same_release_path_plus_note_hash_music21_consensus_v1,53664a7ef3eed4af690568e16a357a2f88698e7f0a05fe854316b884807534da
music21_204.mid,b,204,pop1k7:src_002:204,data/pop1k7_official/Pop1K7/midi_analyzed/src_002/204.mid,fb01989c9731a8e4da7b460bb0659cdcc60cd0fd62c32284214ddd986d60b8cb,data/pop1k7_official/Pop1K7/midi_synchronized/src_002/204.mid,5759ec07cec61520d1d738cc0834c0e5ae333d9ee5227219a8e5be29101ed8e2,bd9fe5257ad30e7680a2ea479d84fdfeacf274a0f949e1cbc7989bf7e7c9d35c,2,-2,music21.key.krumhanslschmuckler,music21.key.aardenessen,same_release_path_plus_note_hash_music21_consensus_v1,53664a7ef3eed4af690568e16a357a2f88698e7f0a05fe854316b884807534da
music21_205.mid,Eb,205,pop1k7:src_002:205,data/pop1k7_official/Pop1K7/midi_analyzed/src_002/205.mid,a806239fd0719810a1247ccd7bcbdcc5a24746d9eea9ba22dc4a0a1cde77c428,data/pop1k7_official/Pop1K7/midi_synchronized/src_002/205.mid,416784fc453796aa9da899739331ba33e1a927c568ab8fd8b20b953080045a68,d07ad07e8c9eecd9dd7b92823c74666fc03d13f1b879d4386c9a1e7cb3da8912,3,-3,music21.key.krumhanslschmuckler,music21.key.aardenessen,same_release_path_plus_note_hash_music21_consensus_v1,53664a7ef3eed4af690568e16a357a2f88698e7f0a05fe854316b884807534da
music21_206.mid,F,206,pop1k7:src_002:206,data/pop1k7_official/Pop1K7/midi_analyzed/src_002/206.mid,37b84ce896a12cf46fd3c5b53082f37a34be096ea0396ee26bc10bb2234fbfb8,data/pop1k7_official/Pop1K7/midi_synchronized/src_002/206.mid,0400c191eb1aa510237664bc21f5c335a2d5a1ddd0c8190977c861a6c32ec548,b7cff046d37de12a741b3d675f58d931f4cc8f76f5e5e6945190b441c0867fba,5,-5,music21.key.krumhanslschmuckler,music21.key.aardenessen,same_release_path_plus_note_hash_music21_consensus_v1,53664a7ef3eed4af690568e16a357a2f88698e7f0a05fe854316b884807534da
music21_208.mid,Eb,208,pop1k7:src_002:208,data/pop1k7_official/Pop1K7/midi_analyzed/src_002/208.mid,f6421b9aa2b7389d4770f2e3b932c7b0461515913b0453ce0d5ab495c0ab8e5f,data/pop1k7_official/Pop1K7/midi_synchronized/src_002/208.mid,0e6c2ec2a3b20bce3bc02592edbe5b417ad4df166ccfda8dae7d51a8c7195581,1a5c94c411b15a6ef6f2bc0c6bb3d7a5a9248550616dd91b06d45b49254d04ec,3,-3,music21.key.krumhanslschmuckler,music21.key.aardenessen,same_release_path_plus_note_hash_music21_consensus_v1,53664a7ef3eed4af690568e16a357a2f88698e7f0a05fe854316b884807534da
music21_209.mid,Eb,209,pop1k7:src_002:209,data/pop1k7_official/Pop1K7/midi_analyzed/src_002/209.mid,ee4f46d767aee0006a86b5275a320ff2dd3d8c512ca4fdca07fb4ffdaae99980,data/pop1k7_official/Pop1K7/midi_synchronized/src_002/209.mid,fc9d55be4be5e92a48d7ae240c44ae02604c9da614a933b5587d7aefd9ed39f5,611d4ef5905cf8deac54366991ae25214d60d43b4f1f18d237e6ccc89dafa3e2,3,-3,music21.key.krumhanslschmuckler,music21.key.aardenessen,same_release_path_plus_note_hash_music21_consensus_v1,53664a7ef3eed4af690568e16a357a2f88698e7f0a05fe854316b884807534da
music21_211.mid,C,211,pop1k7:src_002:211,data/pop1k7_official/Pop1K7/midi_analyzed/src_002/211.mid,da52528d58d94689657591a4853c303b59080d2f28fdd5ef53abb0b4ec109388,data/pop1k7_official/Pop1K7/midi_synchronized/src_002/211.mid,aef43d3297a68ee3099be6ad3593384d0a024d48c53fecf1c5de02ac4bd3df21,cecd0ac176230a6eb48578304a9bfded32f553f38ba40a1aeef264466b3208bc,0,0,music21.key.krumhanslschmuckler,music21.key.aardenessen,same_release_path_plus_note_hash_music21_consensus_v1,53664a7ef3eed4af690568e16a357a2f88698e7f0a05fe854316b884807534da
music21_213.mid,F#,213,pop1k7:src_002:213,data/pop1k7_official/Pop1K7/midi_analyzed/src_002/213.mid,fe07298a3298a28101d5e1778e68e15cf6125b972e437bacf11a68e31a7ffd99,data/pop1k7_official/Pop1K7/midi_synchronized/src_002/213.mid,0ed96642d7bd7cef03e49263b4ac5f82de8fb5cb540705b28d733769cbc8d077,a87d282b5449f8d1f9cbeb9318e5b8fe1c3f72d7fe1227808a0ea97a2d164c67,6,6,music21.key.krumhanslschmuckler,music21.key.aardenessen,same_release_path_plus_note_hash_music21_consensus_v1,53664a7ef3eed4af690568e16a357a2f88698e7f0a05fe854316b884807534da
music21_215.mid,d,215,pop1k7:src_002:215,data/pop1k7_official/Pop1K7/midi_analyzed/src_002/215.mid,6066872d04cdd88547c483f98433d6a0a6d44f8d7efe518247d62b268aa57c2f,data/pop1k7_official/Pop1K7/midi_synchronized/src_002/215.mid,9a0c02ab4bf6a06a1f18b37241748910e53da5881c19867be21618cbdc86405c,37acf6e71a0f50970f92fc55666ea7f1968f3944c6f67aa649897a68c7f798ca,5,-5,music21.key.krumhanslschmuckler,music21.key.aardenessen,same_release_path_plus_note_hash_music21_consensus_v1,53664a7ef3eed4af690568e16a357a2f88698e7f0a05fe854316b884807534da
music21_216.mid,c,216,pop1k7:src_002:216,data/pop1k7_official/Pop1K7/midi_analyzed/src_002/216.mid,fd568fe88afce108b53eb9ab8cfbf393896d2cae284b88cde2461fac0956b114,data/pop1k7_official/Pop1K7/midi_synchronized/src_002/216.mid,14fbfafa1b0b7f0e433ba84c4a7e32ead011c6c161dcbd7ede0d3315a28fc972,3cd489b84b962d056c3c19964c1e51bcc1daa7cd9df36aa9312d0e0571b44d41,3,-3,music21.key.krumhanslschmuckler,music21.key.aardenessen,same_release_path_plus_note_hash_music21_consensus_v1,53664a7ef3eed4af690568e16a357a2f88698e7f0a05fe854316b884807534da
music21_217.mid,e,217,pop1k7:src_002:217,data/pop1k7_official/Pop1K7/midi_analyzed/src_002/217.mid,7d2c436fe790ce304593f3424b323919c6231a68a3f74ed6b9cce84352727e29,data/pop1k7_official/Pop1K7/midi_synchronized/src_002/217.mid,d41169a33a3d64a9888c3b73eae939e0b17d7e0f56372d939261a21dc0788544,2e9ffafbf2525c1440a2f589981228b5f490d7a5239ac9572d173a9c71c46bd8,7,5,music21.key.krumhanslschmuckler,music21.key.aardenessen,same_release_path_plus_note_hash_music21_consensus_v1,53664a7ef3eed4af690568e16a357a2f88698e7f0a05fe854316b884807534da
music21_218.mid,f#,218,pop1k7:src_002:218,data/pop1k7_official/Pop1K7/midi_analyzed/src_002/218.mid,a08412590faf1e51ea268e71ed1ea9f4a111cf2d99d530ac645ec6d299da4d04,data/pop1k7_official/Pop1K7/midi_synchronized/src_002/218.mid,03eaf1aaa048c7ec3552c0d427f7054d8af7f269fb9627a99d869a4dcb411b7d,9e802d2748e250a9905b2e66df278bf7d1bffca58af401fad23660389c7e79a0,9,3,music21.key.krumhanslschmuckler,music21.key.aardenessen,same_release_path_plus_note_hash_music21_consensus_v1,53664a7ef3eed4af690568e16a357a2f88698e7f0a05fe854316b884807534da
music21_221.mid,C#,221,pop1k7:src_002:221,data/pop1k7_official/Pop1K7/midi_analyzed/src_002/221.mid,463f80bac768d92000e368c02650d04c855ac7e6580bbaa67dd31d2276970767,data/pop1k7_official/Pop1K7/midi_synchronized/src_002/221.mid,feef8a0ce05c8e74b4a9a7ccd5f26e78e2c4ca078d830bd36c0d16336d287812,340421229733760d42a7dfc2f2c280f2d0973b6e1670f03ac906f7fbb0463ed4,1,-1,music21.key.krumhanslschmuckler,music21.key.aardenessen,same_release_path_plus_note_hash_music21_consensus_v1,53664a7ef3eed4af690568e16a357a2f88698e7f0a05fe854316b884807534da
music21_222.mid,f#,222,pop1k7:src_002:222,data/pop1k7_official/Pop1K7/midi_analyzed/src_002/222.mid,85a53b8944e530320c2526bf297faa7ea0b007c6ec419abd8659ede1b09c9d2c,data/pop1k7_official/Pop1K7/midi_synchronized/src_002/222.mid,6813417c45d12e5c1c8f1438085e911b66f39040b4f8efdf658f759b6949862d,843872f3c435282e0e739c39e38a10a11c96631090ab9de19640d7709250f87c,9,3,music21.key.krumhanslschmuckler,music21.key.aardenessen,same_release_path_plus_note_hash_music21_consensus_v1,53664a7ef3eed4af690568e16a357a2f88698e7f0a05fe854316b884807534da
music21_223.mid,Eb,223,pop1k7:src_002:223,data/pop1k7_official/Pop1K7/midi_analyzed/src_002/223.mid,de92abb02bfc126ebd607069dbda9c2aab04153181472dfb661e2f7bf2985af9,data/pop1k7_official/Pop1K7/midi_synchronized/src_002/223.mid,9a2e33148488691e93051639ee3c5eb9b92dfb15871888aab82715bea0ad3642,c6c3b775b326b7024515695932ad7d60533a6fe3d38ac97505d703917b97d453,3,-3,music21.key.krumhanslschmuckler,music21.key.aardenessen,same_release_path_plus_note_hash_music21_consensus_v1,53664a7ef3eed4af690568e16a357a2f88698e7f0a05fe854316b884807534da
music21_224.mid,G,224,pop1k7:src_002:224,data/pop1k7_official/Pop1K7/midi_analyzed/src_002/224.mid,506523cbbb53385f304a1ace5a84f3969a8c1d31b1c670cbba5ded17ee49f9e8,data/pop1k7_official/Pop1K7/midi_synchronized/src_002/224.mid,443260a118a9df1f88f76385bb4b4932eccd218ea7fe701719fbc40fc20b87cd,c23c1a564f05c9306e61777be40c16c4819c80c500ecfb50a351a2ddd149802a,7,5,music21.key.krumhanslschmuckler,music21.key.aardenessen,same_release_path_plus_note_hash_music21_consensus_v1,53664a7ef3eed4af690568e16a357a2f88698e7f0a05fe854316b884807534da
music21_225.mid,d,225,pop1k7:src_002:225,data/pop1k7_official/Pop1K7/midi_analyzed/src_002/225.mid,1a4664dd87544dce2924280a9b5d18900d2f0842f040377030510dbe7489d6f0,data/pop1k7_official/Pop1K7/midi_synchronized/src_002/225.mid,09594217b6d54fb7073860c99a9fce9efbd8ce32474d1ffeaee0d47cddeb22fc,bc19f091c1ae80c4b292c4953c4d1579709b0b48de7dbe9def8416c26a982e0f,5,-5,music21.key.krumhanslschmuckler,music21.key.aardenessen,same_release_path_plus_note_hash_music21_consensus_v1,53664a7ef3eed4af690568e16a357a2f88698e7f0a05fe854316b884807534da
music21_226.mid,B,226,pop1k7:src_002:226,data/pop1k7_official/Pop1K7/midi_analyzed/src_002/226.mid,851f22eac40379fed0128cc40b44ac6eb5ce96b717844656a8a56e235e7629c8,data/pop1k7_official/Pop1K7/midi_synchronized/src_002/226.mid,1bf65fe909701c33fbe0e9f1d822a5f8327ed8304b9ac904a5b711dbeddbc311,8dc3d7ed99f76f936bb3a47cea9b6aab0ebcfbbe418b14d137f7a56055f8a8dd,11,1,music21.key.krumhanslschmuckler,music21.key.aardenessen,same_release_path_plus_note_hash_music21_consensus_v1,53664a7ef3eed4af690568e16a357a2f88698e7f0a05fe854316b884807534da
music21_227.mid,d,227,pop1k7:src_002:227,data/pop1k7_official/Pop1K7/midi_analyzed/src_002/227.mid,d2adc8d68c0012e786ecbbb613b48a93b58601e8c8a07ba636e21c36298f118c,data/pop1k7_official/Pop1K7/midi_synchronized/src_002/227.mid,4c5267746820af9932246c9b9000134b6a39fa657be3fec2b95612d7425fe353,21fe5dc1c747343e83873699ea3acd3db1cd3f8aefed5602a038f2990b30f5a3,5,-5,music21.key.krumhanslschmuckler,music21.key.aardenessen,same_release_path_plus_note_hash_music21_consensus_v1,53664a7ef3eed4af690568e16a357a2f88698e7f0a05fe854316b884807534da
music21_228.mid,G,228,pop1k7:src_002:228,data/pop1k7_official/Pop1K7/midi_analyzed/src_002/228.mid,057fde484bc9027dacc73bc78892495ad876982d3e122e01f2679059d2adb7b6,data/pop1k7_official/Pop1K7/midi_synchronized/src_002/228.mid,e910ceb346d44e0253ff26c7d461442fdf20ef890afe42e703458b97df871800,cd9e2d27f2524ed4aef9ef0df512f20424a49e44a69db862e301089267dc733d,7,5,music21.key.krumhanslschmuckler,music21.key.aardenessen,same_release_path_plus_note_hash_music21_consensus_v1,53664a7ef3eed4af690568e16a357a2f88698e7f0a05fe854316b884807534da
music21_229.mid,b,229,pop1k7:src_002:229,data/pop1k7_official/Pop1K7/midi_analyzed/src_002/229.mid,86dd7beba9f44018ab72341b0965cdff6b2fa0e86aee1bb45563c31b51ac6f63,data/pop1k7_official/Pop1K7/midi_synchronized/src_002/229.mid,0f482760307ca4ed3f395a128b04ca502d06ad039ab0d938fee230a9ce7c5fba,27aea85f23a8cc429a6033298ce53e8f7507babfa30fc3564a5f58f2175117f5,2,-2,music21.key.krumhanslschmuckler,music21.key.aardenessen,same_release_path_plus_note_hash_music21_consensus_v1,53664a7ef3eed4af690568e16a357a2f88698e7f0a05fe854316b884807534da
music21_230.mid,Eb,230,pop1k7:src_002:230,data/pop1k7_official/Pop1K7/midi_analyzed/src_002/230.mid,da5f22bf2a161a31c64e704a0596dd0885b66f292691e27b53920a26ae3ebb53,data/pop1k7_official/Pop1K7/midi_synchronized/src_002/230.mid,b715d86aab4d4c064105b82671ac265c02e16d944ea560bef5e9a63f12a12b31,1e9e7445371c9528a3861c574fd08149ac94dbc6aba4cfb91d395a1d0a99e9bf,3,-3,music21.key.krumhanslschmuckler,music21.key.aardenessen,same_release_path_plus_note_hash_music21_consensus_v1,53664a7ef3eed4af690568e16a357a2f88698e7f0a05fe854316b884807534da
music21_231.mid,F,231,pop1k7:src_002:231,data/pop1k7_official/Pop1K7/midi_analyzed/src_002/231.mid,4f5ceca5a6d15315fa522261b4172736563e9ac5d6a8a0cd9864e1c0f004b080,data/pop1k7_official/Pop1K7/midi_synchronized/src_002/231.mid,06fe8b90303cd5d5cba95be851a6079cdf033ea5083382c581ecbb9bf1743f6e,c2d538cbb1e245ecf19e851318a017e8fa46e2bb118ff8b90c9cb60cbcdb6112,5,-5,music21.key.krumhanslschmuckler,music21.key.aardenessen,same_release_path_plus_note_hash_music21_consensus_v1,53664a7ef3eed4af690568e16a357a2f88698e7f0a05fe854316b884807534da
music21_232.mid,Eb,232,pop1k7:src_002:232,data/pop1k7_official/Pop1K7/midi_analyzed/src_002/232.mid,19a9aedad0670b27a24af8e47ee7e5afbae5fe2f4e0dce2cc42e8d0daf8ccba7,data/pop1k7_official/Pop1K7/midi_synchronized/src_002/232.mid,59db61effab8c38a38d88d77291f4374967a4fefd7710d8c5a535264b1f17fd5,3912faed1b5fc7d4f50d45b00affebbd0ab651473615e107629ed7fa928ba154,3,-3,music21.key.krumhanslschmuckler,music21.key.aardenessen,same_release_path_plus_note_hash_music21_consensus_v1,53664a7ef3eed4af690568e16a357a2f88698e7f0a05fe854316b884807534da
music21_234.mid,G,234,pop1k7:src_002:234,data/pop1k7_official/Pop1K7/midi_analyzed/src_002/234.mid,4055039b5cfe6c6ce42777f1ae393016e7a889cce49b6a0c563e51cbe8fdbcb5,data/pop1k7_official/Pop1K7/midi_synchronized/src_002/234.mid,2ced350d3f4ef643077491a905ff69bd47663cc91f0b732ac322533c31248745,d6e413c4b099beed31cc0e68736b897372c7ed30f50bc47d92d6f72364f0dbe5,7,5,music21.key.krumhanslschmuckler,music21.key.aardenessen,same_release_path_plus_note_hash_music21_consensus_v1,53664a7ef3eed4af690568e16a357a2f88698e7f0a05fe854316b884807534da
music21_235.mid,F,235,pop1k7:src_002:235,data/pop1k7_official/Pop1K7/midi_analyzed/src_002/235.mid,72979c74daadbe65ddd679fa698ff62f5213828923b9e7b8cac6e68e9247a58e,data/pop1k7_official/Pop1K7/midi_synchronized/src_002/235.mid,8114f0e5125685fc699d6c44f3da5fdbcf5d155aa349e890f8ad7aaef50f5059,aa43241cd86d1e26ae0417819e990aa43e0a55f89a3f791fad441b4995a35da4,5,-5,music21.key.krumhanslschmuckler,music21.key.aardenessen,same_release_path_plus_note_hash_music21_consensus_v1,53664a7ef3eed4af690568e16a357a2f88698e7f0a05fe854316b884807534da
music21_237.mid,E,237,pop1k7:src_002:237,data/pop1k7_official/Pop1K7/midi_analyzed/src_002/237.mid,381caf1dcf45c974e38e6fff78a03806019612cd75b3ef835ffb7d6f48d220da,data/pop1k7_official/Pop1K7/midi_synchronized/src_002/237.mid,c56fc48905db6910c868db886b34cf852d48aaab3937b8844cc31fd2a7da32c4,e1154b53dbb66ed0df74e46458aef33a2172fa76073ea6e3223ff3dcbc66116a,4,-4,music21.key.krumhanslschmuckler,music21.key.aardenessen,same_release_path_plus_note_hash_music21_consensus_v1,53664a7ef3eed4af690568e16a357a2f88698e7f0a05fe854316b884807534da
music21_238.mid,d,238,pop1k7:src_002:238,data/pop1k7_official/Pop1K7/midi_analyzed/src_002/238.mid,20f1c46ee11370e9395dcfd171afb0f9e71ee6bdc0a463e368908e6bffca3e11,data/pop1k7_official/Pop1K7/midi_synchronized/src_002/238.mid,b78a5cf53c56bbcc19a4d943263f7320270a473cec5e75a69dba079579577e89,ebd9d0531893af8a4e1ed38e2c28ef28dccbc16e11ced9fd955d23bb89ff4045,5,-5,music21.key.krumhanslschmuckler,music21.key.aardenessen,same_release_path_plus_note_hash_music21_consensus_v1,53664a7ef3eed4af690568e16a357a2f88698e7f0a05fe854316b884807534da
music21_239.mid,C,239,pop1k7:src_002:239,data/pop1k7_official/Pop1K7/midi_analyzed/src_002/239.mid,5073f1c329845b02a26de4489c6e01b9dcd9dc0c64f69dacde8643321f38a1d4,data/pop1k7_official/Pop1K7/midi_synchronized/src_002/239.mid,79f531e6ce010c559f4dc9cbbfc87742029dc92779762a8bc538ba0a331e14fe,099d551f6a9e6520e5fb4afb21fa44a711380d9b8c5f314158fc443b96961415,0,0,music21.key.krumhanslschmuckler,music21.key.aardenessen,same_release_path_plus_note_hash_music21_consensus_v1,53664a7ef3eed4af690568e16a357a2f88698e7f0a05fe854316b884807534da
music21_240.mid,G,240,pop1k7:src_002:240,data/pop1k7_official/Pop1K7/midi_analyzed/src_002/240.mid,2a0b87a3ac1cea8590126c70c5128a1185a073e33b1e70c923a89b0dcc0ae343,data/pop1k7_official/Pop1K7/midi_synchronized/src_002/240.mid,aae3f8720f187e2ee603e32b602bddcb5dfe31946be3207cb883a62f14ae6de4,df0a85ee0754f98deb25e0ea0bb6e186ffef73c8b81bce8d549f7e525aa870c4,7,5,music21.key.krumhanslschmuckler,music21.key.aardenessen,same_release_path_plus_note_hash_music21_consensus_v1,53664a7ef3eed4af690568e16a357a2f88698e7f0a05fe854316b884807534da
music21_241.mid,E,241,pop1k7:src_002:241,data/pop1k7_official/Pop1K7/midi_analyzed/src_002/241.mid,7333bd9b2d85f789e150287212f4af974143f0206852afe0fd61509e709dd5d5,data/pop1k7_official/Pop1K7/midi_synchronized/src_002/241.mid,ade5677ee663cd17e42edbd50c9a7eeb2d4222d32de882db071f789272dc386f,e74332c767a38775cc7c5012346b84d407825aacde3749e07e350364f8d83dea,4,-4,music21.key.krumhanslschmuckler,music21.key.aardenessen,same_release_path_plus_note_hash_music21_consensus_v1,53664a7ef3eed4af690568e16a357a2f88698e7f0a05fe854316b884807534da
music21_242.mid,a,242,pop1k7:src_002:242,data/pop1k7_official/Pop1K7/midi_analyzed/src_002/242.mid,0cbd6e870591b73a7e96dbafcec15421c2a8e675e87d23514e0c62289c3013da,data/pop1k7_official/Pop1K7/midi_synchronized/src_002/242.mid,c80e3a87fcfca75d6d799a92a60c60561acb0a7c3e6a93242772d86c32a80ee2,eab56bed9f2c6b915ec83c434788e8a75752dcaf1bce3c369561126e181b2617,0,0,music21.key.krumhanslschmuckler,music21.key.aardenessen,same_release_path_plus_note_hash_music21_consensus_v1,53664a7ef3eed4af690568e16a357a2f88698e7f0a05fe854316b884807534da
music21_243.mid,Ab,243,pop1k7:src_002:243,data/pop1k7_official/Pop1K7/midi_analyzed/src_002/243.mid,f07c8ec13dedf291c938a76f476720e04b7282cece94aedba119f85fd5786d4c,data/pop1k7_official/Pop1K7/midi_synchronized/src_002/243.mid,4cfd7261a2ac462c7be318ce6a07273d721a38a7be434910add841e4bb38a37a,f37305df6efd824102703d2fa4d1245204bbf6dbd058cd3cad538f7a49eb4720,8,4,music21.key.krumhanslschmuckler,music21.key.aardenessen,same_release_path_plus_note_hash_music21_consensus_v1,53664a7ef3eed4af690568e16a357a2f88698e7f0a05fe854316b884807534da
music21_244.mid,D,244,pop1k7:src_002:244,data/pop1k7_official/Pop1K7/midi_analyzed/src_002/244.mid,a5d256ed0abb0da4413cede6a991ca2fdf87afd7d94f0f9c87fc23cbc6cca7b0,data/pop1k7_official/Pop1K7/midi_synchronized/src_002/244.mid,6f89e8f0d5c2400572a8676626cf83cc54cdb83db2270374950952e4c8c905b1,5e3c4f3049c126713f638f6e0a2c09da8129a6a09ec6951dfabd1800daf7b997,2,-2,music21.key.krumhanslschmuckler,music21.key.aardenessen,same_release_path_plus_note_hash_music21_consensus_v1,53664a7ef3eed4af690568e16a357a2f88698e7f0a05fe854316b884807534da
music21_247.mid,C,247,pop1k7:src_002:247,data/pop1k7_official/Pop1K7/midi_analyzed/src_002/247.mid,a6ef8018e8e562b5202d6d7fd2182f316c19d0c5866ccd5e81712039184bc12c,data/pop1k7_official/Pop1K7/midi_synchronized/src_002/247.mid,4245ca730e41ec851e7a484ff47be043cd450dd727c1489f33bd0f1010a4f975,d505d948b4e6b2792a125d0a98c1187b919dd8c7bd2b68f756856970c061d167,0,0,music21.key.krumhanslschmuckler,music21.key.aardenessen,same_release_path_plus_note_hash_music21_consensus_v1,53664a7ef3eed4af690568e16a357a2f88698e7f0a05fe854316b884807534da
music21_248.mid,C,248,pop1k7:src_002:248,data/pop1k7_official/Pop1K7/midi_analyzed/src_002/248.mid,9e1390744ad7eab4889a18b74559dc4c1e45d777fd598de8b8b5959850a845f8,data/pop1k7_official/Pop1K7/midi_synchronized/src_002/248.mid,774cb7b9369c00f282a9f0b5f2daa4ac8f81eb787abc7989aa4acaba277f8bed,4033a83c6615500e47afd72784dc196bc35e7a87b649f7f832d180033ab7d566,0,0,music21.key.krumhanslschmuckler,music21.key.aardenessen,same_release_path_plus_note_hash_music21_consensus_v1,53664a7ef3eed4af690568e16a357a2f88698e7f0a05fe854316b884807534da
music21_249.mid,G,249,pop1k7:src_002:249,data/pop1k7_official/Pop1K7/midi_analyzed/src_002/249.mid,c3e36fe2a4cc13051dd3afb34c95d7d039d67b308dfce1ba3f44e4e2089585ef,data/pop1k7_official/Pop1K7/midi_synchronized/src_002/249.mid,825175bf74ca38f684f6ac2e5f75460eed33de60809c35533843e360bc591809,488c2248b81d2a10e34f19193eeb2b476ab901f950d325d5944973bbd1a99a79,7,5,music21.key.krumhanslschmuckler,music21.key.aardenessen,same_release_path_plus_note_hash_music21_consensus_v1,53664a7ef3eed4af690568e16a357a2f88698e7f0a05fe854316b884807534da
music21_253.mid,F,253,pop1k7:src_002:253,data/pop1k7_official/Pop1K7/midi_analyzed/src_002/253.mid,1eaa496909029eae5d26e43eca32d1244f65e5d9b7c42fe1190edac3c14c59af,data/pop1k7_official/Pop1K7/midi_synchronized/src_002/253.mid,91cbdd9b47ccc39ae92566e17502de197a4ac6543c71336c2ddbde5bc86696bc,dfb442187328687599d4d751297ddfe541cfb88ac61f71d394a3d1a8a5e8cd45,5,-5,music21.key.krumhanslschmuckler,music21.key.aardenessen,same_release_path_plus_note_hash_music21_consensus_v1,53664a7ef3eed4af690568e16a357a2f88698e7f0a05fe854316b884807534da
music21_254.mid,D,254,pop1k7:src_002:254,data/pop1k7_official/Pop1K7/midi_analyzed/src_002/254.mid,989df2a07ebf46ae4532385ff34d6b94e9e966cf42a7844595095fe593c8ffda,data/pop1k7_official/Pop1K7/midi_synchronized/src_002/254.mid,bca7b694a53c52829428da21154ec328cf0839b71e257f75e4f19c11ef0d3ccc,21be28c87849aa0c3c2eea2c8b30fec4094157f68617c04e8c2d34e447874fac,2,-2,music21.key.krumhanslschmuckler,music21.key.aardenessen,same_release_path_plus_note_hash_music21_consensus_v1,53664a7ef3eed4af690568e16a357a2f88698e7f0a05fe854316b884807534da
music21_255.mid,C,255,pop1k7:src_002:255,data/pop1k7_official/Pop1K7/midi_analyzed/src_002/255.mid,1ad5466c45185696d9206217f4196e37a3edecf075307f2748ecab826e7fb452,data/pop1k7_official/Pop1K7/midi_synchronized/src_002/255.mid,59795f365f8924ae5c578e858b4883d9c828e09e393725508f1601eea7a0e55a,497a043ca9a9a4235c8752fe15e7d8e28074dcba9d7559961a4eb55b47f6ad33,0,0,music21.key.krumhanslschmuckler,music21.key.aardenessen,same_release_path_plus_note_hash_music21_consensus_v1,53664a7ef3eed4af690568e16a357a2f88698e7f0a05fe854316b884807534da
music21_258.mid,Eb,258,pop1k7:src_002:258,data/pop1k7_official/Pop1K7/midi_analyzed/src_002/258.mid,2e8137b9a37adf3ef77e4f055d29d318dfd795d00a61102d940beddeac2af76f,data/pop1k7_official/Pop1K7/midi_synchronized/src_002/258.mid,c29382a92c33b17832848becb40c2d85eeeaf601476a1d553efb24678f467e31,47cfb52b006f24761bb9d70972cd2297d677b3e1dcb762a47130db5a315f99ef,3,-3,music21.key.krumhanslschmuckler,music21.key.aardenessen,same_release_path_plus_note_hash_music21_consensus_v1,53664a7ef3eed4af690568e16a357a2f88698e7f0a05fe854316b884807534da
music21_259.mid,Bb,259,pop1k7:src_002:259,data/pop1k7_official/Pop1K7/midi_analyzed/src_002/259.mid,e94d4faf1356384d503f93782183e690f5eae3c0259c85b6f2fd3b916e0a51ea,data/pop1k7_official/Pop1K7/midi_synchronized/src_002/259.mid,ee38631e746438365355326700fd7644d160ba6d646b07f7e7d6f8417b9e16fb,a1e709a0583aeb4e2f3a54e17346271dc36d2454e050f002a02ef05247bf01c7,10,2,music21.key.krumhanslschmuckler,music21.key.aardenessen,same_release_path_plus_note_hash_music21_consensus_v1,53664a7ef3eed4af690568e16a357a2f88698e7f0a05fe854316b884807534da
music21_260.mid,c,260,pop1k7:src_002:260,data/pop1k7_official/Pop1K7/midi_analyzed/src_002/260.mid,afdf9e8790354d10643d2a0c9498e53ea47267557a059e8a9e18944d8778ee06,data/pop1k7_official/Pop1K7/midi_synchronized/src_002/260.mid,3aa9b0b0b1468a065c66c11037015a929f9b887c12a2e2caae25f91efd0cf1cf,7773c23830b9485b745d39becd3350ad00e76cdff42c1bf8e64239397d2111ab,3,-3,music21.key.krumhanslschmuckler,music21.key.aardenessen,same_release_path_plus_note_hash_music21_consensus_v1,53664a7ef3eed4af690568e16a357a2f88698e7f0a05fe854316b884807534da
music21_261.mid,d,261,pop1k7:src_002:261,data/pop1k7_official/Pop1K7/midi_analyzed/src_002/261.mid,a93dcbbec5f646fd73234774673eadd5205952504c03a1a1c9e0e7eaab5fba93,data/pop1k7_official/Pop1K7/midi_synchronized/src_002/261.mid,24bcdd1ca321142d89039e52be97a310be201e53bec30083495a2bb69055e34f,079cd2e8be05e2218a2c28c1c4f18045e3e1cb113fe482c6d1bacc3ad8bccf11,5,-5,music21.key.krumhanslschmuckler,music21.key.aardenessen,same_release_path_plus_note_hash_music21_consensus_v1,53664a7ef3eed4af690568e16a357a2f88698e7f0a05fe854316b884807534da
music21_262.mid,A,262,pop1k7:src_002:262,data/pop1k7_official/Pop1K7/midi_analyzed/src_002/262.mid,4fb0348233f3d7014dbecd31e61d5693e9a0bb8889013ecc8476bc18a34b5f47,data/pop1k7_official/Pop1K7/midi_synchronized/src_002/262.mid,47b86e22a89a5e748209f4bcf156a31383a3a87b8dd2025e2daab7207f7c11e4,3c37603a4ab144d2e775f0eb80d4a1ac9529adce7e7259a00df99668463df6bc,9,3,music21.key.krumhanslschmuckler,music21.key.aardenessen,same_release_path_plus_note_hash_music21_consensus_v1,53664a7ef3eed4af690568e16a357a2f88698e7f0a05fe854316b884807534da
music21_263.mid,Bb,263,pop1k7:src_002:263,data/pop1k7_official/Pop1K7/midi_analyzed/src_002/263.mid,d8314ddfe2dcdf7d09dfdecc0974244f64b32ad677dfbfa83006d91e9cc14268,data/pop1k7_official/Pop1K7/midi_synchronized/src_002/263.mid,aa30c33f6987ec07d9c407fa59c4c8a836a596b0c46c1a571d6bf737f57859a1,6b23ab871d51990c527a08e07e1b4cfcc9e9465695c73dcd492ac62a61c0162b,10,2,music21.key.krumhanslschmuckler,music21.key.aardenessen,same_release_path_plus_note_hash_music21_consensus_v1,53664a7ef3eed4af690568e16a357a2f88698e7f0a05fe854316b884807534da
music21_265.mid,E,265,pop1k7:src_002:265,data/pop1k7_official/Pop1K7/midi_analyzed/src_002/265.mid,f13bcecc074b6c0ad957f0d6d471b72301cf9406d4879ee7f3fe35d2bf345e41,data/pop1k7_official/Pop1K7/midi_synchronized/src_002/265.mid,3e5ce9b375e4aa0e0eb1fb5d8d4bf26a75a49d0ad239a33220e581873bc722e5,365b9ec40c0c659259f84ebd2f755d656a5c1dc71bde4430692417d67e2212df,4,-4,music21.key.krumhanslschmuckler,music21.key.aardenessen,same_release_path_plus_note_hash_music21_consensus_v1,53664a7ef3eed4af690568e16a357a2f88698e7f0a05fe854316b884807534da
music21_266.mid,g,266,pop1k7:src_002:266,data/pop1k7_official/Pop1K7/midi_analyzed/src_002/266.mid,b2201f6f13ad9c6f48714030697c957bb9a9d4beafd935f902cf19ebbc3403b8,data/pop1k7_official/Pop1K7/midi_synchronized/src_002/266.mid,9bb1a13f0cffbb547eaa3b80c7e8f7a1e959e6025fd4626303944092b5bb0bc0,01537f8b7af19487993443aeecadbe9ea611a0ec3bc4eebeac606eccdea28ea4,10,2,music21.key.krumhanslschmuckler,music21.key.aardenessen,same_release_path_plus_note_hash_music21_consensus_v1,53664a7ef3eed4af690568e16a357a2f88698e7f0a05fe854316b884807534da
music21_267.mid,Ab,267,pop1k7:src_002:267,data/pop1k7_official/Pop1K7/midi_analyzed/src_002/267.mid,58e0a649d7a1c13ecf4ab870308f1be275532c377365b79967d45c6bcf9f10ca,data/pop1k7_official/Pop1K7/midi_synchronized/src_002/267.mid,4ea96e4c73c18a338d12773612fb0f337b8966577560d9c426542871bda8b49a,e3d8e8a05ad8aa4b3f044c0d42f4b35559c2c34135a21b3a2a28acec4ee4e5d4,8,4,music21.key.krumhanslschmuckler,music21.key.aardenessen,same_release_path_plus_note_hash_music21_consensus_v1,53664a7ef3eed4af690568e16a357a2f88698e7f0a05fe854316b884807534da
music21_268.mid,A,268,pop1k7:src_002:268,data/pop1k7_official/Pop1K7/midi_analyzed/src_002/268.mid,3826c3b09e07407f8d249aa84fa3cd0829315034a739a4d2e3844350b465c81b,data/pop1k7_official/Pop1K7/midi_synchronized/src_002/268.mid,19e5782d1fca38a18605ad11c6cbb276ee69b23165cbea7416acae273aab5b16,3baa7b9c2a39d092210d4eb5394c652137ede0dfaf648d82e22c54f26c31665d,9,3,music21.key.krumhanslschmuckler,music21.key.aardenessen,same_release_path_plus_note_hash_music21_consensus_v1,53664a7ef3eed4af690568e16a357a2f88698e7f0a05fe854316b884807534da
music21_272.mid,ab,272,pop1k7:src_002:272,data/pop1k7_official/Pop1K7/midi_analyzed/src_002/272.mid,6a033e27b7ff387047fd5761dceb4deb2e469b953df0fbdcc1ad63d9ea980d4f,data/pop1k7_official/Pop1K7/midi_synchronized/src_002/272.mid,9113fab487d60161756f37306a8347eeab3b6873942d283d6f55d8e6b05d513a,79606dd76865271a55ddb7a67ae19f38c35d4629a6b42d0bd01004ea2d46c9e2,11,1,music21.key.krumhanslschmuckler,music21.key.aardenessen,same_release_path_plus_note_hash_music21_consensus_v1,53664a7ef3eed4af690568e16a357a2f88698e7f0a05fe854316b884807534da
music21_274.mid,e,274,pop1k7:src_002:274,data/pop1k7_official/Pop1K7/midi_analyzed/src_002/274.mid,76df47cc016e072a21044f58943ab7368cf8a2a89b6f6dee428894b6a27207a2,data/pop1k7_official/Pop1K7/midi_synchronized/src_002/274.mid,caedf7da7799d2886357a23834b96b5cda4ce6f9abf7bc982eb449123017854d,be39b584caf6ed30bdd4a7166abbf099105525d36268da1abfb3c1aebffb6f54,7,5,music21.key.krumhanslschmuckler,music21.key.aardenessen,same_release_path_plus_note_hash_music21_consensus_v1,53664a7ef3eed4af690568e16a357a2f88698e7f0a05fe854316b884807534da
music21_276.mid,c#,276,pop1k7:src_002:276,data/pop1k7_official/Pop1K7/midi_analyzed/src_002/276.mid,c1a888a2c1dd7186fb9d3fd69d318a277873bf79ff727ee137c5f366d4bb1b0d,data/pop1k7_official/Pop1K7/midi_synchronized/src_002/276.mid,1192591792051d31a606fc27a53927a2800489638620626bbc5c443c0da70842,c8eaaf019d8a3ddbbf3aefdb332554afd076a65dddb4853909105af0ce295ddf,4,-4,music21.key.krumhanslschmuckler,music21.key.aardenessen,same_release_path_plus_note_hash_music21_consensus_v1,53664a7ef3eed4af690568e16a357a2f88698e7f0a05fe854316b884807534da
music21_279.mid,D,279,pop1k7:src_002:279,data/pop1k7_official/Pop1K7/midi_analyzed/src_002/279.mid,9e74c14b68e38f8abf4b9e3bda7edeea157ec168af048415fc0933e1332f3465,data/pop1k7_official/Pop1K7/midi_synchronized/src_002/279.mid,d8444b68f622bdec55abbd26ec2b20c947a04a20b92b232f53b0142bd1242f86,696c176e8c0789f6d133a77a555a07b0b96c6d17ec0187755c9d1ff3c582cbb5,2,-2,music21.key.krumhanslschmuckler,music21.key.aardenessen,same_release_path_plus_note_hash_music21_consensus_v1,53664a7ef3eed4af690568e16a357a2f88698e7f0a05fe854316b884807534da
music21_280.mid,D,280,pop1k7:src_002:280,data/pop1k7_official/Pop1K7/midi_analyzed/src_002/280.mid,230a328cd8b86a5388840f56592299f8260f59e0c217a8ed3e45a26e7425d9e1,data/pop1k7_official/Pop1K7/midi_synchronized/src_002/280.mid,cdd703e761e8f1099d6f67cdd70d66e45f4cbbd5fda3be9a83237f4696660ce8,4be01e5773608961a246619fe16e0e10fdd0a67fe518d5dd471f0ef08e8e19eb,2,-2,music21.key.krumhanslschmuckler,music21.key.aardenessen,same_release_path_plus_note_hash_music21_consensus_v1,53664a7ef3eed4af690568e16a357a2f88698e7f0a05fe854316b884807534da
music21_281.mid,Eb,281,pop1k7:src_002:281,data/pop1k7_official/Pop1K7/midi_analyzed/src_002/281.mid,27b12f20fa55f4df3cd9df86b9b0a8aba347a7a5a3117beed745b53b5b8cad95,data/pop1k7_official/Pop1K7/midi_synchronized/src_002/281.mid,cd4815ec0dd711ba8741ee9044fae890447d9a7022d1ceb404c48aae92447c0d,a58119e86adba9846600de0948b27bf0b0d2a6e18615c8284234a24d6b0f7e38,3,-3,music21.key.krumhanslschmuckler,music21.key.aardenessen,same_release_path_plus_note_hash_music21_consensus_v1,53664a7ef3eed4af690568e16a357a2f88698e7f0a05fe854316b884807534da
music21_285.mid,c,285,pop1k7:src_002:285,data/pop1k7_official/Pop1K7/midi_analyzed/src_002/285.mid,606a049d5767da66011f1e0b7bb81fe98e5ef6bc45ce9f55a7b2f285c66782b5,data/pop1k7_official/Pop1K7/midi_synchronized/src_002/285.mid,11c5c23275a015fc27699f2be032138d5dc86d37a18006f4b027c1dbd2016947,4ba9acf8b2f417a370722508af789c457eb15b95debae9eedc688fc674a7bb0c,3,-3,music21.key.krumhanslschmuckler,music21.key.aardenessen,same_release_path_plus_note_hash_music21_consensus_v1,53664a7ef3eed4af690568e16a357a2f88698e7f0a05fe854316b884807534da
music21_286.mid,f,286,pop1k7:src_002:286,data/pop1k7_official/Pop1K7/midi_analyzed/src_002/286.mid,7d6f337ac9269bcb1a2a49d90110c329cafe9f46d7c37a7ace485a3f003c0cc6,data/pop1k7_official/Pop1K7/midi_synchronized/src_002/286.mid,7306a6792a2810ed296173ebea24f0218f8c574631e21c424c81c18f1669511a,1d35f7b92f165813059932c54710e4fada69ac5c9f62d0cf2862a36b49cdc8c1,8,4,music21.key.krumhanslschmuckler,music21.key.aardenessen,same_release_path_plus_note_hash_music21_consensus_v1,53664a7ef3eed4af690568e16a357a2f88698e7f0a05fe854316b884807534da
music21_287.mid,F,287,pop1k7:src_002:287,data/pop1k7_official/Pop1K7/midi_analyzed/src_002/287.mid,871cb8ba10b17844c452d484113c745e60764f6e03f7defb3dc6c191f13f9e74,data/pop1k7_official/Pop1K7/midi_synchronized/src_002/287.mid,c6adb539147b7a320e58c62c87bac20421b67821e327b7178ae5124278d2fc3e,c8c320d4f860e54fffae7e338402164bc4ad7be7edf22723e0b875ac351d5a6a,5,-5,music21.key.krumhanslschmuckler,music21.key.aardenessen,same_release_path_plus_note_hash_music21_consensus_v1,53664a7ef3eed4af690568e16a357a2f88698e7f0a05fe854316b884807534da
music21_288.mid,Eb,288,pop1k7:src_002:288,data/pop1k7_official/Pop1K7/midi_analyzed/src_002/288.mid,a8f3321fff136b7d37a2841fdd69debee1b1d3469e93615a681901c3c92af963,data/pop1k7_official/Pop1K7/midi_synchronized/src_002/288.mid,ffe150e5abb04562624d332d89bde36b9c9f4eead2dde0ddfe0ba8c9a46f737b,a13f3597602a6a77b6481a37e5d9a3eac160897d9115a01c6f66edba4135c393,3,-3,music21.key.krumhanslschmuckler,music21.key.aardenessen,same_release_path_plus_note_hash_music21_consensus_v1,53664a7ef3eed4af690568e16a357a2f88698e7f0a05fe854316b884807534da
music21_289.mid,c,289,pop1k7:src_002:289,data/pop1k7_official/Pop1K7/midi_analyzed/src_002/289.mid,49f3d9cf9bed71fe2809459dee75b41cce057c6076d447295d693620aa755315,data/pop1k7_official/Pop1K7/midi_synchronized/src_002/289.mid,c3fb1299116d588b8f36c2f498b12dc34f725272c09a2c18de5d65ebd66df8bf,95c08a2a5bdcc4e0c43e75af5cfc2750daf34db0aa9becd6d14d0c637e9cbf50,3,-3,music21.key.krumhanslschmuckler,music21.key.aardenessen,same_release_path_plus_note_hash_music21_consensus_v1,53664a7ef3eed4af690568e16a357a2f88698e7f0a05fe854316b884807534da
music21_290.mid,ab,290,pop1k7:src_002:290,data/pop1k7_official/Pop1K7/midi_analyzed/src_002/290.mid,b6dda7ca1c78624b6dd03f5182b17ef452fd18bf348193bdc4ab7bc77a6880c4,data/pop1k7_official/Pop1K7/midi_synchronized/src_002/290.mid,351928a7b8823e544f238c239f6262c422d44de934b0377f28be2279bcf9d5c0,50790df5d864f4422c696f332b5e790e3e4f5a5d8a1a178adab716319edd2c61,11,1,music21.key.krumhanslschmuckler,music21.key.aardenessen,same_release_path_plus_note_hash_music21_consensus_v1,53664a7ef3eed4af690568e16a357a2f88698e7f0a05fe854316b884807534da
music21_291.mid,Bb,291,pop1k7:src_002:291,data/pop1k7_official/Pop1K7/midi_analyzed/src_002/291.mid,ecd58c46e560181b94c5551fe7835956d6faae34b42d71282dc0aafa336cf01b,data/pop1k7_official/Pop1K7/midi_synchronized/src_002/291.mid,e20240ddb091e8e8c31b68dc0891b7393e567ec3aa540b37d10887a54beb3fc4,b04afba74ea52c20fd55549a604e72ccc9f0f1e1d565dd9ad63aafbacb85ed5a,10,2,music21.key.krumhanslschmuckler,music21.key.aardenessen,same_release_path_plus_note_hash_music21_consensus_v1,53664a7ef3eed4af690568e16a357a2f88698e7f0a05fe854316b884807534da
music21_292.mid,F#,292,pop1k7:src_002:292,data/pop1k7_official/Pop1K7/midi_analyzed/src_002/292.mid,645a6c3a60da33cbe43fa079b6bc9f7b87d2a24779366739f248c37196db92c2,data/pop1k7_official/Pop1K7/midi_synchronized/src_002/292.mid,5b0d1514250158c3fa50d42773f1d1d067e0d3ed60b5a5d447753a0e0ec6771c,279ed32f18a58422e7a546e28f1665d5508de2a1febfaf124c3af76706f73111,6,6,music21.key.krumhanslschmuckler,music21.key.aardenessen,same_release_path_plus_note_hash_music21_consensus_v1,53664a7ef3eed4af690568e16a357a2f88698e7f0a05fe854316b884807534da
music21_293.mid,f#,293,pop1k7:src_002:293,data/pop1k7_official/Pop1K7/midi_analyzed/src_002/293.mid,0132447290271f7cdce18a09ec519e028ece6ccb824f74d0778cbcf5154e4c21,data/pop1k7_official/Pop1K7/midi_synchronized/src_002/293.mid,96da3b033168ba82f29c44528995654a8941433bc7ccb38e74f318390e8ca9ee,17c1ae2f039623c7befc484c88bea7a5f91b8365e908b8a51622ddc0d79f8e6c,9,3,music21.key.krumhanslschmuckler,music21.key.aardenessen,same_release_path_plus_note_hash_music21_consensus_v1,53664a7ef3eed4af690568e16a357a2f88698e7f0a05fe854316b884807534da
music21_295.mid,A,295,pop1k7:src_002:295,data/pop1k7_official/Pop1K7/midi_analyzed/src_002/295.mid,eae98699d6a53c7da9190f10b9897f6da34ee76bad3c7ed75aec4ad21d4c57f0,data/pop1k7_official/Pop1K7/midi_synchronized/src_002/295.mid,9fd0137bed59c3d2f6646eda97ab614fa940e29f81ba0644deff91dd14003323,ea0f2de926c674455a53f73152efca19cce845c841562675f0dcb6ecfa94e804,9,3,music21.key.krumhanslschmuckler,music21.key.aardenessen,same_release_path_plus_note_hash_music21_consensus_v1,53664a7ef3eed4af690568e16a357a2f88698e7f0a05fe854316b884807534da
music21_297.mid,A,297,pop1k7:src_002:297,data/pop1k7_official/Pop1K7/midi_analyzed/src_002/297.mid,af1f77a728ccc8647f8615bcef63be60325464bf57a12c839a59e995c12649e0,data/pop1k7_official/Pop1K7/midi_synchronized/src_002/297.mid,91db6b1b562f8328e414ff20a3ab3ff81554f6b2f29b9df1615081793a9d7d09,0bbcc1f9bb6f2f53f10f1d974c9be20b95b784846448be43d4ebe5c55266796c,9,3,music21.key.krumhanslschmuckler,music21.key.aardenessen,same_release_path_plus_note_hash_music21_consensus_v1,53664a7ef3eed4af690568e16a357a2f88698e7f0a05fe854316b884807534da
music21_298.mid,c#,298,pop1k7:src_002:298,data/pop1k7_official/Pop1K7/midi_analyzed/src_002/298.mid,cad78fc670c696281c3c09226cda1f7ba05a148b574b451b39bf1e3c7ed48d1e,data/pop1k7_official/Pop1K7/midi_synchronized/src_002/298.mid,cc430776aa10ee382544162ad4d4f06aed1d09a2300e52355a3afe3d84ca2e9e,534c8b024e41565088bd407388edcc5d08ed49e894da24f8c5f5411403723980,4,-4,music21.key.krumhanslschmuckler,music21.key.aardenessen,same_release_path_plus_note_hash_music21_consensus_v1,53664a7ef3eed4af690568e16a357a2f88698e7f0a05fe854316b884807534da
music21_301.mid,a,301,pop1k7:src_002:301,data/pop1k7_official/Pop1K7/midi_analyzed/src_002/301.mid,efa31e4cf855343523b7711595b8e5916c41f9b238f494deff7387bddddf1d4f,data/pop1k7_official/Pop1K7/midi_synchronized/src_002/301.mid,c8d06cb5c2469d003ed25a19bfa1d46c66d9dc4651fad9a06b6b002c8d6f2bbf,0ccb2d1b6502d96b96de4ea7badab708ada161a26123a51458043497a3f7d253,0,0,music21.key.krumhanslschmuckler,music21.key.aardenessen,same_release_path_plus_note_hash_music21_consensus_v1,53664a7ef3eed4af690568e16a357a2f88698e7f0a05fe854316b884807534da
music21_302.mid,g,302,pop1k7:src_002:302,data/pop1k7_official/Pop1K7/midi_analyzed/src_002/302.mid,46f36e632280c2e7993d7211b3584dbc70e0a9c5c25c60cb3f8bacf468f55a14,data/pop1k7_official/Pop1K7/midi_synchronized/src_002/302.mid,637f10f8539ae62eb003b46194aef0f552da23ada4adeacb5853d2d6ec0a23d6,f8f3da41348234a4753ad0836910a50085ca816d37e6b847fc42983ed9be6880,10,2,music21.key.krumhanslschmuckler,music21.key.aardenessen,same_release_path_plus_note_hash_music21_consensus_v1,53664a7ef3eed4af690568e16a357a2f88698e7f0a05fe854316b884807534da
music21_307.mid,E,307,pop1k7:src_002:307,data/pop1k7_official/Pop1K7/midi_analyzed/src_002/307.mid,da2f55c71dfe3765e4d0699ac31aedc17b5c4c53852807590bd9c69313c68770,data/pop1k7_official/Pop1K7/midi_synchronized/src_002/307.mid,205ac2100b362e872ee02e88a363410f1f918fe6535e7f10aa78baa0403600ae,9a40611acaa1c845ecff6b2cebf74a7ceedde6b1c22859b59bc3d0b90f56ded7,4,-4,music21.key.krumhanslschmuckler,music21.key.aardenessen,same_release_path_plus_note_hash_music21_consensus_v1,53664a7ef3eed4af690568e16a357a2f88698e7f0a05fe854316b884807534da
music21_308.mid,f,308,pop1k7:src_002:308,data/pop1k7_official/Pop1K7/midi_analyzed/src_002/308.mid,f1fee6606ecc15887fcd419f786234a7b7da1039ae9287138c492a5fe33c15f5,data/pop1k7_official/Pop1K7/midi_synchronized/src_002/308.mid,5e428db317c4f6c9146ff4b8ba7d48b01fce52e1ec59119303cca6198ff7d538,caf21f455a13787b7ae182a4135b3fc20569aa8bb8dabee9d784ffaf5f47685a,8,4,music21.key.krumhanslschmuckler,music21.key.aardenessen,same_release_path_plus_note_hash_music21_consensus_v1,53664a7ef3eed4af690568e16a357a2f88698e7f0a05fe854316b884807534da
music21_310.mid,C,310,pop1k7:src_002:310,data/pop1k7_official/Pop1K7/midi_analyzed/src_002/310.mid,b30dead85fb6d6faec4ffaacb6b6a6dccb8575afa27cd49262ad20a57e4ba864,data/pop1k7_official/Pop1K7/midi_synchronized/src_002/310.mid,b7454b30d42531022b53cd854c94465c2d08bb47d299f8e8ca207b2287fee5da,376ea55293df9d86ac5d49b8391949954f916f35ef935b06bc8f2fb791bb30a6,0,0,music21.key.krumhanslschmuckler,music21.key.aardenessen,same_release_path_plus_note_hash_music21_consensus_v1,53664a7ef3eed4af690568e16a357a2f88698e7f0a05fe854316b884807534da
music21_311.mid,Eb,311,pop1k7:src_002:311,data/pop1k7_official/Pop1K7/midi_analyzed/src_002/311.mid,b4513ceca7bb20ed13a9881f79a04b9309db420646ad428c35a5f33b91844a9e,data/pop1k7_official/Pop1K7/midi_synchronized/src_002/311.mid,8028824203aa0bea16da01bc65578286af4b02a96e40df9c2537920506a74acd,3f513aae83b11eb95e9a2fa3e42b295ebe5e7c978b1e488646d7a2b33aed75aa,3,-3,music21.key.krumhanslschmuckler,music21.key.aardenessen,same_release_path_plus_note_hash_music21_consensus_v1,53664a7ef3eed4af690568e16a357a2f88698e7f0a05fe854316b884807534da
music21_312.mid,C#,312,pop1k7:src_002:312,data/pop1k7_official/Pop1K7/midi_analyzed/src_002/312.mid,932d6fb2ff2f0c053ae578fec2b5bc3804c3f113e70b9b0e8fca21c8c238a4cb,data/pop1k7_official/Pop1K7/midi_synchronized/src_002/312.mid,ab9a3a887070be8f7df5aee45bbf65ccf8b1224dc83608f60f97ed8309793080,81ce4e588b174fb4c5ae7aaf5c4275918da3c557c6617f3399435646ff250f15,1,-1,music21.key.krumhanslschmuckler,music21.key.aardenessen,same_release_path_plus_note_hash_music21_consensus_v1,53664a7ef3eed4af690568e16a357a2f88698e7f0a05fe854316b884807534da
music21_315.mid,c,315,pop1k7:src_002:315,data/pop1k7_official/Pop1K7/midi_analyzed/src_002/315.mid,a982e6686b74a0b05bfcced79d4e5bf6f5aa9bd3d8d0c7cf1789f4a6b173c730,data/pop1k7_official/Pop1K7/midi_synchronized/src_002/315.mid,ed33d638bb89ee0dbfcd5a8bf08b0437de8ddd83987e14001a098078aa08c0d2,f1b2b93ea39b828266cd3dbf370025b35c6d4bcf0f4add3227d60455b669fea2,3,-3,music21.key.krumhanslschmuckler,music21.key.aardenessen,same_release_path_plus_note_hash_music21_consensus_v1,53664a7ef3eed4af690568e16a357a2f88698e7f0a05fe854316b884807534da
music21_316.mid,D,316,pop1k7:src_002:316,data/pop1k7_official/Pop1K7/midi_analyzed/src_002/316.mid,13cd717301548f91316265aa1f77a45b822acfff6dad1081cdb2d188310fcedf,data/pop1k7_official/Pop1K7/midi_synchronized/src_002/316.mid,5e79f8cfc3bedacd3e26cd054be28724fe66a6c53f40055d9a414a04b26d323d,912b9c6ca4d8bd59b5ac8383b9b8cb7ded8e161af9941e48f34197230074d90b,2,-2,music21.key.krumhanslschmuckler,music21.key.aardenessen,same_release_path_plus_note_hash_music21_consensus_v1,53664a7ef3eed4af690568e16a357a2f88698e7f0a05fe854316b884807534da
music21_317.mid,C#,317,pop1k7:src_002:317,data/pop1k7_official/Pop1K7/midi_analyzed/src_002/317.mid,702ecb11847a3cd6d63cdc61294ad17d99ca122cc1a552164c972c45425a0603,data/pop1k7_official/Pop1K7/midi_synchronized/src_002/317.mid,31f6d94d6e8d906940234521220df7f0ec9cf0bbc1e299d88bb428c711f3237b,46e7e06989ce79f88b06727f4d3e5427662ab6e720f6810015342a4a1b475f3d,1,-1,music21.key.krumhanslschmuckler,music21.key.aardenessen,same_release_path_plus_note_hash_music21_consensus_v1,53664a7ef3eed4af690568e16a357a2f88698e7f0a05fe854316b884807534da
music21_318.mid,Eb,318,pop1k7:src_002:318,data/pop1k7_official/Pop1K7/midi_analyzed/src_002/318.mid,ff777661d8a6b06c20d7066a0ebfeb12256edfb2fe20bf5cbe6331b6c5a4d9da,data/pop1k7_official/Pop1K7/midi_synchronized/src_002/318.mid,384de0dd5e20d96ba75d6cb66b57aa34ffbb82c7529bdb784ba52905f718e5bd,96059db20b6f977ca611b4d149f7abea4afe1a7b35e1311b84672863f808fb03,3,-3,music21.key.krumhanslschmuckler,music21.key.aardenessen,same_release_path_plus_note_hash_music21_consensus_v1,53664a7ef3eed4af690568e16a357a2f88698e7f0a05fe854316b884807534da
music21_320.mid,g,320,pop1k7:src_002:320,data/pop1k7_official/Pop1K7/midi_analyzed/src_002/320.mid,ef949b8300da6a320d1418c450144e37d25d9b58dc7dec64133721d2521e09ef,data/pop1k7_official/Pop1K7/midi_synchronized/src_002/320.mid,610da9cd7d74913fb6efaa7bd3fb92537a8103ebf3c14e9f27a3a9bdbed57295,3f8af9bd8fb749aeb6eb3f2f48885d1ef7fb53981a16ef415594a42d90f927d8,10,2,music21.key.krumhanslschmuckler,music21.key.aardenessen,same_release_path_plus_note_hash_music21_consensus_v1,53664a7ef3eed4af690568e16a357a2f88698e7f0a05fe854316b884807534da
music21_322.mid,f#,322,pop1k7:src_002:322,data/pop1k7_official/Pop1K7/midi_analyzed/src_002/322.mid,dc403e7fd03955f55392428f3b4807b4b7cdd92e06b1f0af24529cf61afa2a15,data/pop1k7_official/Pop1K7/midi_synchronized/src_002/322.mid,dd541984449af187eacd5e40a88b180087f382af68b8d166b16b5387a74063a1,20e73d5a923d70c884ea8492e4e290e0daf9a094cf4fe97732b2099e3546b50d,9,3,music21.key.krumhanslschmuckler,music21.key.aardenessen,same_release_path_plus_note_hash_music21_consensus_v1,53664a7ef3eed4af690568e16a357a2f88698e7f0a05fe854316b884807534da
music21_323.mid,Eb,323,pop1k7:src_002:323,data/pop1k7_official/Pop1K7/midi_analyzed/src_002/323.mid,60cb4e6befcab67c18a7b2474911e3f1e07bcc042bc163ccf63ee605d957a53d,data/pop1k7_official/Pop1K7/midi_synchronized/src_002/323.mid,b1e233dfdd0accd5575e549aee6b0b5411b9f0b58ee833dd1a66f479587f5cf6,b563d52f41c4debae3bdc58bc5d944e21ec5c458b140e8838795814d908f2bfc,3,-3,music21.key.krumhanslschmuckler,music21.key.aardenessen,same_release_path_plus_note_hash_music21_consensus_v1,53664a7ef3eed4af690568e16a357a2f88698e7f0a05fe854316b884807534da
music21_324.mid,E,324,pop1k7:src_002:324,data/pop1k7_official/Pop1K7/midi_analyzed/src_002/324.mid,bd524737927ce4a4c0e2e6d951c2aa29e4ad8a57967ad216e0fd5e18b1446fc6,data/pop1k7_official/Pop1K7/midi_synchronized/src_002/324.mid,df6da0fab3a3469902879ffc079347e8920a936e2b3aebef5f5d3e54385a444c,dc1c145a1983e655b2be4d5c4f70a72d6fe4ef3e9cfb468ef4a9e615ae02875e,4,-4,music21.key.krumhanslschmuckler,music21.key.aardenessen,same_release_path_plus_note_hash_music21_consensus_v1,53664a7ef3eed4af690568e16a357a2f88698e7f0a05fe854316b884807534da
music21_328.mid,G,328,pop1k7:src_002:328,data/pop1k7_official/Pop1K7/midi_analyzed/src_002/328.mid,284018e21a478205fe81a2dab877e4f1b66a3bdb51c12c55da9c86185edb8eef,data/pop1k7_official/Pop1K7/midi_synchronized/src_002/328.mid,b1582426502af7a6bc94e930bcfd2cadaec73ef7c551170a22bc122b60171f26,74fe0ff40ea8382fc4027075de129e3c237f0538a6cf77e167a2b65d2bfb35fe,7,5,music21.key.krumhanslschmuckler,music21.key.aardenessen,same_release_path_plus_note_hash_music21_consensus_v1,53664a7ef3eed4af690568e16a357a2f88698e7f0a05fe854316b884807534da
music21_329.mid,C#,329,pop1k7:src_002:329,data/pop1k7_official/Pop1K7/midi_analyzed/src_002/329.mid,2dfa6e93548e52c438d4f144d490c6e2b5c7ead7b8164a32b31eb0794a991736,data/pop1k7_official/Pop1K7/midi_synchronized/src_002/329.mid,93b0214f20c11d258a9b8d96b843f3bc9fcfc42700456e3a2f55aca6f6815e3d,dee39bcd6d9a851ad024f4b8ab31fe3fcc5e6952c6f7c4c2ed8604a4e0012924,1,-1,music21.key.krumhanslschmuckler,music21.key.aardenessen,same_release_path_plus_note_hash_music21_consensus_v1,53664a7ef3eed4af690568e16a357a2f88698e7f0a05fe854316b884807534da
music21_331.mid,C#,331,pop1k7:src_002:331,data/pop1k7_official/Pop1K7/midi_analyzed/src_002/331.mid,61dde265ceb40342e6fdb3bec18c5102208e7e95b08900366f8704421a3b0cee,data/pop1k7_official/Pop1K7/midi_synchronized/src_002/331.mid,66e66acd8689a056d8b4949314402ba8f916931739d68bbfe25b0d52e10cf110,6bb4cf48d89c98f356d224d9f16e8bbc052d9fe1d78d9cc3d079b61a74ad9548,1,-1,music21.key.krumhanslschmuckler,music21.key.aardenessen,same_release_path_plus_note_hash_music21_consensus_v1,53664a7ef3eed4af690568e16a357a2f88698e7f0a05fe854316b884807534da
music21_332.mid,Eb,332,pop1k7:src_002:332,data/pop1k7_official/Pop1K7/midi_analyzed/src_002/332.mid,b93f557402404aa9c2ff100af398fe03361a05bff4bde55e06098d3ca8c7d1b1,data/pop1k7_official/Pop1K7/midi_synchronized/src_002/332.mid,75455ce53de3e0cdc06f96a20b5b0919773553a2d7d08540cb45a8152acb697e,ed1af617c4b0812c4c7a1f0f3bc7940151c4cfa008e65e51b9b3189754bc76c2,3,-3,music21.key.krumhanslschmuckler,music21.key.aardenessen,same_release_path_plus_note_hash_music21_consensus_v1,53664a7ef3eed4af690568e16a357a2f88698e7f0a05fe854316b884807534da
music21_333.mid,Eb,333,pop1k7:src_002:333,data/pop1k7_official/Pop1K7/midi_analyzed/src_002/333.mid,fa07ea8017782548cfe578f4d2159b5d8952d0a098f44d903d7cfe30741ac8c3,data/pop1k7_official/Pop1K7/midi_synchronized/src_002/333.mid,9cfdc8c5f6171ac1d5645586aafe3c16d24f0aa128c5cf1de30dcb364bd38dbd,29cfe9242a1f7de05a89168f2bbba984d6d2202c8f372368f32085cae3606bbc,3,-3,music21.key.krumhanslschmuckler,music21.key.aardenessen,same_release_path_plus_note_hash_music21_consensus_v1,53664a7ef3eed4af690568e16a357a2f88698e7f0a05fe854316b884807534da
music21_334.mid,A,334,pop1k7:src_002:334,data/pop1k7_official/Pop1K7/midi_analyzed/src_002/334.mid,8f8fda05dab14cc756cc01af9f42cb153455c94090c06e41c22b37509efcdea1,data/pop1k7_official/Pop1K7/midi_synchronized/src_002/334.mid,12d6bc62aca8d30053841f244041672db773df3e31e6f6d6c38f80d7ab076a54,45f322678d31a553370391e3115f5ce5e9d0eed6800973d9f4df1e714c79a8c5,9,3,music21.key.krumhanslschmuckler,music21.key.aardenessen,same_release_path_plus_note_hash_music21_consensus_v1,53664a7ef3eed4af690568e16a357a2f88698e7f0a05fe854316b884807534da
music21_335.mid,F,335,pop1k7:src_002:335,data/pop1k7_official/Pop1K7/midi_analyzed/src_002/335.mid,d7efee4df2a00dfe59b76dd0c421facbf5a24d51b7a750608c26ca91a1f1474b,data/pop1k7_official/Pop1K7/midi_synchronized/src_002/335.mid,2a1dcb3463b3112912f4b09ed09fb178d22189d137d1ca1f2ae885cf6ad1eae4,aaa6db1372c0173cdff7464ed8e1ddeac6b043fcfeb054d0ce704e4718526b54,5,-5,music21.key.krumhanslschmuckler,music21.key.aardenessen,same_release_path_plus_note_hash_music21_consensus_v1,53664a7ef3eed4af690568e16a357a2f88698e7f0a05fe854316b884807534da
music21_336.mid,E,336,pop1k7:src_002:336,data/pop1k7_official/Pop1K7/midi_analyzed/src_002/336.mid,1d63ca16b4a6e3a72425989f6890e0cf7c6a34a51efb4a7a809cd157f66d8b4c,data/pop1k7_official/Pop1K7/midi_synchronized/src_002/336.mid,46252137f2b0198f8defe53937b9a39b2784a739e89eed8beb4d4a90f6b0b3f3,8c5eb2567fb4b393d54d3a77a66b3db038d3d1201e61395a01408257856452ea,4,-4,music21.key.krumhanslschmuckler,music21.key.aardenessen,same_release_path_plus_note_hash_music21_consensus_v1,53664a7ef3eed4af690568e16a357a2f88698e7f0a05fe854316b884807534da
music21_337.mid,F,337,pop1k7:src_002:337,data/pop1k7_official/Pop1K7/midi_analyzed/src_002/337.mid,fbd56e973f675ffe09ea104a2864b23e0e66e6f870ac5c824833b9f96d99fe73,data/pop1k7_official/Pop1K7/midi_synchronized/src_002/337.mid,7571161162183e5b21c0f333cb52820c1400ff1f28de3062565db4aca77bd59f,f67b4b5691252924b30b892bc58d1fda017e596014712a1df3f950bcf65daf38,5,-5,music21.key.krumhanslschmuckler,music21.key.aardenessen,same_release_path_plus_note_hash_music21_consensus_v1,53664a7ef3eed4af690568e16a357a2f88698e7f0a05fe854316b884807534da
music21_339.mid,C,339,pop1k7:src_002:339,data/pop1k7_official/Pop1K7/midi_analyzed/src_002/339.mid,4f07c4e362fd2ebdd91cbf0e0db42449015adfb8527253ad0667357b6c7c58dd,data/pop1k7_official/Pop1K7/midi_synchronized/src_002/339.mid,4ce79f2860df018ba48b336049e9ca9db35f2f837187bd40aca5663a6a8eca29,4f380792246d23b59900665806b54a129297ac3cb463c221be20df518351c751,0,0,music21.key.krumhanslschmuckler,music21.key.aardenessen,same_release_path_plus_note_hash_music21_consensus_v1,53664a7ef3eed4af690568e16a357a2f88698e7f0a05fe854316b884807534da
music21_340.mid,C#,340,pop1k7:src_002:340,data/pop1k7_official/Pop1K7/midi_analyzed/src_002/340.mid,6d1f31dedf6af4e2f781c083835d1fb47d132811fb1d54c7d1bf2e4ff56adbf6,data/pop1k7_official/Pop1K7/midi_synchronized/src_002/340.mid,226e321001b1f464ac82007a1f4252a04c13edeb23460e27374444d1994436ce,23ab515df5d6002641f687586be99d83aa004f5b1280329795281b0f4c825095,1,-1,music21.key.krumhanslschmuckler,music21.key.aardenessen,same_release_path_plus_note_hash_music21_consensus_v1,53664a7ef3eed4af690568e16a357a2f88698e7f0a05fe854316b884807534da
music21_341.mid,G,341,pop1k7:src_002:341,data/pop1k7_official/Pop1K7/midi_analyzed/src_002/341.mid,3c180e3828f40001f199f3205e5f271cff9fc62031b5bda5b4470c8ff639d35a,data/pop1k7_official/Pop1K7/midi_synchronized/src_002/341.mid,96a4b29b1e91595e92f278a14e7d73e8f36e8af41d8d53d113c7f024d769de68,c85c9ebe76cfb8b9031d281bc33038bd7124d48d78d287756ced43650aadf129,7,5,music21.key.krumhanslschmuckler,music21.key.aardenessen,same_release_path_plus_note_hash_music21_consensus_v1,53664a7ef3eed4af690568e16a357a2f88698e7f0a05fe854316b884807534da
music21_342.mid,F,342,pop1k7:src_002:342,data/pop1k7_official/Pop1K7/midi_analyzed/src_002/342.mid,2de731125ce2778d681163643332d4005ba76313c67d4209f9db57fd3c0b1cb8,data/pop1k7_official/Pop1K7/midi_synchronized/src_002/342.mid,75657314790aa134e9d811dee933aab8588a70fa02f1ec5ce5b6da66ece03f95,edd4795564dc5455a9f61d64d8cde31b9e18ccf03e9b44afa0fde67620e3300f,5,-5,music21.key.krumhanslschmuckler,music21.key.aardenessen,same_release_path_plus_note_hash_music21_consensus_v1,53664a7ef3eed4af690568e16a357a2f88698e7f0a05fe854316b884807534da
music21_343.mid,B,343,pop1k7:src_002:343,data/pop1k7_official/Pop1K7/midi_analyzed/src_002/343.mid,fcd417d29f3f03505093716efc06f8fe8e280deef42d82f36d1f3a05d5cb3fc8,data/pop1k7_official/Pop1K7/midi_synchronized/src_002/343.mid,ce66f152d4b845977f147720fafd482c6a96b08c07f5682f37a6a17d3772c046,91f754d1e173cf7d244d6e1b93d9894f4b06cfa214f68e6ad07667f19c726f73,11,1,music21.key.krumhanslschmuckler,music21.key.aardenessen,same_release_path_plus_note_hash_music21_consensus_v1,53664a7ef3eed4af690568e16a357a2f88698e7f0a05fe854316b884807534da
music21_344.mid,C#,344,pop1k7:src_002:344,data/pop1k7_official/Pop1K7/midi_analyzed/src_002/344.mid,8a3011a400e5b1d085d57004047215382c920461f3be991281f1d55f695ef42d,data/pop1k7_official/Pop1K7/midi_synchronized/src_002/344.mid,3f5996ed76e07b05a9630dc14e96b3f907131e2fd9ed3e67080aa97c8b9f78be,66ea91be961c5060daa11714bc763fa9534616a901e8e4f05b9687464ace61e9,1,-1,music21.key.krumhanslschmuckler,music21.key.aardenessen,same_release_path_plus_note_hash_music21_consensus_v1,53664a7ef3eed4af690568e16a357a2f88698e7f0a05fe854316b884807534da
music21_345.mid,G,345,pop1k7:src_002:345,data/pop1k7_official/Pop1K7/midi_analyzed/src_002/345.mid,f8b4406eaaf53707e43dae91554bdc07867faffc32c0c996da25739edc3ff708,data/pop1k7_official/Pop1K7/midi_synchronized/src_002/345.mid,9d75b036967a9734510bc03b1c1a91bd9fcc2dbac4a0fabb1649f85a2dc21b6a,91fa6a9c01791c86bacd9bb1178f73c3393f7225eb12f4eb8d579c9ca5c26b6a,7,5,music21.key.krumhanslschmuckler,music21.key.aardenessen,same_release_path_plus_note_hash_music21_consensus_v1,53664a7ef3eed4af690568e16a357a2f88698e7f0a05fe854316b884807534da
music21_347.mid,Ab,347,pop1k7:src_002:347,data/pop1k7_official/Pop1K7/midi_analyzed/src_002/347.mid,ed39b9a4f109f4a6996bf2ebada5d2d940703885ad534c5b9207c27f2ebe3024,data/pop1k7_official/Pop1K7/midi_synchronized/src_002/347.mid,e8dbc4fcca59dd43704b4bb4ab73b5a792e39346601e9381b5b5f87ba943a146,98ec603390c9336e2210c5d33a33a1fb2c0b97cd5f08da5454fc0bab0a5bc619,8,4,music21.key.krumhanslschmuckler,music21.key.aardenessen,same_release_path_plus_note_hash_music21_consensus_v1,53664a7ef3eed4af690568e16a357a2f88698e7f0a05fe854316b884807534da
music21_348.mid,E,348,pop1k7:src_002:348,data/pop1k7_official/Pop1K7/midi_analyzed/src_002/348.mid,869137a32d9fe9ffb85d84d72e0b3230f7a35678f90df513883b7f66d54d2808,data/pop1k7_official/Pop1K7/midi_synchronized/src_002/348.mid,08546fe638f8f3df4dfc102bf6540d67759d45d90ece5a3bfec9c540941bf958,6a002ef3071bf9e06065c92226481a57951f6fd71331d4cb6767e88212375656,4,-4,music21.key.krumhanslschmuckler,music21.key.aardenessen,same_release_path_plus_note_hash_music21_consensus_v1,53664a7ef3eed4af690568e16a357a2f88698e7f0a05fe854316b884807534da
music21_349.mid,E,349,pop1k7:src_002:349,data/pop1k7_official/Pop1K7/midi_analyzed/src_002/349.mid,47b2d74c2382886e3b484320b9f3e7693f4a5eba871002ac180953062780b120,data/pop1k7_official/Pop1K7/midi_synchronized/src_002/349.mid,0c923e01302f522de4c15bc3558f44e14299b6f88a6e8399349fd5279051ea06,fc7395b7d1351409794f1d99496615679c6cebb36783baf538d6adb4537b72ba,4,-4,music21.key.krumhanslschmuckler,music21.key.aardenessen,same_release_path_plus_note_hash_music21_consensus_v1,53664a7ef3eed4af690568e16a357a2f88698e7f0a05fe854316b884807534da
music21_350.mid,Eb,350,pop1k7:src_002:350,data/pop1k7_official/Pop1K7/midi_analyzed/src_002/350.mid,e2621e3972af6801e917fde705af5cf4af217109a389073fc2691785c1c88019,data/pop1k7_official/Pop1K7/midi_synchronized/src_002/350.mid,c279ae8ae72822bb9c9e1582d9f4bf0a4e20c51634a1799d043ac633ac540214,bcc4edb96c04bbfddebfe51254558da0d62dbd35c1013f80673eb2b4759449d3,3,-3,music21.key.krumhanslschmuckler,music21.key.aardenessen,same_release_path_plus_note_hash_music21_consensus_v1,53664a7ef3eed4af690568e16a357a2f88698e7f0a05fe854316b884807534da
music21_351.mid,Eb,351,pop1k7:src_002:351,data/pop1k7_official/Pop1K7/midi_analyzed/src_002/351.mid,ba9e3de580475733575e941852f0dc8358e1411f19f012d7092665422881705b,data/pop1k7_official/Pop1K7/midi_synchronized/src_002/351.mid,f68f2d3e6b134a35666976ccef40427592e6328dcdca5577a25615aa166923f2,42a1e67689f70525701b656f4ced8e47cdd90ee3d6a75c2b520a40d33fe3c42e,3,-3,music21.key.krumhanslschmuckler,music21.key.aardenessen,same_release_path_plus_note_hash_music21_consensus_v1,53664a7ef3eed4af690568e16a357a2f88698e7f0a05fe854316b884807534da
music21_352.mid,F#,352,pop1k7:src_002:352,data/pop1k7_official/Pop1K7/midi_analyzed/src_002/352.mid,6c421e2325d29a7381a7e186db2ceea14280b3fb7531990ca7b8c81eecf186fc,data/pop1k7_official/Pop1K7/midi_synchronized/src_002/352.mid,b5f336ac94fb32d95065b9e454aedd56ca65c2d9f8a7ea300b36413713af3a55,e83802a8a4cd9723e1aa0e247e56b8b256a15613b622971c81db7ab33b466d0d,6,6,music21.key.krumhanslschmuckler,music21.key.aardenessen,same_release_path_plus_note_hash_music21_consensus_v1,53664a7ef3eed4af690568e16a357a2f88698e7f0a05fe854316b884807534da
music21_353.mid,C,353,pop1k7:src_002:353,data/pop1k7_official/Pop1K7/midi_analyzed/src_002/353.mid,9c6bea6302cdb1f832a0cd6f2c22b62ca77921e63ec22eadf111c1c82e0d6a46,data/pop1k7_official/Pop1K7/midi_synchronized/src_002/353.mid,137d4085a34c8da13635293adbcef1024ebab72ca29a5bbbbecc1a992fcc383f,3b2e1ea1e5246b2fe19d8c63c6c40d28a2e5a41768c48a00b121e1b5f7445b60,0,0,music21.key.krumhanslschmuckler,music21.key.aardenessen,same_release_path_plus_note_hash_music21_consensus_v1,53664a7ef3eed4af690568e16a357a2f88698e7f0a05fe854316b884807534da
music21_355.mid,D,355,pop1k7:src_002:355,data/pop1k7_official/Pop1K7/midi_analyzed/src_002/355.mid,d5303cebc7ad80b81298450827ccb30da6b485d4b5fc9a8f1b2c2466cdf0c04d,data/pop1k7_official/Pop1K7/midi_synchronized/src_002/355.mid,580a538f9a090b9fe7321efa77364572647b7aedeec3ce2257c72473d2963d57,7fcd76b739cbe0f044c107549d147c3f6b0baf850b898b68461c899ca9b75f90,2,-2,music21.key.krumhanslschmuckler,music21.key.aardenessen,same_release_path_plus_note_hash_music21_consensus_v1,53664a7ef3eed4af690568e16a357a2f88698e7f0a05fe854316b884807534da
music21_356.mid,c#,356,pop1k7:src_002:356,data/pop1k7_official/Pop1K7/midi_analyzed/src_002/356.mid,65cfe4fd77edc790bcc3a41df18d2acf83d3965cf65d82e2002672ed51c4d142,data/pop1k7_official/Pop1K7/midi_synchronized/src_002/356.mid,b0b79ceab41d1921316a681739053292ad7266b99ff3e3180904df1eff2a11eb,2a94c6078b1999898d0fd2878d2b5d245fbb3154659be461aac0418c384b0dad,4,-4,music21.key.krumhanslschmuckler,music21.key.aardenessen,same_release_path_plus_note_hash_music21_consensus_v1,53664a7ef3eed4af690568e16a357a2f88698e7f0a05fe854316b884807534da
music21_358.mid,a,358,pop1k7:src_002:358,data/pop1k7_official/Pop1K7/midi_analyzed/src_002/358.mid,89e55a6c6eeecf3ba7194e818aee2243a58a3c00584b8e30a362f3be9c8e5f4e,data/pop1k7_official/Pop1K7/midi_synchronized/src_002/358.mid,67ac66b328aaf753cb7b962a6a400d86274d516cb973a1e397994da37f89f2a7,906a5cf04c641e497328f3f4e1a4395a77735def4c361d10d275db7b58d16430,0,0,music21.key.krumhanslschmuckler,music21.key.aardenessen,same_release_path_plus_note_hash_music21_consensus_v1,53664a7ef3eed4af690568e16a357a2f88698e7f0a05fe854316b884807534da
music21_359.mid,A,359,pop1k7:src_002:359,data/pop1k7_official/Pop1K7/midi_analyzed/src_002/359.mid,96a7dc0595491e273dd0116ed7d1b1a4e9bfc391fb6a3cb489b09dc5dfcb651e,data/pop1k7_official/Pop1K7/midi_synchronized/src_002/359.mid,8045b838c62f8e821959578d90b336763688a55736717478ead98b90c93f316d,70456ee66314ce931ee4834bf071bb4f2c4d78993709a13e5205b465737a2d1f,9,3,music21.key.krumhanslschmuckler,music21.key.aardenessen,same_release_path_plus_note_hash_music21_consensus_v1,53664a7ef3eed4af690568e16a357a2f88698e7f0a05fe854316b884807534da
music21_361.mid,a,361,pop1k7:src_002:361,data/pop1k7_official/Pop1K7/midi_analyzed/src_002/361.mid,c749aea5cca77851ef6a158081794345d569c95371ff45fb69539f505e4dd64b,data/pop1k7_official/Pop1K7/midi_synchronized/src_002/361.mid,f66d613907e20ca4be8c2ac638ac4b4b455b06f55aab4c61caf490836e5d52dd,754ac0bdafa7667a72711c7c2d9feb96b9fad9bf763fe297b80dfd2208f183a4,0,0,music21.key.krumhanslschmuckler,music21.key.aardenessen,same_release_path_plus_note_hash_music21_consensus_v1,53664a7ef3eed4af690568e16a357a2f88698e7f0a05fe854316b884807534da
music21_362.mid,C,362,pop1k7:src_002:362,data/pop1k7_official/Pop1K7/midi_analyzed/src_002/362.mid,3a504eb343864349d08da45e319ccab26d6cd7c73f26e5661cd27f835099e46c,data/pop1k7_official/Pop1K7/midi_synchronized/src_002/362.mid,37753ced8d9878adb913ba5f36053188c5b93ddd2e60048b395b66f79a71d2de,0b52b8eca60b6e5457b3d6e3d3c06847276eb8f8526aac9dc7cff23fe28749d3,0,0,music21.key.krumhanslschmuckler,music21.key.aardenessen,same_release_path_plus_note_hash_music21_consensus_v1,53664a7ef3eed4af690568e16a357a2f88698e7f0a05fe854316b884807534da
music21_363.mid,C#,363,pop1k7:src_002:363,data/pop1k7_official/Pop1K7/midi_analyzed/src_002/363.mid,ed147ed592ea804dd713fd24105581c3c1fe3e2534eb4f8f5755b10196c5f341,data/pop1k7_official/Pop1K7/midi_synchronized/src_002/363.mid,ab27775fa06cca9b6b3303e928720629c71f78fe93aec86fe875220e1265f655,dd87affe921fe8e47eaacb79066736c96712344d4642c8d3812e3a9bffda3923,1,-1,music21.key.krumhanslschmuckler,music21.key.aardenessen,same_release_path_plus_note_hash_music21_consensus_v1,53664a7ef3eed4af690568e16a357a2f88698e7f0a05fe854316b884807534da
music21_364.mid,bb,364,pop1k7:src_002:364,data/pop1k7_official/Pop1K7/midi_analyzed/src_002/364.mid,b9707ebdf6b5ee54a4b17b24942a3ca9e4bb4f9d4026c8118638ab23d4efeb15,data/pop1k7_official/Pop1K7/midi_synchronized/src_002/364.mid,46d3dc8e764e995d1ee48f4ffa001a5afea11b537677a195900b2061c185fdcc,5f921354d25853f597bffacf092c092b7a0975a84eb81778d7be4c6c099e1be8,1,-1,music21.key.krumhanslschmuckler,music21.key.aardenessen,same_release_path_plus_note_hash_music21_consensus_v1,53664a7ef3eed4af690568e16a357a2f88698e7f0a05fe854316b884807534da
music21_366.mid,Eb,366,pop1k7:src_002:366,data/pop1k7_official/Pop1K7/midi_analyzed/src_002/366.mid,6ce550af8ed8fde339a1c6374bcf9dc47fe9781dedf7e9c31521f7bdb8412252,data/pop1k7_official/Pop1K7/midi_synchronized/src_002/366.mid,1fe45dda0b5baa74771dd27fa1ec7cb35752254c74d87e12d139c0e0ab68c930,2e9a64a2aaaf1c19d54b5cd694512983d2e35b16e1937423fcfe9ea2c0820ae9,3,-3,music21.key.krumhanslschmuckler,music21.key.aardenessen,same_release_path_plus_note_hash_music21_consensus_v1,53664a7ef3eed4af690568e16a357a2f88698e7f0a05fe854316b884807534da
music21_367.mid,Eb,367,pop1k7:src_002:367,data/pop1k7_official/Pop1K7/midi_analyzed/src_002/367.mid,f3eae7487065356f2a398f447980edae619d585ee99784564ff537307d56d605,data/pop1k7_official/Pop1K7/midi_synchronized/src_002/367.mid,46c058db97a91fb6ccc8bc5806bbdc275ea957a6d1a5d76a8a506c3088487be1,62f623e5e06cf4c0aa0efaa171a3ee67de92a754789bed0abed3fbd4e8b8f8f1,3,-3,music21.key.krumhanslschmuckler,music21.key.aardenessen,same_release_path_plus_note_hash_music21_consensus_v1,53664a7ef3eed4af690568e16a357a2f88698e7f0a05fe854316b884807534da
music21_368.mid,F,368,pop1k7:src_002:368,data/pop1k7_official/Pop1K7/midi_analyzed/src_002/368.mid,a8324445556b5c5db3f034ccc64908a6856f7d08feb615f8c0b085f518a2d534,data/pop1k7_official/Pop1K7/midi_synchronized/src_002/368.mid,da2ba04049cd6b6c5a71878ee530d9a2d75d392b4fd22b0969bc8777fd5313ad,b072d3f8fa1b5b322097ef0dfdc7135e1be08e1878ace53039e6db002878ace4,5,-5,music21.key.krumhanslschmuckler,music21.key.aardenessen,same_release_path_plus_note_hash_music21_consensus_v1,53664a7ef3eed4af690568e16a357a2f88698e7f0a05fe854316b884807534da
music21_369.mid,Ab,369,pop1k7:src_002:369,data/pop1k7_official/Pop1K7/midi_analyzed/src_002/369.mid,81a5e91344ef7d5eef976c6fe4af24b77bdc54310281834180c30e2216bf38e2,data/pop1k7_official/Pop1K7/midi_synchronized/src_002/369.mid,a24ec4dbc23b73a2afc3788f5a28d7abb2cbd7eef7276ee8b084d48bb13f9b88,b02292be7ca9e0f41375efc177e2bccd156d641ea866965dbbf7c6ecdf322991,8,4,music21.key.krumhanslschmuckler,music21.key.aardenessen,same_release_path_plus_note_hash_music21_consensus_v1,53664a7ef3eed4af690568e16a357a2f88698e7f0a05fe854316b884807534da
music21_370.mid,B,370,pop1k7:src_002:370,data/pop1k7_official/Pop1K7/midi_analyzed/src_002/370.mid,8dfb35fca4128fddf0b938d7b279b5961539c6b3f292e2719ffbb71f4b97bde5,data/pop1k7_official/Pop1K7/midi_synchronized/src_002/370.mid,5860027774b307341eeac0583dc11817a38c028a417aafb045f9fd2267204676,7b1025c6aa3191596db79b2a534d3772853751daaccf5465d69be2fc5e478481,11,1,music21.key.krumhanslschmuckler,music21.key.aardenessen,same_release_path_plus_note_hash_music21_consensus_v1,53664a7ef3eed4af690568e16a357a2f88698e7f0a05fe854316b884807534da
music21_371.mid,E,371,pop1k7:src_002:371,data/pop1k7_official/Pop1K7/midi_analyzed/src_002/371.mid,ac068328ccd5f2d6f104b9ae61bb719009289a79740b866fac1ec6cd6daa5ea8,data/pop1k7_official/Pop1K7/midi_synchronized/src_002/371.mid,c17dc46b1e5514330f85551beafa3354a4999098b325d849de8bfb2ba834ca54,d6b85600ee1d902804a0f957b399a1d09755e0f3b09731c1262a3fb539da09a1,4,-4,music21.key.krumhanslschmuckler,music21.key.aardenessen,same_release_path_plus_note_hash_music21_consensus_v1,53664a7ef3eed4af690568e16a357a2f88698e7f0a05fe854316b884807534da
music21_372.mid,c,372,pop1k7:src_002:372,data/pop1k7_official/Pop1K7/midi_analyzed/src_002/372.mid,4f5911b6db5adc9c5b0cbc1cd15cb1a294e40031adb7520749dd6645f7432e58,data/pop1k7_official/Pop1K7/midi_synchronized/src_002/372.mid,ebce4147560b99e49a2171d5e154a5cb38439148d49b2874e8a3011583efbaa6,7f247e2dfbc7af043b6c2449a2448dc8029db7f4c573ed0103517c5567af0ac0,3,-3,music21.key.krumhanslschmuckler,music21.key.aardenessen,same_release_path_plus_note_hash_music21_consensus_v1,53664a7ef3eed4af690568e16a357a2f88698e7f0a05fe854316b884807534da
music21_373.mid,C#,373,pop1k7:src_002:373,data/pop1k7_official/Pop1K7/midi_analyzed/src_002/373.mid,cc6a69da4d37b72615dd498c14bdabdca1993787969da6a9af37ed913870563b,data/pop1k7_official/Pop1K7/midi_synchronized/src_002/373.mid,6116ba0cf6bc5c11b295617262311a040dafe04cc37b1a9d63c9685be3bfbe39,b2df8b3441646746527761770e6579befc01af68bdb61e38adc4751c0fa791f4,1,-1,music21.key.krumhanslschmuckler,music21.key.aardenessen,same_release_path_plus_note_hash_music21_consensus_v1,53664a7ef3eed4af690568e16a357a2f88698e7f0a05fe854316b884807534da
music21_378.mid,B,378,pop1k7:src_002:378,data/pop1k7_official/Pop1K7/midi_analyzed/src_002/378.mid,d046a58814770f8fae8271d610bcf771b4b2e449c6d7b52f38fec90df13812f8,data/pop1k7_official/Pop1K7/midi_synchronized/src_002/378.mid,4ff2a2ab7bc9532dd1b1c0c66c92fb98036e18cf53497d30a68335e249b99a8a,3d66e0b18c6353f6eea193e645f0d002a8777326bf8ab6b85761a51aaf6d39a3,11,1,music21.key.krumhanslschmuckler,music21.key.aardenessen,same_release_path_plus_note_hash_music21_consensus_v1,53664a7ef3eed4af690568e16a357a2f88698e7f0a05fe854316b884807534da
music21_379.mid,Ab,379,pop1k7:src_002:379,data/pop1k7_official/Pop1K7/midi_analyzed/src_002/379.mid,b8e1130e456578e515debe418ef4a1ed8b05e230f5793c8e7be4ebf51b6bdff6,data/pop1k7_official/Pop1K7/midi_synchronized/src_002/379.mid,67492f38203d0e1b3b65d21d799676ee3bea4fe572220b636a23d27237480094,d22dbf0ae4f94148ba1757d1309f4d9d275f772fb2c7a896b585478a7d5bfaf5,8,4,music21.key.krumhanslschmuckler,music21.key.aardenessen,same_release_path_plus_note_hash_music21_consensus_v1,53664a7ef3eed4af690568e16a357a2f88698e7f0a05fe854316b884807534da
music21_380.mid,D,380,pop1k7:src_002:380,data/pop1k7_official/Pop1K7/midi_analyzed/src_002/380.mid,1be6aef7108500dd8c940a8b1bbbb51a6f98380ae632ccc18228b7da296be803,data/pop1k7_official/Pop1K7/midi_synchronized/src_002/380.mid,d86a31f533d7076cac55e9f3acd86563f1de5815d07e2b8a43b69454832d38a3,2fc8b547c94074632ea146a3fd0acbb69831ea539c63827d6b3a33ed4b063a70,2,-2,music21.key.krumhanslschmuckler,music21.key.aardenessen,same_release_path_plus_note_hash_music21_consensus_v1,53664a7ef3eed4af690568e16a357a2f88698e7f0a05fe854316b884807534da
music21_381.mid,Ab,381,pop1k7:src_002:381,data/pop1k7_official/Pop1K7/midi_analyzed/src_002/381.mid,bfec7202770b63ddc6fee2d2b0d34144b70936c95e0ed7b93f5433077e3d179b,data/pop1k7_official/Pop1K7/midi_synchronized/src_002/381.mid,b1cf84db6b7b1435ab5f33bef9f95acf7a18bdb95669dbfd5955e03f6270351b,dd033201c2d36923e29c62a914f60f1d853bf45835519fb2ad3ef1289cf3a88b,8,4,music21.key.krumhanslschmuckler,music21.key.aardenessen,same_release_path_plus_note_hash_music21_consensus_v1,53664a7ef3eed4af690568e16a357a2f88698e7f0a05fe854316b884807534da
music21_382.mid,E,382,pop1k7:src_002:382,data/pop1k7_official/Pop1K7/midi_analyzed/src_002/382.mid,a2ed5d8c642388b22eb92d6e8ad7bd80f5ab9da3b6e4253dbbda12e96a531fea,data/pop1k7_official/Pop1K7/midi_synchronized/src_002/382.mid,8790d206b3c339ee7e97a9f2aaf0713102c90e2beb86c5655b6c190b884c7f4e,12bfb080ef67b01aa4f5451d9b67287ee6c6f294d8b7b0da0a447cf0f85a2cbe,4,-4,music21.key.krumhanslschmuckler,music21.key.aardenessen,same_release_path_plus_note_hash_music21_consensus_v1,53664a7ef3eed4af690568e16a357a2f88698e7f0a05fe854316b884807534da
music21_383.mid,D,383,pop1k7:src_002:383,data/pop1k7_official/Pop1K7/midi_analyzed/src_002/383.mid,c0d0c60fa421e8dac28a68f92c86cecd41214dc0db8e2264d9f42afc3d9338fa,data/pop1k7_official/Pop1K7/midi_synchronized/src_002/383.mid,b3b164ebce55133e06f7130f74da89c2606ed46e53ab7f210241144936d66027,8300f48a03fd747b1c16de416628a232317e309fe2deb5d7439c7449327c7a97,2,-2,music21.key.krumhanslschmuckler,music21.key.aardenessen,same_release_path_plus_note_hash_music21_consensus_v1,53664a7ef3eed4af690568e16a357a2f88698e7f0a05fe854316b884807534da
music21_384.mid,G,384,pop1k7:src_002:384,data/pop1k7_official/Pop1K7/midi_analyzed/src_002/384.mid,1dd6650f3f543cce6fd535029c741c0036a7176187e4cac809d526b592a9f306,data/pop1k7_official/Pop1K7/midi_synchronized/src_002/384.mid,0fab35bb0d2ccd15172695ece01b89b73c71867f32219e8d20a5d9c293691c1d,f3d809dbacf5a2da03c17de14e7ea87c8a3645552bc9ee4facbd6713ada6317d,7,5,music21.key.krumhanslschmuckler,music21.key.aardenessen,same_release_path_plus_note_hash_music21_consensus_v1,53664a7ef3eed4af690568e16a357a2f88698e7f0a05fe854316b884807534da
music21_385.mid,C,385,pop1k7:src_002:385,data/pop1k7_official/Pop1K7/midi_analyzed/src_002/385.mid,cf0d9d8f0003bef1f0231256f43ed45ccf2e46df7412f30f9aa7ce2ebbef6eff,data/pop1k7_official/Pop1K7/midi_synchronized/src_002/385.mid,f38f9c543cdd89687f879b804542c2d00465b42b234c60190587cdf29e6e2fd6,5239826216e0f114a7c029df244ed468fa3608c6a436f0c4d2aa31d249754d62,0,0,music21.key.krumhanslschmuckler,music21.key.aardenessen,same_release_path_plus_note_hash_music21_consensus_v1,53664a7ef3eed4af690568e16a357a2f88698e7f0a05fe854316b884807534da
music21_386.mid,A,386,pop1k7:src_002:386,data/pop1k7_official/Pop1K7/midi_analyzed/src_002/386.mid,39dd80b5bf841937bd633ad08c05c4891e3860279a841251fd226302df232009,data/pop1k7_official/Pop1K7/midi_synchronized/src_002/386.mid,41041911999fa98eb57f9a43f9dc83534cb837d6edc676c8fd58c9f06f90cdae,0a9612fe8308fa2a71692f887662343e91393ae5d9ed34399ae1e8070803d406,9,3,music21.key.krumhanslschmuckler,music21.key.aardenessen,same_release_path_plus_note_hash_music21_consensus_v1,53664a7ef3eed4af690568e16a357a2f88698e7f0a05fe854316b884807534da
music21_387.mid,Eb,387,pop1k7:src_002:387,data/pop1k7_official/Pop1K7/midi_analyzed/src_002/387.mid,1bbe7e1644df6ca6c41312097a5ffa1b808f582a66dbe548814244a006c1b8e1,data/pop1k7_official/Pop1K7/midi_synchronized/src_002/387.mid,413e8a37808fd16f533fe853108831248b5dc70c123ac8e91da3c74095bcd633,b0f4be812dc6425a313181f5b2eda9e92203ffbbc9509b5280e545762bd85ced,3,-3,music21.key.krumhanslschmuckler,music21.key.aardenessen,same_release_path_plus_note_hash_music21_consensus_v1,53664a7ef3eed4af690568e16a357a2f88698e7f0a05fe854316b884807534da
music21_389.mid,D,389,pop1k7:src_002:389,data/pop1k7_official/Pop1K7/midi_analyzed/src_002/389.mid,6eb93aaf0a0a9cebcd576f91dd6bfe6968b78b594553146bae2a9f669a87dcca,data/pop1k7_official/Pop1K7/midi_synchronized/src_002/389.mid,edfa13371a882b7443d6b0dce70e87491264fb42b310e58392bd30f19e7f12d6,9bb55c4ce5d43f132e28262043f7ac48e4582d68365f98cd553b3297c46a3956,2,-2,music21.key.krumhanslschmuckler,music21.key.aardenessen,same_release_path_plus_note_hash_music21_consensus_v1,53664a7ef3eed4af690568e16a357a2f88698e7f0a05fe854316b884807534da
music21_390.mid,G,390,pop1k7:src_002:390,data/pop1k7_official/Pop1K7/midi_analyzed/src_002/390.mid,5a85cfcfc5da520309c2598d5455b5609d819bf0be2e6f26e52e4201a5255c43,data/pop1k7_official/Pop1K7/midi_synchronized/src_002/390.mid,16f790e368f6f72095be2b6a35cc422a626d248da338f64167a11aeb1f599520,8d376ca2077be134d0621016661421e2ed01c34c345e5d8be30f9301d12b1cd8,7,5,music21.key.krumhanslschmuckler,music21.key.aardenessen,same_release_path_plus_note_hash_music21_consensus_v1,53664a7ef3eed4af690568e16a357a2f88698e7f0a05fe854316b884807534da
music21_391.mid,e,391,pop1k7:src_002:391,data/pop1k7_official/Pop1K7/midi_analyzed/src_002/391.mid,7093fa427bb7610fe95a7846803c1d3f4e58a4830a20247b0988e551ca89d17f,data/pop1k7_official/Pop1K7/midi_synchronized/src_002/391.mid,03c6d314857deb02375df29dfbc150d934df1c82be45a9750151b776d9107d75,5b73426ad19f1a961ebff4dc3bcccafdfcd112fa29f197b958c2fe2bc11a0b27,7,5,music21.key.krumhanslschmuckler,music21.key.aardenessen,same_release_path_plus_note_hash_music21_consensus_v1,53664a7ef3eed4af690568e16a357a2f88698e7f0a05fe854316b884807534da
music21_392.mid,A,392,pop1k7:src_002:392,data/pop1k7_official/Pop1K7/midi_analyzed/src_002/392.mid,ab4f7ce1df3e05c1bac182da36e78ccd1880fa230376fadb37736ad561060cae,data/pop1k7_official/Pop1K7/midi_synchronized/src_002/392.mid,ddcbc44d5c3224be631101d6daa8944f4509070e37e02717dbb5924e4e621536,9bceb6c1487f36055ab99da4c6b1b934e320e4cda245a3866e863a28f70bb052,9,3,music21.key.krumhanslschmuckler,music21.key.aardenessen,same_release_path_plus_note_hash_music21_consensus_v1,53664a7ef3eed4af690568e16a357a2f88698e7f0a05fe854316b884807534da
music21_394.mid,C,394,pop1k7:src_002:394,data/pop1k7_official/Pop1K7/midi_analyzed/src_002/394.mid,c2bf87a66f0fe695692c28926e2fd0c30091389090f802b57d02cc09cb1d6b8a,data/pop1k7_official/Pop1K7/midi_synchronized/src_002/394.mid,4734dec1d63e75245a08da4ba79fab27f78e36eb4343b6d13c83a7f817747544,e826cc481d6c3000445df034dc8176629ec707b435c438e03876b7df1b37a96d,0,0,music21.key.krumhanslschmuckler,music21.key.aardenessen,same_release_path_plus_note_hash_music21_consensus_v1,53664a7ef3eed4af690568e16a357a2f88698e7f0a05fe854316b884807534da
music21_395.mid,Eb,395,pop1k7:src_002:395,data/pop1k7_official/Pop1K7/midi_analyzed/src_002/395.mid,c79adfdad77e482ffd863159ee89f6678d088a7111588eefe78d3d128c79e3ba,data/pop1k7_official/Pop1K7/midi_synchronized/src_002/395.mid,ccee23737bcaca1e066c38a10c8ca8d48027d54b57e71b982f3cb5c126908427,35ad8996c57b0a94971fc72e09a503633c2d9415579fce4eaba99298d387d6ba,3,-3,music21.key.krumhanslschmuckler,music21.key.aardenessen,same_release_path_plus_note_hash_music21_consensus_v1,53664a7ef3eed4af690568e16a357a2f88698e7f0a05fe854316b884807534da
music21_396.mid,F,396,pop1k7:src_002:396,data/pop1k7_official/Pop1K7/midi_analyzed/src_002/396.mid,0fe40a081aaa6f1b160e8b99a7d7d35c4f6948acffaf14f79a50ebca47c498b8,data/pop1k7_official/Pop1K7/midi_synchronized/src_002/396.mid,f70a0341a688d5a1e0ff6fbc150721e53a52c81869ad6f38a66952429632ba8e,b621b7f91b9be3b3b18285b3b318278287d967a2514ffe891a696523c6a67f08,5,-5,music21.key.krumhanslschmuckler,music21.key.aardenessen,same_release_path_plus_note_hash_music21_consensus_v1,53664a7ef3eed4af690568e16a357a2f88698e7f0a05fe854316b884807534da
music21_397.mid,Ab,397,pop1k7:src_002:397,data/pop1k7_official/Pop1K7/midi_analyzed/src_002/397.mid,78e52a6f1d5054f4b7babacb9e6afbfbd8bab7c19dae7662ed75f99426fdd3e3,data/pop1k7_official/Pop1K7/midi_synchronized/src_002/397.mid,c6866c265b220270190c57b35a261d22577260c671d3d44c648541d1bdbdde8a,2a95b15a917c3ab0175cdd9116ddcd7dd79b0699b39a1d8217ac258fc2d98659,8,4,music21.key.krumhanslschmuckler,music21.key.aardenessen,same_release_path_plus_note_hash_music21_consensus_v1,53664a7ef3eed4af690568e16a357a2f88698e7f0a05fe854316b884807534da
music21_398.mid,e,398,pop1k7:src_002:398,data/pop1k7_official/Pop1K7/midi_analyzed/src_002/398.mid,4de9f38d54b8b636e87113a325fd611583e48d0d7f92e017eeb2f26bc60f688b,data/pop1k7_official/Pop1K7/midi_synchronized/src_002/398.mid,68fdb5808f0563a29d373cafae9d89c85e3f2975c8890a55174fd96048dd2cac,9810759301bf182c80a4c6bf4debf5e77942d17f783bc3bdbf458184c77f04fc,7,5,music21.key.krumhanslschmuckler,music21.key.aardenessen,same_release_path_plus_note_hash_music21_consensus_v1,53664a7ef3eed4af690568e16a357a2f88698e7f0a05fe854316b884807534da
music21_399.mid,D,399,pop1k7:src_002:399,data/pop1k7_official/Pop1K7/midi_analyzed/src_002/399.mid,51fa51b8fce5758c48ba63ec9e3789b0d7fc4049ca4cfe7896a3e5d1233f2b4c,data/pop1k7_official/Pop1K7/midi_synchronized/src_002/399.mid,8258cd8d0fa6a58c09b66d9633f3560f05ebc4c19d2499e4519286a66c673daa,be296e58df02741390ba023f7883c2119e95f6012918cad70d9c5ca0f0915ac9,2,-2,music21.key.krumhanslschmuckler,music21.key.aardenessen,same_release_path_plus_note_hash_music21_consensus_v1,53664a7ef3eed4af690568e16a357a2f88698e7f0a05fe854316b884807534da
music21_400.mid,C#,400,pop1k7:src_002:400,data/pop1k7_official/Pop1K7/midi_analyzed/src_002/400.mid,ff27ccabb2e90e07e2e9b6faff00186efe7288001e0ec7df9f3f046e2952469a,data/pop1k7_official/Pop1K7/midi_synchronized/src_002/400.mid,b09d2e362cef38d4cf57d60a15a827ca06500f86b487afcb8ea7c43052a31507,19de7ba05cc902cb9127c736fd9aad7598fc21d1dc499eb7b0bb0852bc9147f5,1,-1,music21.key.krumhanslschmuckler,music21.key.aardenessen,same_release_path_plus_note_hash_music21_consensus_v1,53664a7ef3eed4af690568e16a357a2f88698e7f0a05fe854316b884807534da
music21_401.mid,E,401,pop1k7:src_002:401,data/pop1k7_official/Pop1K7/midi_analyzed/src_002/401.mid,64aef0a68f05e8a84059d14ca1f4d9b779e07226d93a676405a9ade6c4d73e63,data/pop1k7_official/Pop1K7/midi_synchronized/src_002/401.mid,cff91dffaf5907679da2bf0e17c6d17f9cf6bcceee6a3ff0b208379a8e21528b,7c31c4f0337ad51d7c8c61f79decdcf9abc0e2934a0290476963a3e91d67fed9,4,-4,music21.key.krumhanslschmuckler,music21.key.aardenessen,same_release_path_plus_note_hash_music21_consensus_v1,53664a7ef3eed4af690568e16a357a2f88698e7f0a05fe854316b884807534da
music21_402.mid,d,402,pop1k7:src_002:402,data/pop1k7_official/Pop1K7/midi_analyzed/src_002/402.mid,b2157cbefcc8aa68d8da55e3cdc52862164ea64fe0469567869df06c5585fa0d,data/pop1k7_official/Pop1K7/midi_synchronized/src_002/402.mid,00f57517fdb61d97189734f9e35d0d142bf20bb99f87c0f0d092f8bf3107777e,31a3d2cb0807bcb321e260cb82e7e4bc7d74284f769b036d70466a5ae5c4459c,5,-5,music21.key.krumhanslschmuckler,music21.key.aardenessen,same_release_path_plus_note_hash_music21_consensus_v1,53664a7ef3eed4af690568e16a357a2f88698e7f0a05fe854316b884807534da
music21_403.mid,C,403,pop1k7:src_002:403,data/pop1k7_official/Pop1K7/midi_analyzed/src_002/403.mid,4c6acc8a567dc288d8d2e92c9fb9ec0155638ce808865f147083394c0efe5603,data/pop1k7_official/Pop1K7/midi_synchronized/src_002/403.mid,2cf033eb8b84b2a576dc4a2ce04a283d0f2a8e010c86aa5fb0ec1e5c5aff492d,7107b68c46785ded2c636301e072f6a855adb283b02dd60efe5971aeba0c7c40,0,0,music21.key.krumhanslschmuckler,music21.key.aardenessen,same_release_path_plus_note_hash_music21_consensus_v1,53664a7ef3eed4af690568e16a357a2f88698e7f0a05fe854316b884807534da
music21_404.mid,F,404,pop1k7:src_002:404,data/pop1k7_official/Pop1K7/midi_analyzed/src_002/404.mid,919c4b14622debb783267c4d971e330d558f5f8223a19ac603cd811287f2312f,data/pop1k7_official/Pop1K7/midi_synchronized/src_002/404.mid,2e8835bc75273984bb1776b34105785607bef8acf794688ed88d15334764ea29,43eeda31aaa6c06e8331a011e6d53f321b3803d51f8a5c0226fd9363eccf65cc,5,-5,music21.key.krumhanslschmuckler,music21.key.aardenessen,same_release_path_plus_note_hash_music21_consensus_v1,53664a7ef3eed4af690568e16a357a2f88698e7f0a05fe854316b884807534da
music21_405.mid,A,405,pop1k7:src_002:405,data/pop1k7_official/Pop1K7/midi_analyzed/src_002/405.mid,d4dd13540d30e57ef07903d3be2ebb47ccf4c6b1788e64f6ed4963da85040ccf,data/pop1k7_official/Pop1K7/midi_synchronized/src_002/405.mid,fc6a6f4448fb1089a048e7c4cd157d7509fc047da9468d7419311c5c640a142e,6c8b63549a473312733820fe35a350986397b07943c1a37ed2b57476d1dcfafb,9,3,music21.key.krumhanslschmuckler,music21.key.aardenessen,same_release_path_plus_note_hash_music21_consensus_v1,53664a7ef3eed4af690568e16a357a2f88698e7f0a05fe854316b884807534da
music21_407.mid,F#,407,pop1k7:src_002:407,data/pop1k7_official/Pop1K7/midi_analyzed/src_002/407.mid,fc2e13e86a26f6b559ed4d45d0a80e99e78566ab0abbe6469769eb6c0dd32139,data/pop1k7_official/Pop1K7/midi_synchronized/src_002/407.mid,dd2eda2e64208553ae35d27f8783b0f5758fdc01b33e0056e9785aa21aa80bf4,590527e7b62f1fd6a15b085d943082c2dd36712479eda39996cc9f52eb5df84e,6,6,music21.key.krumhanslschmuckler,music21.key.aardenessen,same_release_path_plus_note_hash_music21_consensus_v1,53664a7ef3eed4af690568e16a357a2f88698e7f0a05fe854316b884807534da
music21_409.mid,D,409,pop1k7:src_002:409,data/pop1k7_official/Pop1K7/midi_analyzed/src_002/409.mid,1d777c928426aabf297e64d0283a0c1a29f9962068a2d3e41ddddf2b46ac1f74,data/pop1k7_official/Pop1K7/midi_synchronized/src_002/409.mid,5169fd0a0a4cbf6faa788a7e52694d6c5963778d09850d8940a61a0176550ba9,9e28bdf3bbcf3c5f967a9f60f3e37e0862f61867ade83483fd21fd8a2ec048fe,2,-2,music21.key.krumhanslschmuckler,music21.key.aardenessen,same_release_path_plus_note_hash_music21_consensus_v1,53664a7ef3eed4af690568e16a357a2f88698e7f0a05fe854316b884807534da
music21_410.mid,F,410,pop1k7:src_002:410,data/pop1k7_official/Pop1K7/midi_analyzed/src_002/410.mid,f3e1050b0f9b07ec9132fd68b94f0004b600de9a2a7cd52933698992e9daf9fd,data/pop1k7_official/Pop1K7/midi_synchronized/src_002/410.mid,33091117aa27a13d55b415fd661e355f6889edd73f73f191c8a116b572495bd4,b82505cf9d7d4d838864e43e376e30bac5a7853ae612323ea3816d7d094f0ff3,5,-5,music21.key.krumhanslschmuckler,music21.key.aardenessen,same_release_path_plus_note_hash_music21_consensus_v1,53664a7ef3eed4af690568e16a357a2f88698e7f0a05fe854316b884807534da
music21_412.mid,g,412,pop1k7:src_002:412,data/pop1k7_official/Pop1K7/midi_analyzed/src_002/412.mid,ec6022c7c3c885015365c0cc271045fdb94028dd57d45214cf9560c1a48d9268,data/pop1k7_official/Pop1K7/midi_synchronized/src_002/412.mid,aadcba6f9daadb3b96d29bfd93052c63fa78275798d1eba5bf7174fc82b6a8f1,acd950ae156b60b64f1df56eb698f9db54b8c01bd4775cd0b69227c618727dda,10,2,music21.key.krumhanslschmuckler,music21.key.aardenessen,same_release_path_plus_note_hash_music21_consensus_v1,53664a7ef3eed4af690568e16a357a2f88698e7f0a05fe854316b884807534da
music21_413.mid,F#,413,pop1k7:src_002:413,data/pop1k7_official/Pop1K7/midi_analyzed/src_002/413.mid,7c1fc60010cf9805fcdad635eed9a73777e710c4839778f7e9cafad25e677a51,data/pop1k7_official/Pop1K7/midi_synchronized/src_002/413.mid,1b92686844625161a8e1677e7967fd444082a3272daf8775b1a0a26c269f197b,ef513b2ead7ff709077f0cbdff469825f7669b11d7f9b423ffbbdb28cb131686,6,6,music21.key.krumhanslschmuckler,music21.key.aardenessen,same_release_path_plus_note_hash_music21_consensus_v1,53664a7ef3eed4af690568e16a357a2f88698e7f0a05fe854316b884807534da
music21_414.mid,F#,414,pop1k7:src_002:414,data/pop1k7_official/Pop1K7/midi_analyzed/src_002/414.mid,a5a43187da8f0364df838aa4ed1746a1260d6f517e7bdadbc71a455d447f1115,data/pop1k7_official/Pop1K7/midi_synchronized/src_002/414.mid,a1f24a235504e9137d2517fbd90fafff50fc11a1c6679e466364fe1fd1899dd9,a2fcab92237f23fcc9374f8981e30d0fdb3885677d6866819abdb241f2e7afc8,6,6,music21.key.krumhanslschmuckler,music21.key.aardenessen,same_release_path_plus_note_hash_music21_consensus_v1,53664a7ef3eed4af690568e16a357a2f88698e7f0a05fe854316b884807534da
music21_415.mid,G,415,pop1k7:src_002:415,data/pop1k7_official/Pop1K7/midi_analyzed/src_002/415.mid,b8566aafe1376b385373df202dc68f23613bbfbf7b508ef014c274384e3c3e81,data/pop1k7_official/Pop1K7/midi_synchronized/src_002/415.mid,68904ed682aa04f8a654c37bf97d3f64539f695015e4207598d3249c1204268f,5d357a6edef5a801c12e1a64345e18266276d7c7a0317e2b8be6be1e4177ae85,7,5,music21.key.krumhanslschmuckler,music21.key.aardenessen,same_release_path_plus_note_hash_music21_consensus_v1,53664a7ef3eed4af690568e16a357a2f88698e7f0a05fe854316b884807534da
music21_416.mid,b,416,pop1k7:src_002:416,data/pop1k7_official/Pop1K7/midi_analyzed/src_002/416.mid,f8c9476944758a12ba367a5b59896740cb5e2679c962296fd834f9ca7639e513,data/pop1k7_official/Pop1K7/midi_synchronized/src_002/416.mid,041d9522304d2e9853f9183198357354abc5d32c360cad6106dd9be9be440d20,fecb46e76d3b12590b2b89bfc06dcc3ec4bc23292466d9413b79087dc75f0829,2,-2,music21.key.krumhanslschmuckler,music21.key.aardenessen,same_release_path_plus_note_hash_music21_consensus_v1,53664a7ef3eed4af690568e16a357a2f88698e7f0a05fe854316b884807534da
music21_417.mid,G,417,pop1k7:src_002:417,data/pop1k7_official/Pop1K7/midi_analyzed/src_002/417.mid,91c8964557ba577d92fad49de8e10274568705e555ff3717b9a20d9848401203,data/pop1k7_official/Pop1K7/midi_synchronized/src_002/417.mid,c4012d31cddca8af53dfde4ee86f4f6b9b70f176a16ad9ba0619e2d7b1e80ec5,64436cc9af60248d1c1dc41dd193ebfa720ea263c4326e8d7d1116a997902e7e,7,5,music21.key.krumhanslschmuckler,music21.key.aardenessen,same_release_path_plus_note_hash_music21_consensus_v1,53664a7ef3eed4af690568e16a357a2f88698e7f0a05fe854316b884807534da
music21_418.mid,Eb,418,pop1k7:src_002:418,data/pop1k7_official/Pop1K7/midi_analyzed/src_002/418.mid,75ff0174a62443e0d24a3a255491025e36811893d9c838ab794b09dd3e5b184a,data/pop1k7_official/Pop1K7/midi_synchronized/src_002/418.mid,b7ceb9d027f0ae2fdc8a49c0f5cd5df0104815eb5a3e65c7785c6cff1a6e6a41,8c9aa7dc3bd9eb3f6887b0cd425af2b7e52cff8cadca74fc16c507673a2f26a2,3,-3,music21.key.krumhanslschmuckler,music21.key.aardenessen,same_release_path_plus_note_hash_music21_consensus_v1,53664a7ef3eed4af690568e16a357a2f88698e7f0a05fe854316b884807534da
music21_421.mid,C,421,pop1k7:src_002:421,data/pop1k7_official/Pop1K7/midi_analyzed/src_002/421.mid,77115c3d6aec619c5363c122078ee6cfcf8252a3de43fb9e65ef52dd32268539,data/pop1k7_official/Pop1K7/midi_synchronized/src_002/421.mid,eb6f1ecb2b71a9e345b16fcb876e3822c24f1c1e973eeeaa0ab52be143febfe7,c235ab1b6371721c25366ba2e0b31d516d2de32ad2d1c1a8437967df68c20e57,0,0,music21.key.krumhanslschmuckler,music21.key.aardenessen,same_release_path_plus_note_hash_music21_consensus_v1,53664a7ef3eed4af690568e16a357a2f88698e7f0a05fe854316b884807534da
music21_422.mid,D,422,pop1k7:src_002:422,data/pop1k7_official/Pop1K7/midi_analyzed/src_002/422.mid,724d8a97ef86ff01d88694216c33ceec1757ec47516ef5bdd2380bbcbaa2161c,data/pop1k7_official/Pop1K7/midi_synchronized/src_002/422.mid,990d7eb284b760f5ba0a416b69815cc38f6bc2bbde2159a3a27ed5665ba3c55f,efdbe2873a2d65a4a96fd51d146670321d4af908ad2688e8539f82bb53fa4f64,2,-2,music21.key.krumhanslschmuckler,music21.key.aardenessen,same_release_path_plus_note_hash_music21_consensus_v1,53664a7ef3eed4af690568e16a357a2f88698e7f0a05fe854316b884807534da
music21_424.mid,C#,424,pop1k7:src_002:424,data/pop1k7_official/Pop1K7/midi_analyzed/src_002/424.mid,497384860256459ebc9316ac3560dca92c0881e25a2333a49a6afb11b5917dbf,data/pop1k7_official/Pop1K7/midi_synchronized/src_002/424.mid,af576ce9a656fd41ce86a75cf41c71fb387a0a8ee7de645d5ad11abfcee4ece0,4a0bf92c5083c56eb6d81c54c84eba18cd5f6e7d06d7c0bda2178d7aeaca80e0,1,-1,music21.key.krumhanslschmuckler,music21.key.aardenessen,same_release_path_plus_note_hash_music21_consensus_v1,53664a7ef3eed4af690568e16a357a2f88698e7f0a05fe854316b884807534da
music21_425.mid,Ab,425,pop1k7:src_002:425,data/pop1k7_official/Pop1K7/midi_analyzed/src_002/425.mid,d27e7187b1f2f69d74d97c80ec7ac8bf1995968b60d51ce1591aa28872c0e16a,data/pop1k7_official/Pop1K7/midi_synchronized/src_002/425.mid,e3e471fd81bec056be6bb26c2c3c64841e98397455d5ec9dac79183fa48bcd12,c24948556c3bc92c52fc2792de5e023b4790fc232c1c2b8ade0e5f0af771999f,8,4,music21.key.krumhanslschmuckler,music21.key.aardenessen,same_release_path_plus_note_hash_music21_consensus_v1,53664a7ef3eed4af690568e16a357a2f88698e7f0a05fe854316b884807534da
music21_427.mid,B,427,pop1k7:src_002:427,data/pop1k7_official/Pop1K7/midi_analyzed/src_002/427.mid,703152706b3f3075822a7485e812ca14001a199a485194b2312c25ec788d0158,data/pop1k7_official/Pop1K7/midi_synchronized/src_002/427.mid,3d4f8f36b45c4cd72b9c78cfd87be85f708ea29f620181eae5e97ca4070c4c31,e67dfa694d0e465b03c95bef424fc0a0b1bb20d0093aea215ff8cf214a971ccd,11,1,music21.key.krumhanslschmuckler,music21.key.aardenessen,same_release_path_plus_note_hash_music21_consensus_v1,53664a7ef3eed4af690568e16a357a2f88698e7f0a05fe854316b884807534da
music21_428.mid,Eb,428,pop1k7:src_002:428,data/pop1k7_official/Pop1K7/midi_analyzed/src_002/428.mid,2dd58c7af9aa8ca034758415b6d6b838eecf185c1438633d191fe368487b097b,data/pop1k7_official/Pop1K7/midi_synchronized/src_002/428.mid,12d5911c41fbbac6d3d95919517423f5272308b0e1f3e4eaff4c64fd066d3a50,a00f85d2b5d7dbcb624e379eebae1df6539618937f2c475f822ba890eddc3c8a,3,-3,music21.key.krumhanslschmuckler,music21.key.aardenessen,same_release_path_plus_note_hash_music21_consensus_v1,53664a7ef3eed4af690568e16a357a2f88698e7f0a05fe854316b884807534da
music21_429.mid,Ab,429,pop1k7:src_002:429,data/pop1k7_official/Pop1K7/midi_analyzed/src_002/429.mid,c1a02a7b06c5a8e58994fb4e9155b3e3bba8e2c05dfe92876336adbe7899c085,data/pop1k7_official/Pop1K7/midi_synchronized/src_002/429.mid,d56a53632092817a4709d1f46987a3f3c20539e5cf59066bb391fc45a3669385,8bac217c4b856214ab392f3f6a1359224be383a736210b6a3fa4bfb1eccd975b,8,4,music21.key.krumhanslschmuckler,music21.key.aardenessen,same_release_path_plus_note_hash_music21_consensus_v1,53664a7ef3eed4af690568e16a357a2f88698e7f0a05fe854316b884807534da
music21_430.mid,d,430,pop1k7:src_002:430,data/pop1k7_official/Pop1K7/midi_analyzed/src_002/430.mid,b195339a8d4a570bafece384616b6509d26dc821fb20a24672a6523f2defdbab,data/pop1k7_official/Pop1K7/midi_synchronized/src_002/430.mid,fff8d9f089721bfa0a29acec8ba295df27e7a3039f58275f7c8269d969345851,74e8c11fe938c9c84eec81f6c0676e89a88c1e4ec3495f3c021a3cadfb5be39b,5,-5,music21.key.krumhanslschmuckler,music21.key.aardenessen,same_release_path_plus_note_hash_music21_consensus_v1,53664a7ef3eed4af690568e16a357a2f88698e7f0a05fe854316b884807534da
music21_431.mid,C#,431,pop1k7:src_002:431,data/pop1k7_official/Pop1K7/midi_analyzed/src_002/431.mid,7029689c127adfeb9312ab46cb783546bc169f32fc7cef1bd37639e3d2bd106c,data/pop1k7_official/Pop1K7/midi_synchronized/src_002/431.mid,07b90233e1161c12824b4d38f5225e4d0cd8d9c5735949fb03f232b0b74e4ada,01ca52b78dad3399add9f97547e8be268c7be4b945a13a2947cd5556348ec902,1,-1,music21.key.krumhanslschmuckler,music21.key.aardenessen,same_release_path_plus_note_hash_music21_consensus_v1,53664a7ef3eed4af690568e16a357a2f88698e7f0a05fe854316b884807534da
music21_433.mid,e,433,pop1k7:src_002:433,data/pop1k7_official/Pop1K7/midi_analyzed/src_002/433.mid,76e30dde6343cf2314f73ac6bc83ea646b714af55392b0524e6b2e4fee53f77a,data/pop1k7_official/Pop1K7/midi_synchronized/src_002/433.mid,c7c2618175a591b6022a1c9b1194bd73a738a947a3440e1453e0d16f354af40a,c5c8f700e44967a997ebab793d311dd74bdb299fe4edb63e4e453fbfccfd8b7c,7,5,music21.key.krumhanslschmuckler,music21.key.aardenessen,same_release_path_plus_note_hash_music21_consensus_v1,53664a7ef3eed4af690568e16a357a2f88698e7f0a05fe854316b884807534da
music21_434.mid,Eb,434,pop1k7:src_002:434,data/pop1k7_official/Pop1K7/midi_analyzed/src_002/434.mid,3f1265ecb1c5812cd4d8259ad9fdc16b99961b0f9215930b93a7a0dc62212e7c,data/pop1k7_official/Pop1K7/midi_synchronized/src_002/434.mid,b83927d34a00e6a5cf2b0f3b7e87f684e98369e617674ddc044084f1e7a433bf,22ceee59ee1fb26e1bc63e951f6052f17b8d586e8d867743533cbe258d978acf,3,-3,music21.key.krumhanslschmuckler,music21.key.aardenessen,same_release_path_plus_note_hash_music21_consensus_v1,53664a7ef3eed4af690568e16a357a2f88698e7f0a05fe854316b884807534da
music21_435.mid,g,435,pop1k7:src_002:435,data/pop1k7_official/Pop1K7/midi_analyzed/src_002/435.mid,2ed3ae2bd868cb8c9dd0cc36c23b9b0363a1fe7d2b596c7c1004c0eab1dcd4a0,data/pop1k7_official/Pop1K7/midi_synchronized/src_002/435.mid,09ef8976f48360377c192aad34c2224e175a8254559537e4a51e4f311ed1dce7,f6e4dcfcf652dbee719c226bfd45d0cfbd74d895b099599265479c33aa18b994,10,2,music21.key.krumhanslschmuckler,music21.key.aardenessen,same_release_path_plus_note_hash_music21_consensus_v1,53664a7ef3eed4af690568e16a357a2f88698e7f0a05fe854316b884807534da
music21_437.mid,C,437,pop1k7:src_002:437,data/pop1k7_official/Pop1K7/midi_analyzed/src_002/437.mid,50e519db88a418f8617ac4ba003535d43ed15f81eeaac5f8b6dde25bb0fabdd1,data/pop1k7_official/Pop1K7/midi_synchronized/src_002/437.mid,04b0734243767d339d5d3e85274ea132ae296a1598a2d1fef4fb6ec6aa45f43e,0c28a79551a7da97cd0b1bd53d2c46861155ce2b02fad7ca327b482e7c9d63a0,0,0,music21.key.krumhanslschmuckler,music21.key.aardenessen,same_release_path_plus_note_hash_music21_consensus_v1,53664a7ef3eed4af690568e16a357a2f88698e7f0a05fe854316b884807534da
music21_439.mid,Bb,439,pop1k7:src_002:439,data/pop1k7_official/Pop1K7/midi_analyzed/src_002/439.mid,28bbef550c47f8d0399d4a0a10e95cbb01a3bb570e46a6cc3cf9c5d28cfccbed,data/pop1k7_official/Pop1K7/midi_synchronized/src_002/439.mid,1698005c5f4d67963751051501ef3d6aa60e468ee22085cbbd6480db48271758,6a7a3cacccfb6960c2d3ff9b01b837a5acf4ac06bb8ffa1e84b32f4a55d39aad,10,2,music21.key.krumhanslschmuckler,music21.key.aardenessen,same_release_path_plus_note_hash_music21_consensus_v1,53664a7ef3eed4af690568e16a357a2f88698e7f0a05fe854316b884807534da
music21_440.mid,G,440,pop1k7:src_002:440,data/pop1k7_official/Pop1K7/midi_analyzed/src_002/440.mid,f4b81a3eac58f1895ef711cb55f1564666fbf900bfbdd93e884435d401060dba,data/pop1k7_official/Pop1K7/midi_synchronized/src_002/440.mid,e674eb6cf329ff26f0d3b9de60279275fd92aed65bffad0327c22e51766d3896,062104b19ec7c627506a4e427ace7ded42eb1580d0c9ec09e6a7731538eaf30d,7,5,music21.key.krumhanslschmuckler,music21.key.aardenessen,same_release_path_plus_note_hash_music21_consensus_v1,53664a7ef3eed4af690568e16a357a2f88698e7f0a05fe854316b884807534da
music21_441.mid,d,441,pop1k7:src_002:441,data/pop1k7_official/Pop1K7/midi_analyzed/src_002/441.mid,d903f8cca981ea8982bf806fa100d80450a8e119bf07e75c4b6f76f2eb730ea6,data/pop1k7_official/Pop1K7/midi_synchronized/src_002/441.mid,13179dbdb98f5250d87902bf2f026ca4e3758ecc223799f474e034530849c56c,8e9764331d37fe451b935d168e9a8d815486be5ef5369d95a82451fc0d0f0351,5,-5,music21.key.krumhanslschmuckler,music21.key.aardenessen,same_release_path_plus_note_hash_music21_consensus_v1,53664a7ef3eed4af690568e16a357a2f88698e7f0a05fe854316b884807534da
music21_443.mid,b,443,pop1k7:src_002:443,data/pop1k7_official/Pop1K7/midi_analyzed/src_002/443.mid,ba810a76edbffd1723455c8985f54d75847fa3460718d081a17be4d7d38111c7,data/pop1k7_official/Pop1K7/midi_synchronized/src_002/443.mid,2d0b979c41e407318d9f5e61a113e329c53be94f98654831c4ebcadab7f81521,3eacaf105cfa178ac08bb3f5ee4357e37cb46012d6bc046ba78a54b13d378756,2,-2,music21.key.krumhanslschmuckler,music21.key.aardenessen,same_release_path_plus_note_hash_music21_consensus_v1,53664a7ef3eed4af690568e16a357a2f88698e7f0a05fe854316b884807534da
music21_444.mid,D,444,pop1k7:src_002:444,data/pop1k7_official/Pop1K7/midi_analyzed/src_002/444.mid,bd0fa0d424f8d3c2a853ed8b0d44f16eff49bc9742ae1665e0a52c564725dab1,data/pop1k7_official/Pop1K7/midi_synchronized/src_002/444.mid,6dedba6fe8e3e1c05f0d005d457a8afee6ef929b0308e5c811252d9740dc4050,b08c24961e130e7cb77ca2294f35c9e0e4eb9ab36871cf29b9893c22be4900c8,2,-2,music21.key.krumhanslschmuckler,music21.key.aardenessen,same_release_path_plus_note_hash_music21_consensus_v1,53664a7ef3eed4af690568e16a357a2f88698e7f0a05fe854316b884807534da
music21_445.mid,eb,445,pop1k7:src_002:445,data/pop1k7_official/Pop1K7/midi_analyzed/src_002/445.mid,6b4cd695b881c65e5436165be0d3065deae76c0e6d8720588aa9defc3bc65421,data/pop1k7_official/Pop1K7/midi_synchronized/src_002/445.mid,923d5d6ab06a3724398971523c67a557b5ef35418de97a0506eaafec96372a96,fc11aa31a427271350253e62be298f30a020bce8c02f9a2f92a03a18e239f663,6,6,music21.key.krumhanslschmuckler,music21.key.aardenessen,same_release_path_plus_note_hash_music21_consensus_v1,53664a7ef3eed4af690568e16a357a2f88698e7f0a05fe854316b884807534da
music21_447.mid,E,447,pop1k7:src_002:447,data/pop1k7_official/Pop1K7/midi_analyzed/src_002/447.mid,a6d937467c18e751f82a96f2a003724bd1796b19fd94e5b4e9b73d842f5c70ca,data/pop1k7_official/Pop1K7/midi_synchronized/src_002/447.mid,ac873c0c1d7ba2090efb0a9bb48ad1a616456d95154730476621d5acec6f0627,706a316e4208fa4a12b95a182c9ded563f39c38ce8854dc468f3fa13ee8510d8,4,-4,music21.key.krumhanslschmuckler,music21.key.aardenessen,same_release_path_plus_note_hash_music21_consensus_v1,53664a7ef3eed4af690568e16a357a2f88698e7f0a05fe854316b884807534da
music21_449.mid,F,449,pop1k7:src_002:449,data/pop1k7_official/Pop1K7/midi_analyzed/src_002/449.mid,4a05bcd354c82bcb5a4cb30f379e5c3171b0e80b1835b717a33e6208383338c4,data/pop1k7_official/Pop1K7/midi_synchronized/src_002/449.mid,938fff1c90bcc684007aca48d59185fafa236bf02a0618099ef7dd1ee2cdba3a,bbcc4daef2b837caff0a4dd5cc485f37cf285cad2efa0e2ee7fcb8ea1e7932c5,5,-5,music21.key.krumhanslschmuckler,music21.key.aardenessen,same_release_path_plus_note_hash_music21_consensus_v1,53664a7ef3eed4af690568e16a357a2f88698e7f0a05fe854316b884807534da
music21_450.mid,Ab,450,pop1k7:src_002:450,data/pop1k7_official/Pop1K7/midi_analyzed/src_002/450.mid,1cf9a5649a6bb01c9f424773522d73c7c3088f482f8c6888e98cdbbfa3c65f81,data/pop1k7_official/Pop1K7/midi_synchronized/src_002/450.mid,c3d537a65f2ee0fff6480873e9a68a8e30473db37cfcdac2f4385059fa82243e,b3ce2c50fedbe016f0ba40c53ae4c36c978c91ced47a16e5dabf29d29800b5d9,8,4,music21.key.krumhanslschmuckler,music21.key.aardenessen,same_release_path_plus_note_hash_music21_consensus_v1,53664a7ef3eed4af690568e16a357a2f88698e7f0a05fe854316b884807534da
music21_451.mid,f,451,pop1k7:src_002:451,data/pop1k7_official/Pop1K7/midi_analyzed/src_002/451.mid,1ad33ee3c6a610013cd90c83534672cc05d714486d24345e232386a52e11dd98,data/pop1k7_official/Pop1K7/midi_synchronized/src_002/451.mid,2d70d7c17dcc60a7f4b158693e32e828782020a34aef52af32d5c430895fb46e,dd24ad706a9bd3fe614fc744e2fe238ea491546982b81621cdfe51aa8de93b07,8,4,music21.key.krumhanslschmuckler,music21.key.aardenessen,same_release_path_plus_note_hash_music21_consensus_v1,53664a7ef3eed4af690568e16a357a2f88698e7f0a05fe854316b884807534da
music21_453.mid,A,453,pop1k7:src_002:453,data/pop1k7_official/Pop1K7/midi_analyzed/src_002/453.mid,773f06996ca2ad2df95f5674da321bda4694772cf3e4f881b2e6fa6cccbe8c40,data/pop1k7_official/Pop1K7/midi_synchronized/src_002/453.mid,ec9ab09fc6a9f76695d427620512b58bdcf61f33717613c7f2829732f16e922d,3ff39b6e71ae5753d3cb01fcfea6004571ee7168b1c33e819fcd73c9ae715aae,9,3,music21.key.krumhanslschmuckler,music21.key.aardenessen,same_release_path_plus_note_hash_music21_consensus_v1,53664a7ef3eed4af690568e16a357a2f88698e7f0a05fe854316b884807534da
music21_454.mid,Bb,454,pop1k7:src_002:454,data/pop1k7_official/Pop1K7/midi_analyzed/src_002/454.mid,2092ce47621eb149c5830d89481336d1cfc3d7d527d5900df62142a71dbb1f5e,data/pop1k7_official/Pop1K7/midi_synchronized/src_002/454.mid,10d7487bef33506f20eecf0351eeb9fc01ea0a16df95e53da4b3a2fb0e9ba1c6,6de3825f0d40a8ad14fb9748be0954ffc90313ff4508e1c32f4dcf1a0a25c521,10,2,music21.key.krumhanslschmuckler,music21.key.aardenessen,same_release_path_plus_note_hash_music21_consensus_v1,53664a7ef3eed4af690568e16a357a2f88698e7f0a05fe854316b884807534da
music21_455.mid,g,455,pop1k7:src_002:455,data/pop1k7_official/Pop1K7/midi_analyzed/src_002/455.mid,3672c7d870edbfd431edd95248829d1782398986acdda1dd3576a0470fd1072b,data/pop1k7_official/Pop1K7/midi_synchronized/src_002/455.mid,f28c7279a4b5b43b2ec1199843711a4317e30166ea0a87a37595bfc436715ecf,b10bc58addf7ff46595d24b4f6cd4220b97f179c629c56c147ac8af22d989024,10,2,music21.key.krumhanslschmuckler,music21.key.aardenessen,same_release_path_plus_note_hash_music21_consensus_v1,53664a7ef3eed4af690568e16a357a2f88698e7f0a05fe854316b884807534da
music21_457.mid,G,457,pop1k7:src_002:457,data/pop1k7_official/Pop1K7/midi_analyzed/src_002/457.mid,c9c3546810a61edde62a795bfbf92433c781d0c41617be4816cf53de0c72ab25,data/pop1k7_official/Pop1K7/midi_synchronized/src_002/457.mid,b207f2d90e992db423456dabb2c1b74c664f9ba46d8eb4a650202d8fe61126e3,6d009a7fdc072f4904a639ef1e3d87b5c4bfe2dc0f696d3a71426b614f696d37,7,5,music21.key.krumhanslschmuckler,music21.key.aardenessen,same_release_path_plus_note_hash_music21_consensus_v1,53664a7ef3eed4af690568e16a357a2f88698e7f0a05fe854316b884807534da
music21_458.mid,c,458,pop1k7:src_002:458,data/pop1k7_official/Pop1K7/midi_analyzed/src_002/458.mid,30bccc15683f40d13c5a806a6eaefce0b62fcdf6f8f956bd6ea6eb0cf890f03a,data/pop1k7_official/Pop1K7/midi_synchronized/src_002/458.mid,b192a7bde55fd2e69488571bab5bfa4c603130186c69677c4adffb0336b94a1e,698aa029634abcb557288b8a623af1946a0e7eaec4559c9851cba4d90dcf252c,3,-3,music21.key.krumhanslschmuckler,music21.key.aardenessen,same_release_path_plus_note_hash_music21_consensus_v1,53664a7ef3eed4af690568e16a357a2f88698e7f0a05fe854316b884807534da
music21_459.mid,eb,459,pop1k7:src_002:459,data/pop1k7_official/Pop1K7/midi_analyzed/src_002/459.mid,9dc0747009add6e00eefa4821f79735591546148cabe41da82dfdff947a3d3b2,data/pop1k7_official/Pop1K7/midi_synchronized/src_002/459.mid,1d1ea55557615dcf949020bdc86e9c05c5c6fbe52a2d858f62d2af0f6e8657d2,912a07961e7882c71ca003862a9bae3a23423617db254a48048cef06721c45d1,6,6,music21.key.krumhanslschmuckler,music21.key.aardenessen,same_release_path_plus_note_hash_music21_consensus_v1,53664a7ef3eed4af690568e16a357a2f88698e7f0a05fe854316b884807534da
music21_460.mid,A,460,pop1k7:src_002:460,data/pop1k7_official/Pop1K7/midi_analyzed/src_002/460.mid,4875f698d7f371fe7fc5fbb586e80f26df968ec4a0afd975ad8d27dac6f1862a,data/pop1k7_official/Pop1K7/midi_synchronized/src_002/460.mid,559f91312d8caa76dd24d51925232a4ed3e1f9385d25152742dc163b18521083,7ead27b946ab59e58ebd6f40f454eb67da3b0762b12c134139c6a48b7f4b3941,9,3,music21.key.krumhanslschmuckler,music21.key.aardenessen,same_release_path_plus_note_hash_music21_consensus_v1,53664a7ef3eed4af690568e16a357a2f88698e7f0a05fe854316b884807534da
music21_461.mid,f,461,pop1k7:src_002:461,data/pop1k7_official/Pop1K7/midi_analyzed/src_002/461.mid,caf1f792c0a061c76cf5166559307599dd7266550eecbf38c3fae4631a54a27b,data/pop1k7_official/Pop1K7/midi_synchronized/src_002/461.mid,83f699aa75eafaa8656a0cfa78fcf789ba5a009cd34a40446bb7b08cc96350a1,088d2c86b64fa7714ca5d4791fdd21aa94a0e618f9d7add675fa6458b3b55418,8,4,music21.key.krumhanslschmuckler,music21.key.aardenessen,same_release_path_plus_note_hash_music21_consensus_v1,53664a7ef3eed4af690568e16a357a2f88698e7f0a05fe854316b884807534da
music21_462.mid,Ab,462,pop1k7:src_002:462,data/pop1k7_official/Pop1K7/midi_analyzed/src_002/462.mid,90ae76dbc94827822cd726f5ae951c2178e93f99577a0758371941934e355604,data/pop1k7_official/Pop1K7/midi_synchronized/src_002/462.mid,90e7bdca76c4cececc5d9a1839ee223471486f4bc982ee7c186d54912cb78621,16a0c34a7caed8b1cdd4c36c27e6c1c842b03d94dc910fb88ea6841b2faba3f6,8,4,music21.key.krumhanslschmuckler,music21.key.aardenessen,same_release_path_plus_note_hash_music21_consensus_v1,53664a7ef3eed4af690568e16a357a2f88698e7f0a05fe854316b884807534da
music21_463.mid,C#,463,pop1k7:src_002:463,data/pop1k7_official/Pop1K7/midi_analyzed/src_002/463.mid,506e5b094f714788f720b4524ce030c04ab766f0f2840a97b1755c8bea584762,data/pop1k7_official/Pop1K7/midi_synchronized/src_002/463.mid,a094300ab65426641e89fead9c287553c341f3875cd44f6e9b83da43901a7768,81186b35c7d3f522c6e335ef4d4e1532917c602c1b993bf1472ab994c0080088,1,-1,music21.key.krumhanslschmuckler,music21.key.aardenessen,same_release_path_plus_note_hash_music21_consensus_v1,53664a7ef3eed4af690568e16a357a2f88698e7f0a05fe854316b884807534da
music21_464.mid,F,464,pop1k7:src_002:464,data/pop1k7_official/Pop1K7/midi_analyzed/src_002/464.mid,5756d134f0ee473787291ca67a21435c7bdf258e0e84eee3dc5510c7b4c31b23,data/pop1k7_official/Pop1K7/midi_synchronized/src_002/464.mid,1e99ebf33099debdb1ab16c5a3cbbaeba48ac8b418be71c938dacf0982dac881,1d97661a0a585c7c1b81d38b321c6a634de77b66dfad10f9ee04a0cf4c8776a0,5,-5,music21.key.krumhanslschmuckler,music21.key.aardenessen,same_release_path_plus_note_hash_music21_consensus_v1,53664a7ef3eed4af690568e16a357a2f88698e7f0a05fe854316b884807534da
music21_465.mid,Eb,465,pop1k7:src_002:465,data/pop1k7_official/Pop1K7/midi_analyzed/src_002/465.mid,2d1fa87d8ba9b53e187d724c87942a19a0f754dd1090eadc57196e3e75306265,data/pop1k7_official/Pop1K7/midi_synchronized/src_002/465.mid,97c0113b6a62c9c1223e8b27394a2b0fe97067a7aa40363de8ac6fbd14012a6b,5cb0e154f4df8f4d4a14a85f0c6c79261a27d42b240e6b5da0ce6aeeca951d23,3,-3,music21.key.krumhanslschmuckler,music21.key.aardenessen,same_release_path_plus_note_hash_music21_consensus_v1,53664a7ef3eed4af690568e16a357a2f88698e7f0a05fe854316b884807534da
music21_467.mid,F,467,pop1k7:src_002:467,data/pop1k7_official/Pop1K7/midi_analyzed/src_002/467.mid,11160cb7f2704b83c7aff1b67afc73b44f8bd34cea332ebe66216d6c1e86cbab,data/pop1k7_official/Pop1K7/midi_synchronized/src_002/467.mid,b19ef0ec36741be0c5d3efc7f916baf07e862ecbb25d0a0f6b0985a8cd10d2c3,36818e5d950deb1d67ef8b0ba4bfd20cd98ec0b93ba526f4cc460e4c1618c2b7,5,-5,music21.key.krumhanslschmuckler,music21.key.aardenessen,same_release_path_plus_note_hash_music21_consensus_v1,53664a7ef3eed4af690568e16a357a2f88698e7f0a05fe854316b884807534da
music21_468.mid,Ab,468,pop1k7:src_002:468,data/pop1k7_official/Pop1K7/midi_analyzed/src_002/468.mid,723be9be98a5837c131e112ca522bcfd6106ab7752ad4eabb88919e589750220,data/pop1k7_official/Pop1K7/midi_synchronized/src_002/468.mid,aa9753c200f64028d40b02c5ec5e8a997f70558574a6391c427aac1cfd86fdd6,33eda25e0735148efd5cea0c7873253a1b5a079f57ea2523c57ca15f1a61642d,8,4,music21.key.krumhanslschmuckler,music21.key.aardenessen,same_release_path_plus_note_hash_music21_consensus_v1,53664a7ef3eed4af690568e16a357a2f88698e7f0a05fe854316b884807534da
music21_469.mid,E,469,pop1k7:src_002:469,data/pop1k7_official/Pop1K7/midi_analyzed/src_002/469.mid,850ef7717e6fee7e52b21ebb88bd8069d1381fc1794cf7209cf4a703e97009aa,data/pop1k7_official/Pop1K7/midi_synchronized/src_002/469.mid,0eeb511bfa1adfa1f775918911bd299829622e36c956e6882d25acb7054059d3,3891af2b1933e6f2a2af52e66106e061c3c59050869181d1d4c43a28123879d7,4,-4,music21.key.krumhanslschmuckler,music21.key.aardenessen,same_release_path_plus_note_hash_music21_consensus_v1,53664a7ef3eed4af690568e16a357a2f88698e7f0a05fe854316b884807534da
music21_471.mid,F#,471,pop1k7:src_002:471,data/pop1k7_official/Pop1K7/midi_analyzed/src_002/471.mid,bda72d689679a681d0cb4692e258db18ef679a26095628e22eda2e9f20dc0fde,data/pop1k7_official/Pop1K7/midi_synchronized/src_002/471.mid,3f811e92dc02beec1b1c30a8635bd61f0ed4b4fa0e6953e7395447d78a0bbd94,8ac0256cb259aac5238a73a171d76a0aaf349584c6af513fa0de8c1f24df27cc,6,6,music21.key.krumhanslschmuckler,music21.key.aardenessen,same_release_path_plus_note_hash_music21_consensus_v1,53664a7ef3eed4af690568e16a357a2f88698e7f0a05fe854316b884807534da
music21_472.mid,F,472,pop1k7:src_002:472,data/pop1k7_official/Pop1K7/midi_analyzed/src_002/472.mid,68b3c292dc9a3335e048487be7ebae82a6d6f30ff3d7e4e0ed490067f1022394,data/pop1k7_official/Pop1K7/midi_synchronized/src_002/472.mid,af4cc55b8643fe57e9ca50cccb1f7646e072680c9b75221902942301dde74edc,d9202409853564bc6c6c7171c3353adb9ab8843649838e2dfacbae76682f927a,5,-5,music21.key.krumhanslschmuckler,music21.key.aardenessen,same_release_path_plus_note_hash_music21_consensus_v1,53664a7ef3eed4af690568e16a357a2f88698e7f0a05fe854316b884807534da
music21_473.mid,G,473,pop1k7:src_002:473,data/pop1k7_official/Pop1K7/midi_analyzed/src_002/473.mid,56f450d5b9570250c069432e1cb7b5d4e59a2a77f9d507a71079e129afba64cb,data/pop1k7_official/Pop1K7/midi_synchronized/src_002/473.mid,4166dcbf0c68d7a1c4f3e05d3e8784f3a75f91c643e5f195f4b0cb956f24b25a,ee81e6899f1bc8ffdd9b9c957e2152bec234747cc76a4feda577a18223fcf77d,7,5,music21.key.krumhanslschmuckler,music21.key.aardenessen,same_release_path_plus_note_hash_music21_consensus_v1,53664a7ef3eed4af690568e16a357a2f88698e7f0a05fe854316b884807534da
music21_474.mid,F#,474,pop1k7:src_002:474,data/pop1k7_official/Pop1K7/midi_analyzed/src_002/474.mid,32dab32f297554358ec92114e309955effcd1454f0ae878394b072c72f741452,data/pop1k7_official/Pop1K7/midi_synchronized/src_002/474.mid,877a07d53d496107e8c771357d1169465c219c0ceb9555f15327530f1ca3fa79,3dd82e8f856150d729d1427a04e5c8149b02a56d00f3b846a6a4f4c718b4d189,6,6,music21.key.krumhanslschmuckler,music21.key.aardenessen,same_release_path_plus_note_hash_music21_consensus_v1,53664a7ef3eed4af690568e16a357a2f88698e7f0a05fe854316b884807534da
music21_475.mid,C#,475,pop1k7:src_002:475,data/pop1k7_official/Pop1K7/midi_analyzed/src_002/475.mid,1f5931f2e7cc4e9642ea9b5e6248e3d7698fa4ebe8116259bcf5bffd40540bd0,data/pop1k7_official/Pop1K7/midi_synchronized/src_002/475.mid,2c69bbec95bb5c66d1c467fe10f88f16330bc1a9cd01ba3de61dd234661f6ac2,70c0ca3fab1128bb8c9989f9dc5e523e00694e039fc6c26bdd985d6eadea30ab,1,-1,music21.key.krumhanslschmuckler,music21.key.aardenessen,same_release_path_plus_note_hash_music21_consensus_v1,53664a7ef3eed4af690568e16a357a2f88698e7f0a05fe854316b884807534da
music21_476.mid,E,476,pop1k7:src_002:476,data/pop1k7_official/Pop1K7/midi_analyzed/src_002/476.mid,a4f0ff14fcaf059d3c88342ca20550b527d87009cac1b4470f5d309eb8841e26,data/pop1k7_official/Pop1K7/midi_synchronized/src_002/476.mid,0cd6220f333d33e7517ba0ccd9e11c9afb244a78f6c0d953677c0f82800d30b6,3bc0c92db68d1c94ac8350f748404d341ce348b1359440a3f70f3f9e20144ff9,4,-4,music21.key.krumhanslschmuckler,music21.key.aardenessen,same_release_path_plus_note_hash_music21_consensus_v1,53664a7ef3eed4af690568e16a357a2f88698e7f0a05fe854316b884807534da
music21_477.mid,Eb,477,pop1k7:src_002:477,data/pop1k7_official/Pop1K7/midi_analyzed/src_002/477.mid,9e755eba4092dfa1ebb940051663cbd2b5122ba1c4184350789ab1ce4b4eedbb,data/pop1k7_official/Pop1K7/midi_synchronized/src_002/477.mid,8bd7867d17a9e4032f896341fead07f5614e2ad3f12cc3864d379e62e007fc55,fd542d934516df6740bd412c1796c269a98bb9b25d4d4d1a18e896b27b214916,3,-3,music21.key.krumhanslschmuckler,music21.key.aardenessen,same_release_path_plus_note_hash_music21_consensus_v1,53664a7ef3eed4af690568e16a357a2f88698e7f0a05fe854316b884807534da
music21_478.mid,C,478,pop1k7:src_002:478,data/pop1k7_official/Pop1K7/midi_analyzed/src_002/478.mid,e24ec53fd355d983fb793b9e5c28ac01b81f27fa240d571ccc855078b74187f3,data/pop1k7_official/Pop1K7/midi_synchronized/src_002/478.mid,7386a23fa240bf2af8f6a3c86d2a818a721f6b8521efafda8553b0a270d6f711,121d4b4d762fadbfc6bb5fb1a87b01f4bedbdbd7b2656cceb455b6045cb480c1,0,0,music21.key.krumhanslschmuckler,music21.key.aardenessen,same_release_path_plus_note_hash_music21_consensus_v1,53664a7ef3eed4af690568e16a357a2f88698e7f0a05fe854316b884807534da
music21_479.mid,F,479,pop1k7:src_002:479,data/pop1k7_official/Pop1K7/midi_analyzed/src_002/479.mid,429b702f5a48c939012cea0c67139c81267d501b112200543e0b5eceef1a5415,data/pop1k7_official/Pop1K7/midi_synchronized/src_002/479.mid,55c8dd447b8fe43a9780fbb0fed0a45fe14a070957859ee657ceafe60b265ea1,f060eb78a141c158286807a9d34649171ecaf50740c97aaae9f8953fa3b32ce4,5,-5,music21.key.krumhanslschmuckler,music21.key.aardenessen,same_release_path_plus_note_hash_music21_consensus_v1,53664a7ef3eed4af690568e16a357a2f88698e7f0a05fe854316b884807534da
music21_480.mid,A,480,pop1k7:src_002:480,data/pop1k7_official/Pop1K7/midi_analyzed/src_002/480.mid,a7199bf5aad646ca77eff0a425fa17c2517cd7d0f605500376ac4d0a03bdada7,data/pop1k7_official/Pop1K7/midi_synchronized/src_002/480.mid,84f38318708df116f52e21c789c320e160681d15dccb980fd8c22fed845327c4,b67d1172ca18bc9221af81d378a3abf078e4b4adcb7dd674395fb55eaadce93c,9,3,music21.key.krumhanslschmuckler,music21.key.aardenessen,same_release_path_plus_note_hash_music21_consensus_v1,53664a7ef3eed4af690568e16a357a2f88698e7f0a05fe854316b884807534da
music21_481.mid,C,481,pop1k7:src_002:481,data/pop1k7_official/Pop1K7/midi_analyzed/src_002/481.mid,75c6018bc2e4594ff1219b1441f6eb5f41f26b9ca17580247db31181d594e230,data/pop1k7_official/Pop1K7/midi_synchronized/src_002/481.mid,530f22c8d3c4c214ba4ab237e5ec94095daf82d511e22b20c46915c945cad7eb,71717934f9768f1719aa630cbb9fdf71c84cfeac26ffc62362ac7001774987df,0,0,music21.key.krumhanslschmuckler,music21.key.aardenessen,same_release_path_plus_note_hash_music21_consensus_v1,53664a7ef3eed4af690568e16a357a2f88698e7f0a05fe854316b884807534da
music21_482.mid,A,482,pop1k7:src_002:482,data/pop1k7_official/Pop1K7/midi_analyzed/src_002/482.mid,68431bfbd487710caac24f1f202c84fce7bc01114a40337b128cd485c4145603,data/pop1k7_official/Pop1K7/midi_synchronized/src_002/482.mid,d000c5a791af2c8bed9b349fa8bd8a61f8e867143616ec866474283862f1c00b,6663c7e8da03c924e82f356687c09ae89b0bd77589e01988b3c64ba3c374f078,9,3,music21.key.krumhanslschmuckler,music21.key.aardenessen,same_release_path_plus_note_hash_music21_consensus_v1,53664a7ef3eed4af690568e16a357a2f88698e7f0a05fe854316b884807534da
music21_483.mid,c#,483,pop1k7:src_002:483,data/pop1k7_official/Pop1K7/midi_analyzed/src_002/483.mid,b9fc909687f6866f8a55e4c60ddfcc81f989959ec834013a594a9a92e75771c6,data/pop1k7_official/Pop1K7/midi_synchronized/src_002/483.mid,36aaa344544fbdb5d7fbcd403c27c907708a5c16b5215a841981d769329a8528,20ac939e85e1c15b7ab9e26eee94b3e9ec956fbbb51293ffdfc7f43eb1326745,4,-4,music21.key.krumhanslschmuckler,music21.key.aardenessen,same_release_path_plus_note_hash_music21_consensus_v1,53664a7ef3eed4af690568e16a357a2f88698e7f0a05fe854316b884807534da
music21_484.mid,b,484,pop1k7:src_002:484,data/pop1k7_official/Pop1K7/midi_analyzed/src_002/484.mid,1ea979e2c0493eea8e70f42838d06663bda1952811ae4955df551ff6a34d40d1,data/pop1k7_official/Pop1K7/midi_synchronized/src_002/484.mid,c74616c7c195b77ae9fb0654085e5484f9e8d94e8f567e9a0257f1da1842b6e4,991900547b76bbe997fd2af260cd4209f47a068f717ac2546da258d2b63d8f9d,2,-2,music21.key.krumhanslschmuckler,music21.key.aardenessen,same_release_path_plus_note_hash_music21_consensus_v1,53664a7ef3eed4af690568e16a357a2f88698e7f0a05fe854316b884807534da
music21_486.mid,b,486,pop1k7:src_002:486,data/pop1k7_official/Pop1K7/midi_analyzed/src_002/486.mid,5a719b98076a807c2dc8788bf771bca4a02e36599214ba6d3d45294742745f82,data/pop1k7_official/Pop1K7/midi_synchronized/src_002/486.mid,919c8a97c6fdf24ef993ae2d7278e1f2f476affa5b22f48fe0a11cd6cc6a807c,19558622aeee06159ecd699559316052a21c7e2bcd5c3e966527b131d5e5859c,2,-2,music21.key.krumhanslschmuckler,music21.key.aardenessen,same_release_path_plus_note_hash_music21_consensus_v1,53664a7ef3eed4af690568e16a357a2f88698e7f0a05fe854316b884807534da
music21_487.mid,A,487,pop1k7:src_002:487,data/pop1k7_official/Pop1K7/midi_analyzed/src_002/487.mid,262f0a632c9e66515d9a8f3317c84f3ab5b5e393a76f58aee07bff3c157c85f9,data/pop1k7_official/Pop1K7/midi_synchronized/src_002/487.mid,7dcb9bc8af99f96f9c2f6545b6db366b65171dbb730afe397085d42c0143bb85,8fcb835100c59bc1cace71d9a745f8c69c33a80134b0cf1ba85a1a312f6f7332,9,3,music21.key.krumhanslschmuckler,music21.key.aardenessen,same_release_path_plus_note_hash_music21_consensus_v1,53664a7ef3eed4af690568e16a357a2f88698e7f0a05fe854316b884807534da
music21_488.mid,f,488,pop1k7:src_002:488,data/pop1k7_official/Pop1K7/midi_analyzed/src_002/488.mid,586b5e52d471a38b86328009a9ab5cdfb3f887930d7a60f3496cf41215b2b39c,data/pop1k7_official/Pop1K7/midi_synchronized/src_002/488.mid,71913104b7ffbc757a6b7f67d701d54f3e5d3b2c4e7a3f8d78c53b5ac53214cc,1eec34e834adcf184173dd01de9cd99758895ddd8b306f3d03adde80c866c1bc,8,4,music21.key.krumhanslschmuckler,music21.key.aardenessen,same_release_path_plus_note_hash_music21_consensus_v1,53664a7ef3eed4af690568e16a357a2f88698e7f0a05fe854316b884807534da
music21_489.mid,D,489,pop1k7:src_003:489,data/pop1k7_official/Pop1K7/midi_analyzed/src_003/489.mid,adb0e92bc8bfd854c39f781d674ba9c6d4808a2df123b9516d41c735ce1d646c,data/pop1k7_official/Pop1K7/midi_synchronized/src_003/489.mid,4739d9519512158468afdece465e71d55ba17dc69750807e24dfcc426f87a875,25ee55d1d9f72beedb2f3ebc4697edd00febe0b26b6880408b4af3285d4f4833,2,-2,music21.key.krumhanslschmuckler,music21.key.aardenessen,same_release_path_plus_note_hash_music21_consensus_v1,53664a7ef3eed4af690568e16a357a2f88698e7f0a05fe854316b884807534da
music21_490.mid,Ab,490,pop1k7:src_003:490,data/pop1k7_official/Pop1K7/midi_analyzed/src_003/490.mid,9a669bcf3f22be53c2bf10c5a5b0c4c3db6f05f208fefcb6f50881ffb876e1d3,data/pop1k7_official/Pop1K7/midi_synchronized/src_003/490.mid,307c3ab380291374035cf94619619e03666225bd4734c6fc44ed47244ef34734,5c95926eb27503b4dc5d4c3d0cede561aefa8437fb23fef65068bdaabf97e132,8,4,music21.key.krumhanslschmuckler,music21.key.aardenessen,same_release_path_plus_note_hash_music21_consensus_v1,53664a7ef3eed4af690568e16a357a2f88698e7f0a05fe854316b884807534da
music21_491.mid,Eb,491,pop1k7:src_003:491,data/pop1k7_official/Pop1K7/midi_analyzed/src_003/491.mid,84faa42a26871ef1562fac1f18f58aa20dbb4d89e95fc8986d16c2282df33f2a,data/pop1k7_official/Pop1K7/midi_synchronized/src_003/491.mid,03c0310e7024d2d3d9d2281dfb2c88de8a7e22c4c0388244e19e0090bfd09e9f,a6329c8d19370bdda78f62f6b99ba659d46f67fe1901fb48690214595e017dcd,3,-3,music21.key.krumhanslschmuckler,music21.key.aardenessen,same_release_path_plus_note_hash_music21_consensus_v1,53664a7ef3eed4af690568e16a357a2f88698e7f0a05fe854316b884807534da
music21_492.mid,F#,492,pop1k7:src_003:492,data/pop1k7_official/Pop1K7/midi_analyzed/src_003/492.mid,b54bebbbaf6d3cfe6481a0e1af6ce24bedfd0fb5bbdec68a4d102db7cb2022c5,data/pop1k7_official/Pop1K7/midi_synchronized/src_003/492.mid,94661f9b14a879e5cd585e967e3aa20312696d113391dcdb0c5d8dd08ab6ddbe,09c4b8a47d88fa53d049f27fe53dfa0c570dcddcfedbc83757ed0332d32d1010,6,6,music21.key.krumhanslschmuckler,music21.key.aardenessen,same_release_path_plus_note_hash_music21_consensus_v1,53664a7ef3eed4af690568e16a357a2f88698e7f0a05fe854316b884807534da
music21_493.mid,a,493,pop1k7:src_003:493,data/pop1k7_official/Pop1K7/midi_analyzed/src_003/493.mid,f10a53e90ed19bc51e3a710e81d45521547651060acf7a9cf7801fd2198d1a19,data/pop1k7_official/Pop1K7/midi_synchronized/src_003/493.mid,6eac3e675c4c9bcc0e63abcba015a92e35a0054fc952663c0653286190cca0d3,16362c226fac659f7245463aa317f2f307fc169c4efaae5930104d11689b1e32,0,0,music21.key.krumhanslschmuckler,music21.key.aardenessen,same_release_path_plus_note_hash_music21_consensus_v1,53664a7ef3eed4af690568e16a357a2f88698e7f0a05fe854316b884807534da
music21_496.mid,c#,496,pop1k7:src_003:496,data/pop1k7_official/Pop1K7/midi_analyzed/src_003/496.mid,25bf7abd47c9a127a7df937660e30899d92efa2e93cd2f5d9fd3cc12384e60d5,data/pop1k7_official/Pop1K7/midi_synchronized/src_003/496.mid,a82781c54e8af3460bb13bf812e84111ce4077cc6e5860abee073567ebf729b0,21e40924ebe6f7dfe0490138326aa67f664248289bd191cc25838dbe9c6dcf86,4,-4,music21.key.krumhanslschmuckler,music21.key.aardenessen,same_release_path_plus_note_hash_music21_consensus_v1,53664a7ef3eed4af690568e16a357a2f88698e7f0a05fe854316b884807534da
music21_499.mid,Ab,499,pop1k7:src_003:499,data/pop1k7_official/Pop1K7/midi_analyzed/src_003/499.mid,72af47df68de84781d847b3e287281be832786e03e39a84e250fbcd291216b24,data/pop1k7_official/Pop1K7/midi_synchronized/src_003/499.mid,5c26846c16d73faa7a57e10a24b01dcbed9bba4e6ba86f0b4f71b5ac137c3f59,655d815466fcdb48b8187edf15bcd95fd559e7fa21e3f1f4fe660cd4f0565081,8,4,music21.key.krumhanslschmuckler,music21.key.aardenessen,same_release_path_plus_note_hash_music21_consensus_v1,53664a7ef3eed4af690568e16a357a2f88698e7f0a05fe854316b884807534da
music21_500.mid,bb,500,pop1k7:src_003:500,data/pop1k7_official/Pop1K7/midi_analyzed/src_003/500.mid,c80f1d71a14685778aeb3b0431dc96915d06971e95ae6a8aec9adf25ac62dba7,data/pop1k7_official/Pop1K7/midi_synchronized/src_003/500.mid,e20fba2b29f6b66b39084f411dfbbe3caca4c0b7cb593cea8a75ae9cabe94694,8111fe877a7488910c9901cfe1a8c079b368184d540c04c7d4e63dd4552e7c23,1,-1,music21.key.krumhanslschmuckler,music21.key.aardenessen,same_release_path_plus_note_hash_music21_consensus_v1,53664a7ef3eed4af690568e16a357a2f88698e7f0a05fe854316b884807534da
music21_502.mid,c#,502,pop1k7:src_003:502,data/pop1k7_official/Pop1K7/midi_analyzed/src_003/502.mid,5f827afa132a727309e41065e13071818e7de26f2b614588a3b8353b71183b10,data/pop1k7_official/Pop1K7/midi_synchronized/src_003/502.mid,cb7739b5b3cfefc3a28a07e74a79b85651af04a0266515c21cb73d570511cb5c,143590d38daf716cb75871ac6427e1f17a3f7016e01e09497366f468bae9c3b0,4,-4,music21.key.krumhanslschmuckler,music21.key.aardenessen,same_release_path_plus_note_hash_music21_consensus_v1,53664a7ef3eed4af690568e16a357a2f88698e7f0a05fe854316b884807534da
music21_503.mid,A,503,pop1k7:src_003:503,data/pop1k7_official/Pop1K7/midi_analyzed/src_003/503.mid,2505813f2cc9bd03eac2012585569598f8f7abd5e19b06f8f5220c2d885a99c6,data/pop1k7_official/Pop1K7/midi_synchronized/src_003/503.mid,18dca712925b3de7b350a32784bfcc5d31a1bf536110857d65fd5b914d78df1a,e8742f59923ad18def43061ab268b7bc788586e90867431131d5c3669a947745,9,3,music21.key.krumhanslschmuckler,music21.key.aardenessen,same_release_path_plus_note_hash_music21_consensus_v1,53664a7ef3eed4af690568e16a357a2f88698e7f0a05fe854316b884807534da
music21_504.mid,a,504,pop1k7:src_003:504,data/pop1k7_official/Pop1K7/midi_analyzed/src_003/504.mid,bcd0d5e4baf15a4242dc007447ba4a19b5c1925f89278bc6c5aadc172832fb86,data/pop1k7_official/Pop1K7/midi_synchronized/src_003/504.mid,30d9b2288f455c2b02d57f1660885b9512ab774072dd2cbd9dd5ff4f703d05bd,da6cd73b491469d04f0388442932384f8951dab8cfb493a969c7ed4989e8e9f9,0,0,music21.key.krumhanslschmuckler,music21.key.aardenessen,same_release_path_plus_note_hash_music21_consensus_v1,53664a7ef3eed4af690568e16a357a2f88698e7f0a05fe854316b884807534da
music21_507.mid,e,507,pop1k7:src_003:507,data/pop1k7_official/Pop1K7/midi_analyzed/src_003/507.mid,caf60cbfff27d5bb1ef8609679a75d7990c1c63f0b8c3da5f4b154992fb545cd,data/pop1k7_official/Pop1K7/midi_synchronized/src_003/507.mid,7df810c9da9d10bb13112bae29a61a9ec4d8238a37f9ffa74d68a89868ca38b8,7aa5ef4ad6bce5bafb321fc27fb0e14bef6ebf3f4c623d471017d0cdfbe2743c,7,5,music21.key.krumhanslschmuckler,music21.key.aardenessen,same_release_path_plus_note_hash_music21_consensus_v1,53664a7ef3eed4af690568e16a357a2f88698e7f0a05fe854316b884807534da
music21_508.mid,G,508,pop1k7:src_003:508,data/pop1k7_official/Pop1K7/midi_analyzed/src_003/508.mid,0ffb902f9b2346e9a1a8e90b8bf8a045b2210cdba9d67f099cd7f7ba125dcbbb,data/pop1k7_official/Pop1K7/midi_synchronized/src_003/508.mid,499022fbaa0d14cce04de314e883924ec5934950cdc0f08bf25cfa558a6574b0,8adbc35a45d18f4d4fdb3feba6634547b6ac1e35e53a820d202351c058a748ec,7,5,music21.key.krumhanslschmuckler,music21.key.aardenessen,same_release_path_plus_note_hash_music21_consensus_v1,53664a7ef3eed4af690568e16a357a2f88698e7f0a05fe854316b884807534da
music21_509.mid,d,509,pop1k7:src_003:509,data/pop1k7_official/Pop1K7/midi_analyzed/src_003/509.mid,4dbff60b3c2547b39f3d29a972d7bd9906e3f366d64d87a070b671476be81012,data/pop1k7_official/Pop1K7/midi_synchronized/src_003/509.mid,ca9b9e78c41c0ea83103e7e383d788c150be5df231d2f80b7df68c743208935a,882940e57d56e15c54ca0de9de28b6ad2ebd565abd72da8b5e6ae06fced254d8,5,-5,music21.key.krumhanslschmuckler,music21.key.aardenessen,same_release_path_plus_note_hash_music21_consensus_v1,53664a7ef3eed4af690568e16a357a2f88698e7f0a05fe854316b884807534da
music21_512.mid,F#,512,pop1k7:src_003:512,data/pop1k7_official/Pop1K7/midi_analyzed/src_003/512.mid,c136c19b0885cba7f646d6d18f04e9fa8c571230072323f655997428f71519fe,data/pop1k7_official/Pop1K7/midi_synchronized/src_003/512.mid,5cf2aa27e5bc3d5b7875a6ee7deef9d0a554d815471bd09d60db572aece43c33,cefd64dbb20582e35b54a3661dc6cefded2313a6370a99550b2077a9e1b43076,6,6,music21.key.krumhanslschmuckler,music21.key.aardenessen,same_release_path_plus_note_hash_music21_consensus_v1,53664a7ef3eed4af690568e16a357a2f88698e7f0a05fe854316b884807534da
music21_513.mid,d,513,pop1k7:src_003:513,data/pop1k7_official/Pop1K7/midi_analyzed/src_003/513.mid,48aefc87931436791af9fc25f928b0dd5739d088f79994f2ad445f1155685b2c,data/pop1k7_official/Pop1K7/midi_synchronized/src_003/513.mid,ddfb63a5f7c1b13cd96606ef0d51f06988db6e03dffa4f0bdd7301418c00996c,67b2d9d3c3a21a9505f43e4755114d725607e3e6452bf8c52db0ec4ecfa56f73,5,-5,music21.key.krumhanslschmuckler,music21.key.aardenessen,same_release_path_plus_note_hash_music21_consensus_v1,53664a7ef3eed4af690568e16a357a2f88698e7f0a05fe854316b884807534da
music21_516.mid,g,516,pop1k7:src_003:516,data/pop1k7_official/Pop1K7/midi_analyzed/src_003/516.mid,acaafac6e66766965241ed115bbeed384d33f9abc7c20c5ad7fd6c880d401122,data/pop1k7_official/Pop1K7/midi_synchronized/src_003/516.mid,6fe7fb278af0763e52eb3790d261b3aed7ed318f1eca137ce65c0a28c98f0f3d,79334107f24dbcbf825095753af9c2afd626357310f896d3b9baec3a12259e75,10,2,music21.key.krumhanslschmuckler,music21.key.aardenessen,same_release_path_plus_note_hash_music21_consensus_v1,53664a7ef3eed4af690568e16a357a2f88698e7f0a05fe854316b884807534da
music21_517.mid,a,517,pop1k7:src_003:517,data/pop1k7_official/Pop1K7/midi_analyzed/src_003/517.mid,959c7bece1da424975ffa32df5cb58d6b91ba3826e0f245b9660d7d25f2f2943,data/pop1k7_official/Pop1K7/midi_synchronized/src_003/517.mid,2bb59055e3a7a2124b591b8ca7cf8a8a671063fe234543c30cce27dafc6d501a,b9ba6e78b52bb0a4ad5773644b85c40cd62c7f7e425f50646c1768aaca44d131,0,0,music21.key.krumhanslschmuckler,music21.key.aardenessen,same_release_path_plus_note_hash_music21_consensus_v1,53664a7ef3eed4af690568e16a357a2f88698e7f0a05fe854316b884807534da
music21_518.mid,C,518,pop1k7:src_003:518,data/pop1k7_official/Pop1K7/midi_analyzed/src_003/518.mid,17cdaa28e749734af03941e15d7826ec23c2c9546f00dc7396f2859674c4c145,data/pop1k7_official/Pop1K7/midi_synchronized/src_003/518.mid,9cba8edd95febbb3cfc6f065dd617ec22efd0251ef0c8e6c43d40f4db901bc33,f1240cd7ea9a8e9df8fbcfe470ba72c920f9b5904e06591f2239704b15a98e48,0,0,music21.key.krumhanslschmuckler,music21.key.aardenessen,same_release_path_plus_note_hash_music21_consensus_v1,53664a7ef3eed4af690568e16a357a2f88698e7f0a05fe854316b884807534da
music21_519.mid,C,519,pop1k7:src_003:519,data/pop1k7_official/Pop1K7/midi_analyzed/src_003/519.mid,a544921e0481ad18f9f4f3b898cff8e4d01b0d071429a0e2e1b9b1f424b172aa,data/pop1k7_official/Pop1K7/midi_synchronized/src_003/519.mid,992f5df357b8bfcc78dbcd1b721fe72123c40166705930b0101927302dca2057,cb17c7f5f3995d8f5163fbc579b833663409fc529193a69f3596245fcedcbcef,0,0,music21.key.krumhanslschmuckler,music21.key.aardenessen,same_release_path_plus_note_hash_music21_consensus_v1,53664a7ef3eed4af690568e16a357a2f88698e7f0a05fe854316b884807534da
music21_520.mid,e,520,pop1k7:src_003:520,data/pop1k7_official/Pop1K7/midi_analyzed/src_003/520.mid,196d28ff891979daaaee0906c5fa7216f1a7d8562d7435fb6ef97056560eec37,data/pop1k7_official/Pop1K7/midi_synchronized/src_003/520.mid,2b475415150a10b6f5b4971808b28add5af5c8799550c396769ac780c16e8390,5b74e3f630d712ed94841def774217f5baa2824d0e952f5904c30f584f12b307,7,5,music21.key.krumhanslschmuckler,music21.key.aardenessen,same_release_path_plus_note_hash_music21_consensus_v1,53664a7ef3eed4af690568e16a357a2f88698e7f0a05fe854316b884807534da
music21_521.mid,c,521,pop1k7:src_003:521,data/pop1k7_official/Pop1K7/midi_analyzed/src_003/521.mid,1e2a3f8d25f8fa901b64c5350ade7efdb55d35189cb90cf17f215bac8a6da4ec,data/pop1k7_official/Pop1K7/midi_synchronized/src_003/521.mid,492044d9fb4071ee135fab537352268053179d25d92d2830c0d17bc2194c2272,9f3f2f585b702dfc1b96f48ba5184b1846f66ba608e3c20d9ced9874922b54ee,3,-3,music21.key.krumhanslschmuckler,music21.key.aardenessen,same_release_path_plus_note_hash_music21_consensus_v1,53664a7ef3eed4af690568e16a357a2f88698e7f0a05fe854316b884807534da
music21_522.mid,a,522,pop1k7:src_003:522,data/pop1k7_official/Pop1K7/midi_analyzed/src_003/522.mid,e7b19c65f4bea1c773b27039cb9b57a9e83d7f470db5b6505cf81a53d773af7b,data/pop1k7_official/Pop1K7/midi_synchronized/src_003/522.mid,fb31b2875400ade04b955a57e1751dee5b8ceb9daecb19f214773dfca5afd229,ba85c84450aaeb06806098c8fae6e20e95421e48cdfe6fabf4d111f7d9e0ce63,0,0,music21.key.krumhanslschmuckler,music21.key.aardenessen,same_release_path_plus_note_hash_music21_consensus_v1,53664a7ef3eed4af690568e16a357a2f88698e7f0a05fe854316b884807534da
music21_524.mid,G,524,pop1k7:src_003:524,data/pop1k7_official/Pop1K7/midi_analyzed/src_003/524.mid,d83e6bc67ba1963d510223cd9dc3869939e06f2cdfc3c5bde84d5b7c9b960f81,data/pop1k7_official/Pop1K7/midi_synchronized/src_003/524.mid,a32bc6cead875d4d4f9289fe1c28d682e327822925ac9029ce6bbfadbb56217e,4beee7314f44f9e69727d80e1f4c554797df69a8bb45688ff451dd9e9a8ef8ba,7,5,music21.key.krumhanslschmuckler,music21.key.aardenessen,same_release_path_plus_note_hash_music21_consensus_v1,53664a7ef3eed4af690568e16a357a2f88698e7f0a05fe854316b884807534da
music21_525.mid,e,525,pop1k7:src_003:525,data/pop1k7_official/Pop1K7/midi_analyzed/src_003/525.mid,f746d7c3e430d576eed3b0149de43c0da2a762646eb4be05d423c67958eb32ad,data/pop1k7_official/Pop1K7/midi_synchronized/src_003/525.mid,bbe3fc8a00dcdf250985629e5000af5ba5607fa5e009e5236947d165374cbbd3,bd02a12c6b007ae4c4e45fe7cd18fd941f36eaf04ff5e5568eb9d81c4ef75a49,7,5,music21.key.krumhanslschmuckler,music21.key.aardenessen,same_release_path_plus_note_hash_music21_consensus_v1,53664a7ef3eed4af690568e16a357a2f88698e7f0a05fe854316b884807534da
music21_526.mid,E,526,pop1k7:src_003:526,data/pop1k7_official/Pop1K7/midi_analyzed/src_003/526.mid,a060a72757363efbfb02bcd1677c499850f69f2287a45677a00038935dc27fa1,data/pop1k7_official/Pop1K7/midi_synchronized/src_003/526.mid,f70ad0d12386c41d7d3be1c0d99ed8a86a58eaf497c0c826e46cc63e20c0467e,0e5b7d126ea43f19eaacb9f6e313e50937a379661e2c04c10d2c3fea5b948b89,4,-4,music21.key.krumhanslschmuckler,music21.key.aardenessen,same_release_path_plus_note_hash_music21_consensus_v1,53664a7ef3eed4af690568e16a357a2f88698e7f0a05fe854316b884807534da
music21_527.mid,C#,527,pop1k7:src_003:527,data/pop1k7_official/Pop1K7/midi_analyzed/src_003/527.mid,cbadad54a2869f34be0ff3994c5f28afd6ad71bef28228df44166a9d0b54cc83,data/pop1k7_official/Pop1K7/midi_synchronized/src_003/527.mid,8664e0a1d75bb64112d2d351b16b915d834049079dbce3ecffff95e04b4b8356,8d9c556456cc3b83d6b8a385ce7c91a18fe3dcd2671f9600297fa50f2e398f61,1,-1,music21.key.krumhanslschmuckler,music21.key.aardenessen,same_release_path_plus_note_hash_music21_consensus_v1,53664a7ef3eed4af690568e16a357a2f88698e7f0a05fe854316b884807534da
music21_528.mid,b,528,pop1k7:src_003:528,data/pop1k7_official/Pop1K7/midi_analyzed/src_003/528.mid,d83f4ce19a3c1a2c6661b64d09809d496ff8c25fbfe7e0203261baf32d731e67,data/pop1k7_official/Pop1K7/midi_synchronized/src_003/528.mid,9a37840009fe8c3ec9ba20ad50d70ae2cca1387f5943988dd9908bb91afff5d5,5d04a2e00a4200a8627edd297b12b550d64b46de2994f8d909eeca07ccf2f93b,2,-2,music21.key.krumhanslschmuckler,music21.key.aardenessen,same_release_path_plus_note_hash_music21_consensus_v1,53664a7ef3eed4af690568e16a357a2f88698e7f0a05fe854316b884807534da
music21_531.mid,C,531,pop1k7:src_003:531,data/pop1k7_official/Pop1K7/midi_analyzed/src_003/531.mid,171a1fd1d4f022e823fc8de58daa2d1e1b35cca132b0111d2f761211495893a8,data/pop1k7_official/Pop1K7/midi_synchronized/src_003/531.mid,dad052d2cdcd7fe3dd48ed2ad4a7888a745c88b961d5ad2752a12105f080c556,6b0961fe73fe57bd4f29d9ae488f35934f402e72300d387d2b5f26c52c449ff0,0,0,music21.key.krumhanslschmuckler,music21.key.aardenessen,same_release_path_plus_note_hash_music21_consensus_v1,53664a7ef3eed4af690568e16a357a2f88698e7f0a05fe854316b884807534da
music21_532.mid,C,532,pop1k7:src_003:532,data/pop1k7_official/Pop1K7/midi_analyzed/src_003/532.mid,6c67207a81dd6751081c3cc4989c3c8f2a35e3de4d43559efd8330a7396593c8,data/pop1k7_official/Pop1K7/midi_synchronized/src_003/532.mid,357b5e5ab99ef66acb9892793b9a29125d67e20ba6a49185ea66adcf3baf9177,8d16aad24ebda1b8f639437b5c42162760634572b9930281cad3a349ee592799,0,0,music21.key.krumhanslschmuckler,music21.key.aardenessen,same_release_path_plus_note_hash_music21_consensus_v1,53664a7ef3eed4af690568e16a357a2f88698e7f0a05fe854316b884807534da
music21_535.mid,eb,535,pop1k7:src_003:535,data/pop1k7_official/Pop1K7/midi_analyzed/src_003/535.mid,6345cc5e2f314c0f164c59ad781848e40a81ebcc65375ec76d86e458c07788a4,data/pop1k7_official/Pop1K7/midi_synchronized/src_003/535.mid,e8ae2097dcd1d88f09967e39edd778d2687d9095eefd8d4b296a1d0642188f04,01dc15f35dffdf11d47378fe439d9a2825cac00c4c27bb1a2a139b0ea7ee7633,6,6,music21.key.krumhanslschmuckler,music21.key.aardenessen,same_release_path_plus_note_hash_music21_consensus_v1,53664a7ef3eed4af690568e16a357a2f88698e7f0a05fe854316b884807534da
music21_538.mid,eb,538,pop1k7:src_003:538,data/pop1k7_official/Pop1K7/midi_analyzed/src_003/538.mid,6ef6ef3eaf4b3e97b1ac2ac1a17d00a1ea4896dc617732407ed871502d713ecf,data/pop1k7_official/Pop1K7/midi_synchronized/src_003/538.mid,6f6463978d3531a1d518456e972449fd7d75603650675294a62ef1cedf5467df,c2084affc22e2a71cbbd52d64c49caf20546cd12ae23ec50467df7d1e08b1b0f,6,6,music21.key.krumhanslschmuckler,music21.key.aardenessen,same_release_path_plus_note_hash_music21_consensus_v1,53664a7ef3eed4af690568e16a357a2f88698e7f0a05fe854316b884807534da
music21_541.mid,A,541,pop1k7:src_003:541,data/pop1k7_official/Pop1K7/midi_analyzed/src_003/541.mid,b1529a7d198656c680bb018dcc702430fb10ec28fe4c50ea29ae3179e47801c2,data/pop1k7_official/Pop1K7/midi_synchronized/src_003/541.mid,8a304ac7cc1348d50da42ffebfda85f12a8b88e5fba4f887eb8cd84c62bee74a,d77081abab1843d421d9665b549392ac1e6c43eeebfd7ea40c7d657b7622aaf9,9,3,music21.key.krumhanslschmuckler,music21.key.aardenessen,same_release_path_plus_note_hash_music21_consensus_v1,53664a7ef3eed4af690568e16a357a2f88698e7f0a05fe854316b884807534da
music21_542.mid,F,542,pop1k7:src_003:542,data/pop1k7_official/Pop1K7/midi_analyzed/src_003/542.mid,d9471d0d5387f3d02056fdeba7317cfaf4a23716bf200b020f1d0c8bd1470489,data/pop1k7_official/Pop1K7/midi_synchronized/src_003/542.mid,efb1572052cb204960692625e9e067b92b1a44e8fd24f5b1effdedea1f2a5e39,5a2cc1b0891246dede55c2cfb3e85a7460258e77339633631f9564fc18460ffa,5,-5,music21.key.krumhanslschmuckler,music21.key.aardenessen,same_release_path_plus_note_hash_music21_consensus_v1,53664a7ef3eed4af690568e16a357a2f88698e7f0a05fe854316b884807534da
music21_544.mid,D,544,pop1k7:src_003:544,data/pop1k7_official/Pop1K7/midi_analyzed/src_003/544.mid,7eea41a3c7608159a8a092ba89cb1513e71c051f38327b0dd2fe5854fd3c9748,data/pop1k7_official/Pop1K7/midi_synchronized/src_003/544.mid,8f293335c78e48e130b150fc43ade2716459585dee3ecf896440da69767862bb,f70317973e65ad38b15a37d5b47c2f7c25f90d3cbba82653759309ed0acd3ed8,2,-2,music21.key.krumhanslschmuckler,music21.key.aardenessen,same_release_path_plus_note_hash_music21_consensus_v1,53664a7ef3eed4af690568e16a357a2f88698e7f0a05fe854316b884807534da
music21_547.mid,Eb,547,pop1k7:src_003:547,data/pop1k7_official/Pop1K7/midi_analyzed/src_003/547.mid,57b67a463281f5ece25b9a9e064239588d5e274895a4b9ea44add2e22a62e0fe,data/pop1k7_official/Pop1K7/midi_synchronized/src_003/547.mid,1a73fa7a0c48ef786fb25e253b080186281740c8d3608c7dc219e6e027c13936,cc8b1458cb925e65175ed1cf7002df5abed662bf5c0ae566785427be43bceff1,3,-3,music21.key.krumhanslschmuckler,music21.key.aardenessen,same_release_path_plus_note_hash_music21_consensus_v1,53664a7ef3eed4af690568e16a357a2f88698e7f0a05fe854316b884807534da
music21_548.mid,F,548,pop1k7:src_003:548,data/pop1k7_official/Pop1K7/midi_analyzed/src_003/548.mid,f5452f17f3fe1f5e557f781e220f72c2b99cbb97a23547b741d70f46149af6e9,data/pop1k7_official/Pop1K7/midi_synchronized/src_003/548.mid,611e4bbd8e008292b1c4a6c7e87cbdb918e8f79c1d4e0ffce50cc08856e1a06b,b23c8fc999811ae1ee3aa9f8b47a01c91858e26542f2b1700c40de7785205a49,5,-5,music21.key.krumhanslschmuckler,music21.key.aardenessen,same_release_path_plus_note_hash_music21_consensus_v1,53664a7ef3eed4af690568e16a357a2f88698e7f0a05fe854316b884807534da
music21_550.mid,E,550,pop1k7:src_003:550,data/pop1k7_official/Pop1K7/midi_analyzed/src_003/550.mid,3c8e3fed91269a2932bbeb19dde765cd54e605602fa7520e8f32ac97db34154c,data/pop1k7_official/Pop1K7/midi_synchronized/src_003/550.mid,b2c8d47d7b5481a9b20c52d3bde5879d95ab4c16f323e158b5ca52c9e3714a1a,1241aa7447936dbcd1791431865610f13fdbce35a61f6540a235869c73edcd75,4,-4,music21.key.krumhanslschmuckler,music21.key.aardenessen,same_release_path_plus_note_hash_music21_consensus_v1,53664a7ef3eed4af690568e16a357a2f88698e7f0a05fe854316b884807534da
music21_551.mid,ab,551,pop1k7:src_003:551,data/pop1k7_official/Pop1K7/midi_analyzed/src_003/551.mid,b3403f92401f97f03a9f41c4fef70ccb1d76850b982502ec501cfab937874c18,data/pop1k7_official/Pop1K7/midi_synchronized/src_003/551.mid,8cfe8580f377da021fac6954e21255b7d8aae31eba29e5a7bdb3364ca4943ee5,89b9c7864480d00b4fe8b137c77bcd6f71540ac54f1d9dee560c9f9d3c9d9504,11,1,music21.key.krumhanslschmuckler,music21.key.aardenessen,same_release_path_plus_note_hash_music21_consensus_v1,53664a7ef3eed4af690568e16a357a2f88698e7f0a05fe854316b884807534da
music21_552.mid,c,552,pop1k7:src_003:552,data/pop1k7_official/Pop1K7/midi_analyzed/src_003/552.mid,4c9b32d0362c8a6ee40bcb80e174edf0452cdb6b4eb6abfc37886dbe3b1661b5,data/pop1k7_official/Pop1K7/midi_synchronized/src_003/552.mid,851f661069dd3f7292721d54dc56c81a86a29002a51714776257e8049ae6606a,f6f4a9389bcb5ea7b95358bdeb83500f2656a13feddd46555dc09538f6c6db47,3,-3,music21.key.krumhanslschmuckler,music21.key.aardenessen,same_release_path_plus_note_hash_music21_consensus_v1,53664a7ef3eed4af690568e16a357a2f88698e7f0a05fe854316b884807534da
music21_553.mid,e,553,pop1k7:src_003:553,data/pop1k7_official/Pop1K7/midi_analyzed/src_003/553.mid,09152ed500d8646e939a29e4baabb39e4a66a9f0d1842ea68d62920d7eea4b4b,data/pop1k7_official/Pop1K7/midi_synchronized/src_003/553.mid,46168714a2cbf0913faa552c5e9d0a1a1e4c4b680d9dab9be528c1e17a56ee6d,6895888e3d977e4d7a5ca020eeff7fa394bec06befc79ba9fca7c6a72077ad99,7,5,music21.key.krumhanslschmuckler,music21.key.aardenessen,same_release_path_plus_note_hash_music21_consensus_v1,53664a7ef3eed4af690568e16a357a2f88698e7f0a05fe854316b884807534da
music21_554.mid,bb,554,pop1k7:src_003:554,data/pop1k7_official/Pop1K7/midi_analyzed/src_003/554.mid,b3d3a2740f88e12bc0535632692ef1c5dc3dea5807259782bfd7c2e0a2eded4e,data/pop1k7_official/Pop1K7/midi_synchronized/src_003/554.mid,f96f75eef41202f11676ba6bee2c2484f64f5367d3aa06afce550e070d2eb5ce,b2282a17150147a6a46e2f1ca0a6132a0b0b792f05866d7b5fe44e3bc85bc13a,1,-1,music21.key.krumhanslschmuckler,music21.key.aardenessen,same_release_path_plus_note_hash_music21_consensus_v1,53664a7ef3eed4af690568e16a357a2f88698e7f0a05fe854316b884807534da
music21_561.mid,a,561,pop1k7:src_003:561,data/pop1k7_official/Pop1K7/midi_analyzed/src_003/561.mid,8bbd309737b8524fb72b3483ab3e882bdd594a4bfc180015507428cb07e19f1a,data/pop1k7_official/Pop1K7/midi_synchronized/src_003/561.mid,5640640333b01a505701afdff35cd438e5c19c820c5ee2de83fe9a0bd1b9656c,dc33eb0b8fb697267c74abd2a35e0f4e5caebad396dc2a05c5204005c2ada8e6,0,0,music21.key.krumhanslschmuckler,music21.key.aardenessen,same_release_path_plus_note_hash_music21_consensus_v1,53664a7ef3eed4af690568e16a357a2f88698e7f0a05fe854316b884807534da
music21_562.mid,ab,562,pop1k7:src_003:562,data/pop1k7_official/Pop1K7/midi_analyzed/src_003/562.mid,5be4a6ac4d0e0dda7d2e068513e4d562f9b07475c1eb00b176d1220f0c3be622,data/pop1k7_official/Pop1K7/midi_synchronized/src_003/562.mid,03eb567a998f7b6888b6e16c39dc9ba52bb1c76e2a6a529612b429dca822e352,e1585642247465b5862da5f02f61dea9846ac4744a310dc04dd6f6f36a960160,11,1,music21.key.krumhanslschmuckler,music21.key.aardenessen,same_release_path_plus_note_hash_music21_consensus_v1,53664a7ef3eed4af690568e16a357a2f88698e7f0a05fe854316b884807534da
music21_563.mid,G,563,pop1k7:src_003:563,data/pop1k7_official/Pop1K7/midi_analyzed/src_003/563.mid,6b9c48030b5ac7fec102811f8f42cba423f3bb8af811c5361ef2c6ddbc2c11f7,data/pop1k7_official/Pop1K7/midi_synchronized/src_003/563.mid,b2fb9efeb2cc1c6b8d40d58d9c05a5c17c0ab2a55f9df854d96f59537470c0ea,1b37a74907f4cdc20063cc3781fa924abed05c15f70ac3c0683990bfc6575304,7,5,music21.key.krumhanslschmuckler,music21.key.aardenessen,same_release_path_plus_note_hash_music21_consensus_v1,53664a7ef3eed4af690568e16a357a2f88698e7f0a05fe854316b884807534da
music21_564.mid,f#,564,pop1k7:src_003:564,data/pop1k7_official/Pop1K7/midi_analyzed/src_003/564.mid,f600ec948c0af43b3007d38ad719d7447dcaea67cf09c19bc5852e65570aa3dd,data/pop1k7_official/Pop1K7/midi_synchronized/src_003/564.mid,e4dc8554847767abcd47bef629a4c1f2a7f55670a2aa4a1727bedaf2869354d6,7474aa7daa9328a764e07f57760b0e0576b9601bbca710b8ef1a22ebc3f1f3d7,9,3,music21.key.krumhanslschmuckler,music21.key.aardenessen,same_release_path_plus_note_hash_music21_consensus_v1,53664a7ef3eed4af690568e16a357a2f88698e7f0a05fe854316b884807534da
music21_565.mid,Eb,565,pop1k7:src_003:565,data/pop1k7_official/Pop1K7/midi_analyzed/src_003/565.mid,2fc97df44500f10935306b105c5cb6e23364714da35d9389c3cc395147ec4dd4,data/pop1k7_official/Pop1K7/midi_synchronized/src_003/565.mid,47123bc0de48729cad765740065e9b92525be49b2391199546eb35e8088ec219,33769377742b2db51cc35db5e39124a8a30971e86030cc196f619d0175143a91,3,-3,music21.key.krumhanslschmuckler,music21.key.aardenessen,same_release_path_plus_note_hash_music21_consensus_v1,53664a7ef3eed4af690568e16a357a2f88698e7f0a05fe854316b884807534da
music21_568.mid,D,568,pop1k7:src_003:568,data/pop1k7_official/Pop1K7/midi_analyzed/src_003/568.mid,783166c9405184ce481e04d6d0b68d53cf19ff97de7071624279a57acf82f492,data/pop1k7_official/Pop1K7/midi_synchronized/src_003/568.mid,e3d4bc2c6bff79f3d6df275db9bb3737157dbd04793051ec2de394cdb40c9483,9461d8bf5bc4b0a02b7eb93b139a47d32143f1c552f68e7574ad63777f933219,2,-2,music21.key.krumhanslschmuckler,music21.key.aardenessen,same_release_path_plus_note_hash_music21_consensus_v1,53664a7ef3eed4af690568e16a357a2f88698e7f0a05fe854316b884807534da
music21_569.mid,bb,569,pop1k7:src_003:569,data/pop1k7_official/Pop1K7/midi_analyzed/src_003/569.mid,06f7415c9dde45b5b908e25c3793f1800825dcfbdd400584488f40a856b377a4,data/pop1k7_official/Pop1K7/midi_synchronized/src_003/569.mid,8878cf82954e3b8bb1602aa86a8fae46b943afbf9aa2dc9b1a6aad505b9cfe41,1616e594245db366d72dd10ca64bb9f7bc13feeeb3b7de6a8f2702f464b74e3b,1,-1,music21.key.krumhanslschmuckler,music21.key.aardenessen,same_release_path_plus_note_hash_music21_consensus_v1,53664a7ef3eed4af690568e16a357a2f88698e7f0a05fe854316b884807534da
music21_570.mid,A,570,pop1k7:src_003:570,data/pop1k7_official/Pop1K7/midi_analyzed/src_003/570.mid,4801337347d1be20934280bea1eeb7b07bad88abc597f0502777de1eb5ba650d,data/pop1k7_official/Pop1K7/midi_synchronized/src_003/570.mid,fb69a6a1deb4bffe00f743a3b50a634b4149ce927bf339ee417f918e057a1aa6,f3bf8d09b4ac6833eb46188df6f0c9d42a823c9394957b000bf9b4d92afec24b,9,3,music21.key.krumhanslschmuckler,music21.key.aardenessen,same_release_path_plus_note_hash_music21_consensus_v1,53664a7ef3eed4af690568e16a357a2f88698e7f0a05fe854316b884807534da
music21_571.mid,F#,571,pop1k7:src_003:571,data/pop1k7_official/Pop1K7/midi_analyzed/src_003/571.mid,a2d9c5dc19291c4049cdbcbb7e4ca21da208aff0203448e805cb1cc2a740f285,data/pop1k7_official/Pop1K7/midi_synchronized/src_003/571.mid,5a8dc02fefb12ac16eace7dc4d1a7b35c5f601b25a55aeb68ae6aa1b241ab9a4,3c4c3561a6f30d0b5fe10829df90c8f5c1686da012730b702526921e6c7ff5a5,6,6,music21.key.krumhanslschmuckler,music21.key.aardenessen,same_release_path_plus_note_hash_music21_consensus_v1,53664a7ef3eed4af690568e16a357a2f88698e7f0a05fe854316b884807534da
music21_572.mid,D,572,pop1k7:src_003:572,data/pop1k7_official/Pop1K7/midi_analyzed/src_003/572.mid,69b5a3f90c5e9eb3d78990ead587daadb993d0c57d6b2521adffd51cf776d26e,data/pop1k7_official/Pop1K7/midi_synchronized/src_003/572.mid,c70b71e98ba66bcb6cff5ca1150ce8eb333953fc5e21caeea6e54de011605966,c21b39f01d1c4df10635728c4a6c0d38a657a75bec90a413ee988d0e68a7157b,2,-2,music21.key.krumhanslschmuckler,music21.key.aardenessen,same_release_path_plus_note_hash_music21_consensus_v1,53664a7ef3eed4af690568e16a357a2f88698e7f0a05fe854316b884807534da
music21_573.mid,Ab,573,pop1k7:src_003:573,data/pop1k7_official/Pop1K7/midi_analyzed/src_003/573.mid,9f3897a136e61cb38cc5c206c2b995ce429292b4f3864deb25055925fb863a78,data/pop1k7_official/Pop1K7/midi_synchronized/src_003/573.mid,94c459333eab34bd3b5c54c49ffcc151ab3ddfad759d4aceeb84c833914c5bf3,71174584db35c9ecaa948c2e771cd983df8f9d218a03054e84cdfa02b3976648,8,4,music21.key.krumhanslschmuckler,music21.key.aardenessen,same_release_path_plus_note_hash_music21_consensus_v1,53664a7ef3eed4af690568e16a357a2f88698e7f0a05fe854316b884807534da
music21_575.mid,D,575,pop1k7:src_003:575,data/pop1k7_official/Pop1K7/midi_analyzed/src_003/575.mid,ec3597ce559791b2764a5256d3d712801ab08c74413da930cbad886c1c7c18be,data/pop1k7_official/Pop1K7/midi_synchronized/src_003/575.mid,2d9593c6e7e5967f008a2bd709eb30b564e5808f5412b2bebdbf59a011863e43,086935d159dc4081966f482573a48dda993050943a3876e7f6727eadc4782da4,2,-2,music21.key.krumhanslschmuckler,music21.key.aardenessen,same_release_path_plus_note_hash_music21_consensus_v1,53664a7ef3eed4af690568e16a357a2f88698e7f0a05fe854316b884807534da
music21_577.mid,Eb,577,pop1k7:src_003:577,data/pop1k7_official/Pop1K7/midi_analyzed/src_003/577.mid,dd255f12ede082130119d62a7f095dd75efc368bdc8b0cabbf2bf11149ab13d4,data/pop1k7_official/Pop1K7/midi_synchronized/src_003/577.mid,bda0f62c8209265acdc8f30d59642f2ee52a7c5561452ceac6cdd77d23986e0e,1560a61327ab47cba930cbb6cd1dd2a95f7e60844524adac97d04e531941ff30,3,-3,music21.key.krumhanslschmuckler,music21.key.aardenessen,same_release_path_plus_note_hash_music21_consensus_v1,53664a7ef3eed4af690568e16a357a2f88698e7f0a05fe854316b884807534da
music21_578.mid,D,578,pop1k7:src_003:578,data/pop1k7_official/Pop1K7/midi_analyzed/src_003/578.mid,53a833b164ce7490abec06303c227838260f02fd1e9f3c89bd9b5d84b0aae8a4,data/pop1k7_official/Pop1K7/midi_synchronized/src_003/578.mid,2afcf545f184674fd6fa7379993079524679fd5b9bdf48ed5204393dbd9a03e2,f67b80cf586f3c2dee804fbae5fbea278e200421516b08e9de93c623d9325976,2,-2,music21.key.krumhanslschmuckler,music21.key.aardenessen,same_release_path_plus_note_hash_music21_consensus_v1,53664a7ef3eed4af690568e16a357a2f88698e7f0a05fe854316b884807534da
music21_580.mid,a,580,pop1k7:src_003:580,data/pop1k7_official/Pop1K7/midi_analyzed/src_003/580.mid,04aed5889c67c8477c93b0c377bf42e94051659e92e352961440e52da43faafb,data/pop1k7_official/Pop1K7/midi_synchronized/src_003/580.mid,fc08775d8825695886d484ae8719f285fe490abfc02174fc1dce479060f2e44d,0c4bd88e8194d485b510cec2fef382707e88d324b408742543b92dd63613fa44,0,0,music21.key.krumhanslschmuckler,music21.key.aardenessen,same_release_path_plus_note_hash_music21_consensus_v1,53664a7ef3eed4af690568e16a357a2f88698e7f0a05fe854316b884807534da
music21_581.mid,A,581,pop1k7:src_003:581,data/pop1k7_official/Pop1K7/midi_analyzed/src_003/581.mid,519e45e9cf767d679a6002bd2a15367c2377bc7e07b337668014caf581fd6b52,data/pop1k7_official/Pop1K7/midi_synchronized/src_003/581.mid,ed8be875acab77ed1daf38abb5032a551873b876e7a2044457acded8d8ce8835,c255ea5f68a5a53a7c57204a3f9bc891aeded9fb7cbaeb273671ad69485047e1,9,3,music21.key.krumhanslschmuckler,music21.key.aardenessen,same_release_path_plus_note_hash_music21_consensus_v1,53664a7ef3eed4af690568e16a357a2f88698e7f0a05fe854316b884807534da
music21_583.mid,a,583,pop1k7:src_003:583,data/pop1k7_official/Pop1K7/midi_analyzed/src_003/583.mid,a24605298dc9c085b841923e25b697693db9beadc3daff1a8b79f0b54776f6f6,data/pop1k7_official/Pop1K7/midi_synchronized/src_003/583.mid,24abcb55486a21bc1d0e6590909a6c25a946f5a75b9534a8ccbf455e73ab355d,087993c48550da687f6947f5f3423424447294e557a88351939115f04b2b2c77,0,0,music21.key.krumhanslschmuckler,music21.key.aardenessen,same_release_path_plus_note_hash_music21_consensus_v1,53664a7ef3eed4af690568e16a357a2f88698e7f0a05fe854316b884807534da
music21_585.mid,F#,585,pop1k7:src_003:585,data/pop1k7_official/Pop1K7/midi_analyzed/src_003/585.mid,df5938a38cc126604fa5a9c3b283f50c5dc3b06502cd6f4220e6610085eced5a,data/pop1k7_official/Pop1K7/midi_synchronized/src_003/585.mid,183421f9ad1681cc4376330dd19cf81a22097059335127c217bbe4edac4801bb,d5b53d5173bf47657bd28ed29b51f3841b3bab73cbd46169072e4e5e491013e6,6,6,music21.key.krumhanslschmuckler,music21.key.aardenessen,same_release_path_plus_note_hash_music21_consensus_v1,53664a7ef3eed4af690568e16a357a2f88698e7f0a05fe854316b884807534da
music21_586.mid,Eb,586,pop1k7:src_003:586,data/pop1k7_official/Pop1K7/midi_analyzed/src_003/586.mid,d335ad62cdc51c93dace33ec54fc974630cb4ae02433e9429b8d471a7be4c982,data/pop1k7_official/Pop1K7/midi_synchronized/src_003/586.mid,fd167a2ded478e40e32597c699143a19a09d5973d7a7f00b75f8166442631b14,84ebe3495a417f6bd8a5146ea7f18ca34176f2a70e118e0aa889d7ee30c20c2e,3,-3,music21.key.krumhanslschmuckler,music21.key.aardenessen,same_release_path_plus_note_hash_music21_consensus_v1,53664a7ef3eed4af690568e16a357a2f88698e7f0a05fe854316b884807534da
music21_588.mid,f,588,pop1k7:src_003:588,data/pop1k7_official/Pop1K7/midi_analyzed/src_003/588.mid,d31ce9d2c7a3bf99434027ef365402f73cd3f1c47b190ba2abdb558203171536,data/pop1k7_official/Pop1K7/midi_synchronized/src_003/588.mid,98bc3553dbd634b670f6ef9d207c27b5725fb8593824f246c312e11b94791066,e66496be92e104e0dfec951eb12942fafa62a095c13471fb85adfa436de6e520,8,4,music21.key.krumhanslschmuckler,music21.key.aardenessen,same_release_path_plus_note_hash_music21_consensus_v1,53664a7ef3eed4af690568e16a357a2f88698e7f0a05fe854316b884807534da
music21_589.mid,Ab,589,pop1k7:src_003:589,data/pop1k7_official/Pop1K7/midi_analyzed/src_003/589.mid,5abfadd45924cf0a242e77271a8a2bb4c43b3730e6fdb0c58736079c5b5ac708,data/pop1k7_official/Pop1K7/midi_synchronized/src_003/589.mid,c3e41243cf04175edac673d50c52eb63b9d071dd25cfed5f3aeb9111580d63a4,bf6ae1cfcb9bafa01ee73afc65ce5afb82e5d225fe0460119764b999666f426e,8,4,music21.key.krumhanslschmuckler,music21.key.aardenessen,same_release_path_plus_note_hash_music21_consensus_v1,53664a7ef3eed4af690568e16a357a2f88698e7f0a05fe854316b884807534da
music21_591.mid,b,591,pop1k7:src_003:591,data/pop1k7_official/Pop1K7/midi_analyzed/src_003/591.mid,ec6e7ed22259f5834e5cd1868cfc5543a9f4d00c5d3a204af044a02654039b50,data/pop1k7_official/Pop1K7/midi_synchronized/src_003/591.mid,415ecb063e1e80ef3453513632134d8c85b7a8af476d0de25a1a3e36a653bb70,aa1e965707473a0f9e6ea9e820e5992a0d2be30506ce96f1aeff98672603ebc7,2,-2,music21.key.krumhanslschmuckler,music21.key.aardenessen,same_release_path_plus_note_hash_music21_consensus_v1,53664a7ef3eed4af690568e16a357a2f88698e7f0a05fe854316b884807534da
music21_593.mid,Eb,593,pop1k7:src_003:593,data/pop1k7_official/Pop1K7/midi_analyzed/src_003/593.mid,6dfc34cb9a16f25ff88691d3061b6c6af4d461a289aac9ed04ef143ab3317101,data/pop1k7_official/Pop1K7/midi_synchronized/src_003/593.mid,4b6927b18b33f483398b540f71bd512f0a5ee7c2bfa6c188d39f671263e69a26,7e6108fa255b5a56373957bdffe069a190f99f23b1b7c6203578d5f0286ce0f1,3,-3,music21.key.krumhanslschmuckler,music21.key.aardenessen,same_release_path_plus_note_hash_music21_consensus_v1,53664a7ef3eed4af690568e16a357a2f88698e7f0a05fe854316b884807534da
music21_595.mid,a,595,pop1k7:src_003:595,data/pop1k7_official/Pop1K7/midi_analyzed/src_003/595.mid,9051a20728cc83b971ccf9d7dc38a49a674da2ace2953de71728da551a4ba877,data/pop1k7_official/Pop1K7/midi_synchronized/src_003/595.mid,1e1d5d5e6f50ae51ee4aa91767117e695cd61c2bb01e43aaa130a842ba22cc61,ea84bc1c0b85a4b1b09678b23ef83485f73ed1ad6b8e592a4a234cddd193d120,0,0,music21.key.krumhanslschmuckler,music21.key.aardenessen,same_release_path_plus_note_hash_music21_consensus_v1,53664a7ef3eed4af690568e16a357a2f88698e7f0a05fe854316b884807534da
music21_597.mid,E,597,pop1k7:src_003:597,data/pop1k7_official/Pop1K7/midi_analyzed/src_003/597.mid,b4a895b07cd49cdfc7d1cc22a46dea6df95e749b57948de1d895d03ab6263c7d,data/pop1k7_official/Pop1K7/midi_synchronized/src_003/597.mid,9076c1f2c3ca26f10d83dbcdbb7db23170c1e3c5e54aad05ef09bf52a0e7939d,385b240e1ffcee12453cc9cf20edbc6bfcb3b073ccc73cea202f583d80104746,4,-4,music21.key.krumhanslschmuckler,music21.key.aardenessen,same_release_path_plus_note_hash_music21_consensus_v1,53664a7ef3eed4af690568e16a357a2f88698e7f0a05fe854316b884807534da
music21_600.mid,e,600,pop1k7:src_003:600,data/pop1k7_official/Pop1K7/midi_analyzed/src_003/600.mid,63dde5fca7f58d96764bf3e83a88abacc916db38688c6280cb0891778bf972b7,data/pop1k7_official/Pop1K7/midi_synchronized/src_003/600.mid,c43af6f9060deddaa99cfc9fe46d64659ca7cd3f82ea269ed91d2069bac2fab3,cdc01e84ae13d501dedc65dfcadb2200b60872f72526938e654bedd0c609777a,7,5,music21.key.krumhanslschmuckler,music21.key.aardenessen,same_release_path_plus_note_hash_music21_consensus_v1,53664a7ef3eed4af690568e16a357a2f88698e7f0a05fe854316b884807534da
music21_603.mid,d,603,pop1k7:src_003:603,data/pop1k7_official/Pop1K7/midi_analyzed/src_003/603.mid,046d879a6f7e86c8ed10f70c3b72d2eedc667a69782b797adbbb9dd466daf564,data/pop1k7_official/Pop1K7/midi_synchronized/src_003/603.mid,a3a134ef599614b0c66651572e2b6db8e554f9d34659a64aa2181d8a1947ee84,d821007d07d2be1d234337c929823397de9be47e00e831adfe1018731d9190fc,5,-5,music21.key.krumhanslschmuckler,music21.key.aardenessen,same_release_path_plus_note_hash_music21_consensus_v1,53664a7ef3eed4af690568e16a357a2f88698e7f0a05fe854316b884807534da
music21_604.mid,f,604,pop1k7:src_003:604,data/pop1k7_official/Pop1K7/midi_analyzed/src_003/604.mid,f2f718c67021f82f42b0d65b64b68b04cb3d41c1caa18d47f8ded0012e3e8fe9,data/pop1k7_official/Pop1K7/midi_synchronized/src_003/604.mid,4026263475620085af4c4e42092a45a57d2a2e0f6111d51d7b7f95e6192fb247,6f2f4555796213e3d4e872d58429960ea56949e1d112a7216622d8d709cf3057,8,4,music21.key.krumhanslschmuckler,music21.key.aardenessen,same_release_path_plus_note_hash_music21_consensus_v1,53664a7ef3eed4af690568e16a357a2f88698e7f0a05fe854316b884807534da
music21_605.mid,C#,605,pop1k7:src_003:605,data/pop1k7_official/Pop1K7/midi_analyzed/src_003/605.mid,ffecfdcdff7b375a0017a6f7e37853554529420fe03c66f16252bfa3473075ea,data/pop1k7_official/Pop1K7/midi_synchronized/src_003/605.mid,9216055f32947b0ad60a4e85356b2956aa96b1f57fa886dcc699bd2587627fde,fdc6e1895fdb0630d7d71fd6693156ad3d739b399bb4fc50e87f00bd2a2f33ee,1,-1,music21.key.krumhanslschmuckler,music21.key.aardenessen,same_release_path_plus_note_hash_music21_consensus_v1,53664a7ef3eed4af690568e16a357a2f88698e7f0a05fe854316b884807534da
music21_606.mid,g,606,pop1k7:src_003:606,data/pop1k7_official/Pop1K7/midi_analyzed/src_003/606.mid,dfc9e0ef39650b135ee83bcc95eca8fceeaf813fd2d763454ee33c392d744533,data/pop1k7_official/Pop1K7/midi_synchronized/src_003/606.mid,3e15991f3ab6167bfe3583bb1586205e140ae854a8caf63013ee00caab46d577,1eede6e7e97adb7e82ed2e91657cd3918ae0cef1e7d7d35c7e4487820ef8f958,10,2,music21.key.krumhanslschmuckler,music21.key.aardenessen,same_release_path_plus_note_hash_music21_consensus_v1,53664a7ef3eed4af690568e16a357a2f88698e7f0a05fe854316b884807534da
music21_609.mid,D,609,pop1k7:src_003:609,data/pop1k7_official/Pop1K7/midi_analyzed/src_003/609.mid,2c93e0acb0eff4e03893270fc16130c44e0c54ed9ba61eed3ac9d290e25863d5,data/pop1k7_official/Pop1K7/midi_synchronized/src_003/609.mid,6db1efb26ce5c53b11b66f253f411cdede491bec2f1116bf96629d3112876905,dff35f4b844af0aac29a05f29f27cd03c26eadf27dab2d679fedc717c1258cb1,2,-2,music21.key.krumhanslschmuckler,music21.key.aardenessen,same_release_path_plus_note_hash_music21_consensus_v1,53664a7ef3eed4af690568e16a357a2f88698e7f0a05fe854316b884807534da
music21_611.mid,G,611,pop1k7:src_003:611,data/pop1k7_official/Pop1K7/midi_analyzed/src_003/611.mid,5c65138ef103bf32620dc59b89c3c115a4294556ce838a6ed30937ae57f12169,data/pop1k7_official/Pop1K7/midi_synchronized/src_003/611.mid,94ac341fd56b45a24f3b9890d8754803e6abf09d6aa88f24f26e9a50083ef25b,0c5fdd5acbda973516ecfd2fb4605f7dde579b686467c19cbe4590af5da0ed80,7,5,music21.key.krumhanslschmuckler,music21.key.aardenessen,same_release_path_plus_note_hash_music21_consensus_v1,53664a7ef3eed4af690568e16a357a2f88698e7f0a05fe854316b884807534da
music21_612.mid,eb,612,pop1k7:src_003:612,data/pop1k7_official/Pop1K7/midi_analyzed/src_003/612.mid,0d54c3f9003e9a13b54082e6408c04b05b82bc2d74ab48fd7c6eb4452560860f,data/pop1k7_official/Pop1K7/midi_synchronized/src_003/612.mid,e75fffa0943a5c4ae510911fb8c254e82f43be39645d65094c55efddf61f2de6,743224fdceba88bc2abffc9a35550e3225253c0fdcb7741938fe00a94dead566,6,6,music21.key.krumhanslschmuckler,music21.key.aardenessen,same_release_path_plus_note_hash_music21_consensus_v1,53664a7ef3eed4af690568e16a357a2f88698e7f0a05fe854316b884807534da
music21_613.mid,A,613,pop1k7:src_003:613,data/pop1k7_official/Pop1K7/midi_analyzed/src_003/613.mid,d65442d5870274ff88006cffdf3884fb2090ee836193d3398bf27894949030b7,data/pop1k7_official/Pop1K7/midi_synchronized/src_003/613.mid,2a1382c7a5b4acb56e38743f6373c9b660508f7f6a4b479a0c53de9d52af70a9,148f4bd90d9b1bdd5f24d0f92f301e3d7587ba14e2304073ee7cb050fdd1f527,9,3,music21.key.krumhanslschmuckler,music21.key.aardenessen,same_release_path_plus_note_hash_music21_consensus_v1,53664a7ef3eed4af690568e16a357a2f88698e7f0a05fe854316b884807534da
music21_614.mid,A,614,pop1k7:src_003:614,data/pop1k7_official/Pop1K7/midi_analyzed/src_003/614.mid,32e6402cb30b74c5730093dcbb5d58aae2559459563b1eca242ccd0e8540af18,data/pop1k7_official/Pop1K7/midi_synchronized/src_003/614.mid,2a252fb9365c82fe585211844c8a427e03f9dd775145c03d55023f26093b637f,1a5f08a5abd86eec68099afbd4ed4adb2713abcdd134901cf992799bbdc0f682,9,3,music21.key.krumhanslschmuckler,music21.key.aardenessen,same_release_path_plus_note_hash_music21_consensus_v1,53664a7ef3eed4af690568e16a357a2f88698e7f0a05fe854316b884807534da
music21_615.mid,Ab,615,pop1k7:src_003:615,data/pop1k7_official/Pop1K7/midi_analyzed/src_003/615.mid,864deb396c128cea843c608d8d10b6a3a53e3bb92b213ba9a81860ebb184b519,data/pop1k7_official/Pop1K7/midi_synchronized/src_003/615.mid,5752de58fabde19aeb0404ee9f5216c05c7ff6a4957518e969a742ccfd45af94,538b1add2e8b5ae7f6315b2fbd96420ddc6fbee72259426fb87009ed046b99dc,8,4,music21.key.krumhanslschmuckler,music21.key.aardenessen,same_release_path_plus_note_hash_music21_consensus_v1,53664a7ef3eed4af690568e16a357a2f88698e7f0a05fe854316b884807534da
music21_616.mid,Ab,616,pop1k7:src_003:616,data/pop1k7_official/Pop1K7/midi_analyzed/src_003/616.mid,b2cbc54f19dfc1426729c8b060a4ab9c1ea3759bad25d4466d4c96bd2996b970,data/pop1k7_official/Pop1K7/midi_synchronized/src_003/616.mid,2b26501af5c4d2a02a0ccb8c14a43eb592964d2886c57e9643df0316f1b19de0,e8bfe648085a9c108e2ae79d42833cf2a3dae05b82cbe3a3a899fa8886aa5c7c,8,4,music21.key.krumhanslschmuckler,music21.key.aardenessen,same_release_path_plus_note_hash_music21_consensus_v1,53664a7ef3eed4af690568e16a357a2f88698e7f0a05fe854316b884807534da
music21_617.mid,C#,617,pop1k7:src_003:617,data/pop1k7_official/Pop1K7/midi_analyzed/src_003/617.mid,5b9628a472a2ea128f680fabd9ce3b6b2c09baf371672e03a9bb5fb73cda75e9,data/pop1k7_official/Pop1K7/midi_synchronized/src_003/617.mid,833e65a86c9633d7a84de4cc53e128a9d47a743d6b665a26c01bea20ccf7b23c,a1521a5334014812bb7a3d18140cd755913bf6a755859ad68483a2d84a9032cb,1,-1,music21.key.krumhanslschmuckler,music21.key.aardenessen,same_release_path_plus_note_hash_music21_consensus_v1,53664a7ef3eed4af690568e16a357a2f88698e7f0a05fe854316b884807534da
music21_618.mid,D,618,pop1k7:src_003:618,data/pop1k7_official/Pop1K7/midi_analyzed/src_003/618.mid,7dd7c88566c0f4f8789f1d48fb324726e9544fa27af00b5baaddc8374c06c3e6,data/pop1k7_official/Pop1K7/midi_synchronized/src_003/618.mid,c7fbda555a7b9c4d749375a0cf65310c8a721dc1b5d9a83fa9e374d7b61dff56,2e92a38e80bca89e27034aa8b64f941426f7b59e89aa0fa5fccaa0c6fdc69f15,2,-2,music21.key.krumhanslschmuckler,music21.key.aardenessen,same_release_path_plus_note_hash_music21_consensus_v1,53664a7ef3eed4af690568e16a357a2f88698e7f0a05fe854316b884807534da
music21_620.mid,Eb,620,pop1k7:src_003:620,data/pop1k7_official/Pop1K7/midi_analyzed/src_003/620.mid,eb6050cd2a9d99d77ff5e89e64804d3f828da38b5d94f35c1493d10bad32eef2,data/pop1k7_official/Pop1K7/midi_synchronized/src_003/620.mid,cb4b6ee97f84f143ae93e4e522382891842eb413f3e03870f5de6b74606f516d,c28ca86e01aa1d1f4681f503d286895f0030ac055d9f9d7651f67ab085ce3f57,3,-3,music21.key.krumhanslschmuckler,music21.key.aardenessen,same_release_path_plus_note_hash_music21_consensus_v1,53664a7ef3eed4af690568e16a357a2f88698e7f0a05fe854316b884807534da
music21_621.mid,Ab,621,pop1k7:src_003:621,data/pop1k7_official/Pop1K7/midi_analyzed/src_003/621.mid,11bc5fb0ae796cf3a8f83af29aa749e66ef2e0eec2616eeeaad45aa98bad087b,data/pop1k7_official/Pop1K7/midi_synchronized/src_003/621.mid,5a4dc5f285aa9c91008b91202a104955218a027989cface062386321dc2dfd7d,c967680cc9f1bfae987dbb01b1ca74b48421d1a8b64320c67ee7a7125bc36325,8,4,music21.key.krumhanslschmuckler,music21.key.aardenessen,same_release_path_plus_note_hash_music21_consensus_v1,53664a7ef3eed4af690568e16a357a2f88698e7f0a05fe854316b884807534da
music21_622.mid,Eb,622,pop1k7:src_003:622,data/pop1k7_official/Pop1K7/midi_analyzed/src_003/622.mid,8b371b35700f2142edde0938f8a49accc3f48ad16dbf21b05a9d03440cfcff50,data/pop1k7_official/Pop1K7/midi_synchronized/src_003/622.mid,bb9af3cf3eac23dd51b862a7932a7dfeae3271e1ea8111914f3ab5e9381d3b2c,16775199cd89be69a5208945ef29d8f32693133e2334163936513f22e41311ae,3,-3,music21.key.krumhanslschmuckler,music21.key.aardenessen,same_release_path_plus_note_hash_music21_consensus_v1,53664a7ef3eed4af690568e16a357a2f88698e7f0a05fe854316b884807534da
music21_623.mid,Bb,623,pop1k7:src_003:623,data/pop1k7_official/Pop1K7/midi_analyzed/src_003/623.mid,8afee8d7d56713df706d8e09d513e16bd7864c5e80378d62360bbfe65cc3121c,data/pop1k7_official/Pop1K7/midi_synchronized/src_003/623.mid,6b299443faebe48912b235352628f0ac9ead58f7f5b186c842c55958436c3f36,0e500e7a4fdd43ec8878070430f50d8b50f2efc4f8d0fd9e7deeddef50d7fa6f,10,2,music21.key.krumhanslschmuckler,music21.key.aardenessen,same_release_path_plus_note_hash_music21_consensus_v1,53664a7ef3eed4af690568e16a357a2f88698e7f0a05fe854316b884807534da
music21_624.mid,Ab,624,pop1k7:src_003:624,data/pop1k7_official/Pop1K7/midi_analyzed/src_003/624.mid,f31d928c9ef6e9e2573dd003384c606b4116873e44080cffc3ba3d21e2d959cf,data/pop1k7_official/Pop1K7/midi_synchronized/src_003/624.mid,e6dd1c415e6b53ac2d33b9dec325f1edba8e5c0a8b626ac142c7453565508dcb,0d33bdccd6ae006a0096bbf9e2c5079e4e3a714fdf55bf1a5bce30a8e923f8fb,8,4,music21.key.krumhanslschmuckler,music21.key.aardenessen,same_release_path_plus_note_hash_music21_consensus_v1,53664a7ef3eed4af690568e16a357a2f88698e7f0a05fe854316b884807534da
music21_625.mid,c#,625,pop1k7:src_003:625,data/pop1k7_official/Pop1K7/midi_analyzed/src_003/625.mid,fb9357ba03dce804a09b4ea764d35db9cf901579a1d51e148239c7c437f47118,data/pop1k7_official/Pop1K7/midi_synchronized/src_003/625.mid,63d324261726dd4ef54ed39b7f7eda5db0a6b22353f054e75beb6227044e695e,af1da110008efa0bc7fc842944bbce15b40a58babce1f3026e82636759ff6db3,4,-4,music21.key.krumhanslschmuckler,music21.key.aardenessen,same_release_path_plus_note_hash_music21_consensus_v1,53664a7ef3eed4af690568e16a357a2f88698e7f0a05fe854316b884807534da
music21_626.mid,ab,626,pop1k7:src_003:626,data/pop1k7_official/Pop1K7/midi_analyzed/src_003/626.mid,b64b65d5689fbde6a4000c71b2e56ec716130a705fe5606a86dd6de063262853,data/pop1k7_official/Pop1K7/midi_synchronized/src_003/626.mid,fc84cf547314ae50eabbc75809caba5e5104a35036a3b1a712bb51c8ebeaadaf,871e42bee06a6e0d60bea34af84a72a114d3cdaa73e5785a494e23d6bf5424a3,11,1,music21.key.krumhanslschmuckler,music21.key.aardenessen,same_release_path_plus_note_hash_music21_consensus_v1,53664a7ef3eed4af690568e16a357a2f88698e7f0a05fe854316b884807534da
music21_629.mid,A,629,pop1k7:src_003:629,data/pop1k7_official/Pop1K7/midi_analyzed/src_003/629.mid,520c54fbf1c742fafc6f86c324fa4d67d077022bd223845e678ddea3bdebfce9,data/pop1k7_official/Pop1K7/midi_synchronized/src_003/629.mid,47506af0e9b47853a5f1876d3eeeff8954dbc0471b1770b1afa9b5db906e3976,342e7a3b415948c7491dd822bc4f97725e885ef7ba5fc0f60d4e0759024f4055,9,3,music21.key.krumhanslschmuckler,music21.key.aardenessen,same_release_path_plus_note_hash_music21_consensus_v1,53664a7ef3eed4af690568e16a357a2f88698e7f0a05fe854316b884807534da
music21_630.mid,D,630,pop1k7:src_003:630,data/pop1k7_official/Pop1K7/midi_analyzed/src_003/630.mid,1a00fb5fa21a047d496803aa47a5d59e4c74d6ca40e2f0b64ac7b88745a53204,data/pop1k7_official/Pop1K7/midi_synchronized/src_003/630.mid,ee9847d2ea551474d15651b9d659267f3d497857e9d34994ba6bd7efab177999,360fd8ed345cfb5bf01d05cf145894d1d52be7bcf1906bbf8837c91b7c798c05,2,-2,music21.key.krumhanslschmuckler,music21.key.aardenessen,same_release_path_plus_note_hash_music21_consensus_v1,53664a7ef3eed4af690568e16a357a2f88698e7f0a05fe854316b884807534da
music21_631.mid,c#,631,pop1k7:src_003:631,data/pop1k7_official/Pop1K7/midi_analyzed/src_003/631.mid,71819b0e37f2622b43d8b6e6cd52074a87432f85966238dbaa31730e64b915c4,data/pop1k7_official/Pop1K7/midi_synchronized/src_003/631.mid,e855faaab2e490c02e1e3c3a93f328ef4d147a387bce80b42592a3e6dbf08295,3ce4067ea94a4edea1154c937623c64048208a019bdf73111ea06e3589759ba3,4,-4,music21.key.krumhanslschmuckler,music21.key.aardenessen,same_release_path_plus_note_hash_music21_consensus_v1,53664a7ef3eed4af690568e16a357a2f88698e7f0a05fe854316b884807534da
music21_632.mid,a,632,pop1k7:src_003:632,data/pop1k7_official/Pop1K7/midi_analyzed/src_003/632.mid,4933ab772aff04bbc65a0ef68a7fd75c10d884f29676303a7b2ab416dc375b8b,data/pop1k7_official/Pop1K7/midi_synchronized/src_003/632.mid,f80488c22ce2b9eb59abbc56227d5944c70e5543c811d80abd3f62d89ba978a2,558bd32d1cbdd5485745543aead979b2fe0abac0b5cc39ad8ad6b767abe837fe,0,0,music21.key.krumhanslschmuckler,music21.key.aardenessen,same_release_path_plus_note_hash_music21_consensus_v1,53664a7ef3eed4af690568e16a357a2f88698e7f0a05fe854316b884807534da
music21_633.mid,E,633,pop1k7:src_003:633,data/pop1k7_official/Pop1K7/midi_analyzed/src_003/633.mid,bb9991e3867f9a9ab15996acd955794a8d1e2fc549354092655fc9b7300b7db9,data/pop1k7_official/Pop1K7/midi_synchronized/src_003/633.mid,ed3d4c396dbc20611e64d156190f050821f36c0f00648000ed929604601a237a,2e685cdb14bf7a2f4ef98cf77b049ff96d6652c562ee8cab2fc29dd92a6ddb45,4,-4,music21.key.krumhanslschmuckler,music21.key.aardenessen,same_release_path_plus_note_hash_music21_consensus_v1,53664a7ef3eed4af690568e16a357a2f88698e7f0a05fe854316b884807534da
music21_637.mid,C#,637,pop1k7:src_003:637,data/pop1k7_official/Pop1K7/midi_analyzed/src_003/637.mid,6bac0b1ad693676be6ba9f78fc9765d6265bc0b4e1c68b3a64bc089d4218cdb4,data/pop1k7_official/Pop1K7/midi_synchronized/src_003/637.mid,9ce564b0a39cf7ac4c230ec3cb2b66c0882d1f527a8de2860be4041929f4f887,7088772d70f5557a85bc5648673c83b270be756a52c97bbaaed62cdf75de1ec4,1,-1,music21.key.krumhanslschmuckler,music21.key.aardenessen,same_release_path_plus_note_hash_music21_consensus_v1,53664a7ef3eed4af690568e16a357a2f88698e7f0a05fe854316b884807534da
music21_638.mid,E,638,pop1k7:src_003:638,data/pop1k7_official/Pop1K7/midi_analyzed/src_003/638.mid,ccc22f2cf6b6574ad3535a577ad9ee390002aa5fb6d7325f3fa7bbf210bdee27,data/pop1k7_official/Pop1K7/midi_synchronized/src_003/638.mid,2999a958c164c0c5d001a79a968d10d4ddaa0e60692b7f75dcf4ff4eddaabc4c,3346f6a21a3784a80c0a4c436ef06c3dcbbe5f2cc673ef1394e5d4e5b7dd2df2,4,-4,music21.key.krumhanslschmuckler,music21.key.aardenessen,same_release_path_plus_note_hash_music21_consensus_v1,53664a7ef3eed4af690568e16a357a2f88698e7f0a05fe854316b884807534da
music21_639.mid,D,639,pop1k7:src_003:639,data/pop1k7_official/Pop1K7/midi_analyzed/src_003/639.mid,602eee78d346cba4d531632f00aab55e3fd64861d66309c7b8e906b09f58c747,data/pop1k7_official/Pop1K7/midi_synchronized/src_003/639.mid,d1cd9dbe07ea56a8e8d3f581281c265d214fd02401b8a8e50631bda8089845cd,37249fbcb99e0d9e8436c0c23b4c89555fc639cb5260f9352135b0cda8d0d55e,2,-2,music21.key.krumhanslschmuckler,music21.key.aardenessen,same_release_path_plus_note_hash_music21_consensus_v1,53664a7ef3eed4af690568e16a357a2f88698e7f0a05fe854316b884807534da
music21_642.mid,c,642,pop1k7:src_003:642,data/pop1k7_official/Pop1K7/midi_analyzed/src_003/642.mid,5319e307127f7eeb468d600bd9b6f3b478cf9dceeade8d8d286c6e3a177ebed1,data/pop1k7_official/Pop1K7/midi_synchronized/src_003/642.mid,655e42e5329a29c9361d4d2e0d02a63edcde1e17305c2ac9cf01074b8efcd251,9aaae60fe8cbd002f1e22f8910ecc32a1d56c02e4d9b488dbf3b5f23cd807d97,3,-3,music21.key.krumhanslschmuckler,music21.key.aardenessen,same_release_path_plus_note_hash_music21_consensus_v1,53664a7ef3eed4af690568e16a357a2f88698e7f0a05fe854316b884807534da
music21_643.mid,G,643,pop1k7:src_003:643,data/pop1k7_official/Pop1K7/midi_analyzed/src_003/643.mid,fbfae5a43517629b8018f880a4cb8176bc593ea2dfed8ec79fd2c467e58ac81b,data/pop1k7_official/Pop1K7/midi_synchronized/src_003/643.mid,61903116adb9ef672fef1d2136964e0e26219cd6a52849a824503ab93223c4fe,1bea4a21ccb51982ff5718453142525bca5b2b45d996a9e66f24ef45d97f2990,7,5,music21.key.krumhanslschmuckler,music21.key.aardenessen,same_release_path_plus_note_hash_music21_consensus_v1,53664a7ef3eed4af690568e16a357a2f88698e7f0a05fe854316b884807534da
music21_644.mid,b,644,pop1k7:src_003:644,data/pop1k7_official/Pop1K7/midi_analyzed/src_003/644.mid,1f9ee02b6c464b8387727757b4e8c97063c64571799e825ab28e71fd4f2faf73,data/pop1k7_official/Pop1K7/midi_synchronized/src_003/644.mid,036afd322b2b0544f0b2303a6a66e1784354816aa2f6ce84ff0d3788faa95959,77cbb36eaeb7ae2b089a287bc2c0b85dd6253c10bfdbfa3a73322f164bb9e347,2,-2,music21.key.krumhanslschmuckler,music21.key.aardenessen,same_release_path_plus_note_hash_music21_consensus_v1,53664a7ef3eed4af690568e16a357a2f88698e7f0a05fe854316b884807534da
music21_646.mid,F,646,pop1k7:src_003:646,data/pop1k7_official/Pop1K7/midi_analyzed/src_003/646.mid,8b528db9f22317f2b51b0430648ab0059741e69a0b6593af63c5b6a14bdfab18,data/pop1k7_official/Pop1K7/midi_synchronized/src_003/646.mid,5deec16672ef467ea1f1fc279d843d2dffd38d785a7dfc11e0fb2a6a24538414,e9926608f6b8198dd4ca38d6df915cf5a1a61e4d14b898b40840737b4d425304,5,-5,music21.key.krumhanslschmuckler,music21.key.aardenessen,same_release_path_plus_note_hash_music21_consensus_v1,53664a7ef3eed4af690568e16a357a2f88698e7f0a05fe854316b884807534da
music21_647.mid,eb,647,pop1k7:src_003:647,data/pop1k7_official/Pop1K7/midi_analyzed/src_003/647.mid,b59946ba53f3e070d07f235fb8e0bfa4336bd761c47d296e71eccf53cc542369,data/pop1k7_official/Pop1K7/midi_synchronized/src_003/647.mid,038fcf624d73a4ffe899fdfdd6ff3d806bf620aa3dd69a33bc1e200f0a5ea20e,5fbf201994ba23810fc63e052a5ebfeed93cbebd7faa18471c7cb7143ac9d5c9,6,6,music21.key.krumhanslschmuckler,music21.key.aardenessen,same_release_path_plus_note_hash_music21_consensus_v1,53664a7ef3eed4af690568e16a357a2f88698e7f0a05fe854316b884807534da
music21_648.mid,c#,648,pop1k7:src_003:648,data/pop1k7_official/Pop1K7/midi_analyzed/src_003/648.mid,67dba917d81e194985a7dd4f64f3ae9e88dcb5399efa02ae2c0aee5534a63b8c,data/pop1k7_official/Pop1K7/midi_synchronized/src_003/648.mid,071e61bacc8c03f6429246e9c58eb6e4ab0378a19aa953eb7259181a2f683679,1e4411eb2c677c63caf130af094f7066c8d21d10d3088eda9e5fb02d53960427,4,-4,music21.key.krumhanslschmuckler,music21.key.aardenessen,same_release_path_plus_note_hash_music21_consensus_v1,53664a7ef3eed4af690568e16a357a2f88698e7f0a05fe854316b884807534da
music21_652.mid,G,652,pop1k7:src_003:652,data/pop1k7_official/Pop1K7/midi_analyzed/src_003/652.mid,8fb3c878fbd786bf5c3b9f484cad85a6a2b99a1ba219576a6fe0453e63f4cea2,data/pop1k7_official/Pop1K7/midi_synchronized/src_003/652.mid,63261a2158fb0a98915ac541f3c4a5cb8f164793fbe5f43be25d374d152997b7,5944e0a7d22a928d0f8382b6506ba5a963b84e41cc6f7587376d001a91f2e389,7,5,music21.key.krumhanslschmuckler,music21.key.aardenessen,same_release_path_plus_note_hash_music21_consensus_v1,53664a7ef3eed4af690568e16a357a2f88698e7f0a05fe854316b884807534da
music21_654.mid,C,654,pop1k7:src_003:654,data/pop1k7_official/Pop1K7/midi_analyzed/src_003/654.mid,bfca5f3a927b2c1ad7903112b6f61f43f31c4dd9375298b4bc4b6934ebeb27d8,data/pop1k7_official/Pop1K7/midi_synchronized/src_003/654.mid,5f83c9c72839c058c3b336679f696c9ea1534887b1f4f511aee3b3a3c292db4c,99603567d41d69c205f0985d39677aa8740712b724ea3bacf11d8efb6b4066c1,0,0,music21.key.krumhanslschmuckler,music21.key.aardenessen,same_release_path_plus_note_hash_music21_consensus_v1,53664a7ef3eed4af690568e16a357a2f88698e7f0a05fe854316b884807534da
music21_657.mid,G,657,pop1k7:src_003:657,data/pop1k7_official/Pop1K7/midi_analyzed/src_003/657.mid,1b3ec88a8baae963e5d8cb29cfe8ed48280431db1e4cdf064726e745797e825e,data/pop1k7_official/Pop1K7/midi_synchronized/src_003/657.mid,48016bcb7f2dde831aa13e408374e9ad42c119f118be39f217c91974ccf3bd60,327b750cc7b49ce10426f548f5b90080f4cf5124159deb7566fd510c762b4d96,7,5,music21.key.krumhanslschmuckler,music21.key.aardenessen,same_release_path_plus_note_hash_music21_consensus_v1,53664a7ef3eed4af690568e16a357a2f88698e7f0a05fe854316b884807534da
music21_658.mid,G,658,pop1k7:src_003:658,data/pop1k7_official/Pop1K7/midi_analyzed/src_003/658.mid,34b4c50a787be0fac14ae1f0d9dc38b524cf15d678e1c5cd4b234686709e8d33,data/pop1k7_official/Pop1K7/midi_synchronized/src_003/658.mid,c4fe0d884e2e1ca8cd7d9668743c24ec297234253eb5b60beaa6aa4dee46c42d,c7dd927120c7834fabe882f5e9d89513b596f77e5caf71b5fd60fb9f1ee37397,7,5,music21.key.krumhanslschmuckler,music21.key.aardenessen,same_release_path_plus_note_hash_music21_consensus_v1,53664a7ef3eed4af690568e16a357a2f88698e7f0a05fe854316b884807534da
music21_659.mid,F#,659,pop1k7:src_003:659,data/pop1k7_official/Pop1K7/midi_analyzed/src_003/659.mid,77fa9f0ad60caee7432fa2687c1d37a697d90a638ed9ecf3d38dafca7f5901dc,data/pop1k7_official/Pop1K7/midi_synchronized/src_003/659.mid,0d7beb1cbe9ca7404d704bdcf7dc4522b80f568ec3a859659ed824c83d1d9683,45417cba01781fd776401460df864f702faf663bded7c695db407eeb69b00dc3,6,6,music21.key.krumhanslschmuckler,music21.key.aardenessen,same_release_path_plus_note_hash_music21_consensus_v1,53664a7ef3eed4af690568e16a357a2f88698e7f0a05fe854316b884807534da
music21_661.mid,b,661,pop1k7:src_003:661,data/pop1k7_official/Pop1K7/midi_analyzed/src_003/661.mid,cbf2726ec1343836a44d8eeef377557e05ae6d071c1605759cfff8b8bdf3f634,data/pop1k7_official/Pop1K7/midi_synchronized/src_003/661.mid,de0067011adb1963997df46d614c4d787293c1789a6146356732a7a843484eb9,5d9ad6fdaf71716d7a9df8ebc238c226e34e6311862adcde743ed4af31d8e93e,2,-2,music21.key.krumhanslschmuckler,music21.key.aardenessen,same_release_path_plus_note_hash_music21_consensus_v1,53664a7ef3eed4af690568e16a357a2f88698e7f0a05fe854316b884807534da
music21_662.mid,F,662,pop1k7:src_003:662,data/pop1k7_official/Pop1K7/midi_analyzed/src_003/662.mid,5d29de039cf0b1732e86c06aafe3ac3f2dee696a4c9dcacfcfaf6e73398b6d22,data/pop1k7_official/Pop1K7/midi_synchronized/src_003/662.mid,f1d95270d0ddb4ceada75be7e8234eab98e083cc20337110b2b43aa62a35e79e,348cf470580c857cae043972857e018f01a9d53140b25cb3d5c464c624fb2e56,5,-5,music21.key.krumhanslschmuckler,music21.key.aardenessen,same_release_path_plus_note_hash_music21_consensus_v1,53664a7ef3eed4af690568e16a357a2f88698e7f0a05fe854316b884807534da
music21_663.mid,f#,663,pop1k7:src_003:663,data/pop1k7_official/Pop1K7/midi_analyzed/src_003/663.mid,56cb73176a95936b703cd3c6fb518f375b37675981a8fd3ba0c7676cff108e96,data/pop1k7_official/Pop1K7/midi_synchronized/src_003/663.mid,0e7f0f3a4d1f43c187b6dec4cfb36f573955040ecd538bd0e7f4e58428b3778c,b07a419f94830e2106786ef8fc209b8c0d8ade75252b2377fb1f8883fa11e594,9,3,music21.key.krumhanslschmuckler,music21.key.aardenessen,same_release_path_plus_note_hash_music21_consensus_v1,53664a7ef3eed4af690568e16a357a2f88698e7f0a05fe854316b884807534da
music21_664.mid,D,664,pop1k7:src_003:664,data/pop1k7_official/Pop1K7/midi_analyzed/src_003/664.mid,199741003e52b1dc4b7b118d2dae4d3ed9f41bd36416e10ccdafa3f65ca71b79,data/pop1k7_official/Pop1K7/midi_synchronized/src_003/664.mid,7c0e551702d8155afb8afb972774ac563810f9d1fbaa87d0e7ae8df35e6a87a7,94fe1ba08a5b0732d0abf378275459520c7b6aba1dd52e8ffe95a82faf411836,2,-2,music21.key.krumhanslschmuckler,music21.key.aardenessen,same_release_path_plus_note_hash_music21_consensus_v1,53664a7ef3eed4af690568e16a357a2f88698e7f0a05fe854316b884807534da
music21_671.mid,D,671,pop1k7:src_003:671,data/pop1k7_official/Pop1K7/midi_analyzed/src_003/671.mid,fecb536d32a8945aea737f6789d261cd2d6d363d7c6124731399ce7e86262405,data/pop1k7_official/Pop1K7/midi_synchronized/src_003/671.mid,1dbec50866253280a7d8d1e948dfaee2b25e4930ac5f558c29499f7aa8d423a5,59ac4b218f91207c08fe898719f647aafd3ebee2a4f1520c0087140a7ae787fa,2,-2,music21.key.krumhanslschmuckler,music21.key.aardenessen,same_release_path_plus_note_hash_music21_consensus_v1,53664a7ef3eed4af690568e16a357a2f88698e7f0a05fe854316b884807534da
music21_672.mid,G,672,pop1k7:src_003:672,data/pop1k7_official/Pop1K7/midi_analyzed/src_003/672.mid,c195ebd497ac6310d50883a2a08f1ed2333ddd0fef8eb2c2eeb3e4ec3a897760,data/pop1k7_official/Pop1K7/midi_synchronized/src_003/672.mid,06d098dd001e2c94e3bc779780b907480cea24f8e75febe9ec68daaaae078f4b,09447f5615ce147bc86de92f02acd4bb2813f5c43a0e956b267857d86d5fc244,7,5,music21.key.krumhanslschmuckler,music21.key.aardenessen,same_release_path_plus_note_hash_music21_consensus_v1,53664a7ef3eed4af690568e16a357a2f88698e7f0a05fe854316b884807534da
music21_675.mid,A,675,pop1k7:src_003:675,data/pop1k7_official/Pop1K7/midi_analyzed/src_003/675.mid,d8315df0931f7f7ce07b5bcb3272c7a1c1e8c00bdb6bbd12794d488a9892e104,data/pop1k7_official/Pop1K7/midi_synchronized/src_003/675.mid,8e04317af432226bb4a902ea9cc9d2d087ab0fd2e0b26ae836f75fde3e70d448,ed08a8036262ed1b79691c6a83fcbdd1fb79dfbd1339fd1cdb624293ab74fe3f,9,3,music21.key.krumhanslschmuckler,music21.key.aardenessen,same_release_path_plus_note_hash_music21_consensus_v1,53664a7ef3eed4af690568e16a357a2f88698e7f0a05fe854316b884807534da
music21_677.mid,Bb,677,pop1k7:src_003:677,data/pop1k7_official/Pop1K7/midi_analyzed/src_003/677.mid,51855b286f51698c9b7855c81273708dfc38e94ebe3d4d0682f9d850c3e6cbae,data/pop1k7_official/Pop1K7/midi_synchronized/src_003/677.mid,059d6616e7b2e1d272fcb3e2624e0b41e61dc87ae1851baeabb17046be16d564,b7ba1b0f67719d52ffd2280130b78aa817f2b5f72674cca43a9f60099bf181f5,10,2,music21.key.krumhanslschmuckler,music21.key.aardenessen,same_release_path_plus_note_hash_music21_consensus_v1,53664a7ef3eed4af690568e16a357a2f88698e7f0a05fe854316b884807534da
music21_678.mid,F,678,pop1k7:src_003:678,data/pop1k7_official/Pop1K7/midi_analyzed/src_003/678.mid,77d641498871c93407806a12025acf28080bdddb527ecab16bd1c7b1e044152e,data/pop1k7_official/Pop1K7/midi_synchronized/src_003/678.mid,29d4df337f21245005267b44ca359e4ab129827da0b21a279dc9beb10fe37675,508d51dfd4f5081d871a762fd9b42a98e81183ae51dae2b072078e60313b40ce,5,-5,music21.key.krumhanslschmuckler,music21.key.aardenessen,same_release_path_plus_note_hash_music21_consensus_v1,53664a7ef3eed4af690568e16a357a2f88698e7f0a05fe854316b884807534da
music21_679.mid,Eb,679,pop1k7:src_003:679,data/pop1k7_official/Pop1K7/midi_analyzed/src_003/679.mid,0344097c3ce0d031677e96240f7b056bc7ff2b2ce8240a6738c1b9b38f0f4951,data/pop1k7_official/Pop1K7/midi_synchronized/src_003/679.mid,386fbfcea3e7816f7400bdda549c5160006acb1f3ea126b2369ba9f0c9e22047,01021fceaae6d4c758bb8cf359051082a8e42ceb7416e2ed7620539edfafc134,3,-3,music21.key.krumhanslschmuckler,music21.key.aardenessen,same_release_path_plus_note_hash_music21_consensus_v1,53664a7ef3eed4af690568e16a357a2f88698e7f0a05fe854316b884807534da
music21_680.mid,Eb,680,pop1k7:src_003:680,data/pop1k7_official/Pop1K7/midi_analyzed/src_003/680.mid,fb9371f21ee9253d6f8400037e9493e37d4b722ce2b70cbfbbca9422973a0b24,data/pop1k7_official/Pop1K7/midi_synchronized/src_003/680.mid,3a5d5039e97a3d8b610f114d049947f5d700963eb2784c1d2bd21815d518b6af,71d9c14e43fe10857b5f3eb5a9cbfde58e95e1776347a348bd705a1bee6eb171,3,-3,music21.key.krumhanslschmuckler,music21.key.aardenessen,same_release_path_plus_note_hash_music21_consensus_v1,53664a7ef3eed4af690568e16a357a2f88698e7f0a05fe854316b884807534da
music21_681.mid,C,681,pop1k7:src_003:681,data/pop1k7_official/Pop1K7/midi_analyzed/src_003/681.mid,8db74cfa6a89079aece2a6e088b81b7c251c54b46469bea5a2ab210062de671d,data/pop1k7_official/Pop1K7/midi_synchronized/src_003/681.mid,758961a47237783a8208fe4507b7ea8eea09b055b101ac87aabad25d605ff136,bcb67a3b4f6857396e26c26bcfa8754240f3e66c5aa721f5b4235b4f12a76400,0,0,music21.key.krumhanslschmuckler,music21.key.aardenessen,same_release_path_plus_note_hash_music21_consensus_v1,53664a7ef3eed4af690568e16a357a2f88698e7f0a05fe854316b884807534da
music21_682.mid,F,682,pop1k7:src_003:682,data/pop1k7_official/Pop1K7/midi_analyzed/src_003/682.mid,2715d17e1e3f6c9fe0dc929c6bae47ae28fcdd282553ec440235103ae754ffe6,data/pop1k7_official/Pop1K7/midi_synchronized/src_003/682.mid,e65c6e17f17e23aa9e821893d89355752c2f95345ac424776b566d5c357c7eae,6d928bc21de0efd9ded7886f63fd95920bbd2fb985b732519584531fc221a6d3,5,-5,music21.key.krumhanslschmuckler,music21.key.aardenessen,same_release_path_plus_note_hash_music21_consensus_v1,53664a7ef3eed4af690568e16a357a2f88698e7f0a05fe854316b884807534da
music21_683.mid,B,683,pop1k7:src_003:683,data/pop1k7_official/Pop1K7/midi_analyzed/src_003/683.mid,d218b72a1e8f49cb26ea5a81460c6caf1054094b86eb5f84e728c13bcd7d8444,data/pop1k7_official/Pop1K7/midi_synchronized/src_003/683.mid,2585e02d6a9d8e0d424abca815b16ef96704b5f4ef302d2e8b7962e7d06c37c7,b3dd95e4b5f0ef21daeec1d23778478b99f7fc5643238b2d8df7a9eda0d619c3,11,1,music21.key.krumhanslschmuckler,music21.key.aardenessen,same_release_path_plus_note_hash_music21_consensus_v1,53664a7ef3eed4af690568e16a357a2f88698e7f0a05fe854316b884807534da
music21_684.mid,A,684,pop1k7:src_003:684,data/pop1k7_official/Pop1K7/midi_analyzed/src_003/684.mid,ca7eea0a9d0ce6248e55d2986e935f4262fd8e611bc634f15c4e08233b041bf1,data/pop1k7_official/Pop1K7/midi_synchronized/src_003/684.mid,027712c2ede29d16ae5ded65ecc72bf5e5c905598fe51322055c867b572b5d27,2e7ddf30a50d33335ffb05e467f8a6f4d992413b2e9d0320eafdd958ea408c55,9,3,music21.key.krumhanslschmuckler,music21.key.aardenessen,same_release_path_plus_note_hash_music21_consensus_v1,53664a7ef3eed4af690568e16a357a2f88698e7f0a05fe854316b884807534da
music21_687.mid,b,687,pop1k7:src_003:687,data/pop1k7_official/Pop1K7/midi_analyzed/src_003/687.mid,7fd2e975456d898cb9faa9c6b21bf234cc93aff42373cd4df2f738391a6a552b,data/pop1k7_official/Pop1K7/midi_synchronized/src_003/687.mid,6a639cdbeee9e82c706d96e1a777fd82f4c1f3e6ff514ade7cc57a78743b1315,3d8cb1626520e315d04d8be7fe9d1ca1dd4a5304ad96736ba1457e136223b3cf,2,-2,music21.key.krumhanslschmuckler,music21.key.aardenessen,same_release_path_plus_note_hash_music21_consensus_v1,53664a7ef3eed4af690568e16a357a2f88698e7f0a05fe854316b884807534da
music21_691.mid,Bb,691,pop1k7:src_003:691,data/pop1k7_official/Pop1K7/midi_analyzed/src_003/691.mid,4ac7ea9548d4ab36c8a27bb14f5e82ef63defd5bea68fcc1219f1c9d71e46e03,data/pop1k7_official/Pop1K7/midi_synchronized/src_003/691.mid,a3184fa5995154179b431c998ab4a40908dbf7f58e4d8ad00e22a079212c618d,c0d6002f35e0505f32baa3f8183a5fe397d996a095ea7f9cc982189199f17a4d,10,2,music21.key.krumhanslschmuckler,music21.key.aardenessen,same_release_path_plus_note_hash_music21_consensus_v1,53664a7ef3eed4af690568e16a357a2f88698e7f0a05fe854316b884807534da
music21_692.mid,C,692,pop1k7:src_003:692,data/pop1k7_official/Pop1K7/midi_analyzed/src_003/692.mid,106f524cb158547ee278745f251249625d31cdeff5f3375a73739fe15a46f252,data/pop1k7_official/Pop1K7/midi_synchronized/src_003/692.mid,9e7b11381e6c2eb1470318e82f99edf800a1c759d5a4cd55e7c2436d79d10c4a,2a0379387516268fc839efbe6a01446d21feda008520a986af6205f8377ec850,0,0,music21.key.krumhanslschmuckler,music21.key.aardenessen,same_release_path_plus_note_hash_music21_consensus_v1,53664a7ef3eed4af690568e16a357a2f88698e7f0a05fe854316b884807534da
music21_693.mid,G,693,pop1k7:src_003:693,data/pop1k7_official/Pop1K7/midi_analyzed/src_003/693.mid,345fe0b5c4e871ae72c34d276ae1cf85d0636fe12b6b973eef8f9cde9710f018,data/pop1k7_official/Pop1K7/midi_synchronized/src_003/693.mid,4f62b92eb9cd28e9ba1b3f5ab3fc748cd2a609861531a460f6145a020bdd38f0,f8f1f4843dc353ddbd8a34c7f41521ec5287ded8792027ad0cbdb41736f94a92,7,5,music21.key.krumhanslschmuckler,music21.key.aardenessen,same_release_path_plus_note_hash_music21_consensus_v1,53664a7ef3eed4af690568e16a357a2f88698e7f0a05fe854316b884807534da
music21_694.mid,f#,694,pop1k7:src_003:694,data/pop1k7_official/Pop1K7/midi_analyzed/src_003/694.mid,06acf5cdc92661e0f024cab65ac1c2f41e2396e015c46e61253fda59d6c60721,data/pop1k7_official/Pop1K7/midi_synchronized/src_003/694.mid,22cb3b3accc548cf725b42c803228087d3ff4f9303d99609ec9b42a23bc5e77c,0a6ae77161dc3c5f4523e08e576b7cfd2d1f11a6e14ff45255109577718dabed,9,3,music21.key.krumhanslschmuckler,music21.key.aardenessen,same_release_path_plus_note_hash_music21_consensus_v1,53664a7ef3eed4af690568e16a357a2f88698e7f0a05fe854316b884807534da
music21_695.mid,Eb,695,pop1k7:src_003:695,data/pop1k7_official/Pop1K7/midi_analyzed/src_003/695.mid,dc973bcb8a2ce570413a8f888b4b867d08452ef2a7a9ce8401cc4806036e5fa2,data/pop1k7_official/Pop1K7/midi_synchronized/src_003/695.mid,71cf28eea35a0cd9fd7daca6ac2e91c01ce70826b6d4178fc563d50c117777fd,d1abe975300f340dc7cdc3211772abda23a06941761f0f19dcd10bb8bff453c9,3,-3,music21.key.krumhanslschmuckler,music21.key.aardenessen,same_release_path_plus_note_hash_music21_consensus_v1,53664a7ef3eed4af690568e16a357a2f88698e7f0a05fe854316b884807534da
music21_696.mid,F,696,pop1k7:src_003:696,data/pop1k7_official/Pop1K7/midi_analyzed/src_003/696.mid,f74a7c609b3b8777f50dd8dd8246a4b72150f08b1ddd4ccedfdb7708c2e57c64,data/pop1k7_official/Pop1K7/midi_synchronized/src_003/696.mid,8f44757c2b295e7bf22fc624bbda9d6f0aa9ab43d146f89f252861e972ae6303,0be1040d0de8312246b0f96b1273baf54cd1da1b77a26fefc8651812c90d5390,5,-5,music21.key.krumhanslschmuckler,music21.key.aardenessen,same_release_path_plus_note_hash_music21_consensus_v1,53664a7ef3eed4af690568e16a357a2f88698e7f0a05fe854316b884807534da
music21_697.mid,Bb,697,pop1k7:src_003:697,data/pop1k7_official/Pop1K7/midi_analyzed/src_003/697.mid,d34ab61a1336c0fda4a5f9277bcdd6fdbe9a7b1c04ccc7ff18d9578b93c3d4c6,data/pop1k7_official/Pop1K7/midi_synchronized/src_003/697.mid,1d183539e928fce973b39c9f951303e0d4c9c9e6ab4fe392d8145d5c4bc803b5,457d8fd7aeea4e458af257494ef98807923356ad4cf5edf0a0ba37960b86cd08,10,2,music21.key.krumhanslschmuckler,music21.key.aardenessen,same_release_path_plus_note_hash_music21_consensus_v1,53664a7ef3eed4af690568e16a357a2f88698e7f0a05fe854316b884807534da
music21_698.mid,F,698,pop1k7:src_003:698,data/pop1k7_official/Pop1K7/midi_analyzed/src_003/698.mid,3037e9083f433230fdd6b2ce2b6c398f17ca5ad93a9acf181bd4cb795f1402fd,data/pop1k7_official/Pop1K7/midi_synchronized/src_003/698.mid,e9fd2da3954f9a5b84e6e88fbf38ed4cfb7c96eba462ccabbcfd9c9f4c397305,382f76b484ff1d219a5f3dc8647464e3546052ed2f40a295c3e3f14f80d6522b,5,-5,music21.key.krumhanslschmuckler,music21.key.aardenessen,same_release_path_plus_note_hash_music21_consensus_v1,53664a7ef3eed4af690568e16a357a2f88698e7f0a05fe854316b884807534da
music21_699.mid,c,699,pop1k7:src_003:699,data/pop1k7_official/Pop1K7/midi_analyzed/src_003/699.mid,3da62db23ca32baeb634b0b35bda168ea63ab9af498a2de11753f750ff655196,data/pop1k7_official/Pop1K7/midi_synchronized/src_003/699.mid,0059a4e52bbfe3f0011da66c3b1a8b22c69f26350d634b1161c83bc2eb9746da,e953140c30878c9e3e2e114beff54e2037aa2cfda8501a3145ca44d8e967c1ff,3,-3,music21.key.krumhanslschmuckler,music21.key.aardenessen,same_release_path_plus_note_hash_music21_consensus_v1,53664a7ef3eed4af690568e16a357a2f88698e7f0a05fe854316b884807534da
music21_701.mid,Bb,701,pop1k7:src_003:701,data/pop1k7_official/Pop1K7/midi_analyzed/src_003/701.mid,5a9c7514b7fbbf128bcc4f0c8b7db5972a5af7936bf9ecb787b79e09daae9226,data/pop1k7_official/Pop1K7/midi_synchronized/src_003/701.mid,039a08c4108c322c734c0aa7c80c811cf0f9802bdcb133cf2ba54edc36a72a5d,41dc21320342fc42501fed42f957aa31bb23f9832ceee09290805c506226213c,10,2,music21.key.krumhanslschmuckler,music21.key.aardenessen,same_release_path_plus_note_hash_music21_consensus_v1,53664a7ef3eed4af690568e16a357a2f88698e7f0a05fe854316b884807534da
music21_705.mid,g,705,pop1k7:src_003:705,data/pop1k7_official/Pop1K7/midi_analyzed/src_003/705.mid,99db3f8e399a64ffbe95591f3faec09fca4fd8e6aaffcb9d885d71c203807d96,data/pop1k7_official/Pop1K7/midi_synchronized/src_003/705.mid,f46020467fe2b57b9a512a6b06818efe951179cd29d0a10edf830107b258ecb9,6cc254c7fc75c2fc020a9dfa27373b26838b2ca62a02adabbc8c2b1dbd45ab3b,10,2,music21.key.krumhanslschmuckler,music21.key.aardenessen,same_release_path_plus_note_hash_music21_consensus_v1,53664a7ef3eed4af690568e16a357a2f88698e7f0a05fe854316b884807534da
music21_706.mid,D,706,pop1k7:src_003:706,data/pop1k7_official/Pop1K7/midi_analyzed/src_003/706.mid,5cb4b25ba5d82fbbb5cbae89c75d833c0c58b586bfdbd929717b7680deada1ab,data/pop1k7_official/Pop1K7/midi_synchronized/src_003/706.mid,9d0f09026ebb61b9ae223e04fbfb2430d17363c39a3c620babcf323f68381bce,8abd929b77ff1b93d643b7eeb9c9f808d2832f89fd04d9f73c5e0546aadc743e,2,-2,music21.key.krumhanslschmuckler,music21.key.aardenessen,same_release_path_plus_note_hash_music21_consensus_v1,53664a7ef3eed4af690568e16a357a2f88698e7f0a05fe854316b884807534da
music21_707.mid,C#,707,pop1k7:src_003:707,data/pop1k7_official/Pop1K7/midi_analyzed/src_003/707.mid,33da7fb7df23ec796098325dcbd0f140ab4614e9ad8b6a546f102bb606de3756,data/pop1k7_official/Pop1K7/midi_synchronized/src_003/707.mid,2ce4f9ed2163add5b814e495f8d0991e616c7428512e4defba510fdcf49c7cb0,9394147abaf6834bbdf951f54fead9b9331ca48c6fa2d0adc0a967a241df8672,1,-1,music21.key.krumhanslschmuckler,music21.key.aardenessen,same_release_path_plus_note_hash_music21_consensus_v1,53664a7ef3eed4af690568e16a357a2f88698e7f0a05fe854316b884807534da
music21_708.mid,bb,708,pop1k7:src_003:708,data/pop1k7_official/Pop1K7/midi_analyzed/src_003/708.mid,d4641202a302d27f3ba33b3aa29727bbcd53be02b362234fcea621cac8dedbad,data/pop1k7_official/Pop1K7/midi_synchronized/src_003/708.mid,49b3b9824f9dc75ba5bb3be349931b4ad03a2e6d45946690d4492b558d529b69,d7ec31b71f7751954540c3d29fd09a570c894f4f21f983cb49082b171c8d6c20,1,-1,music21.key.krumhanslschmuckler,music21.key.aardenessen,same_release_path_plus_note_hash_music21_consensus_v1,53664a7ef3eed4af690568e16a357a2f88698e7f0a05fe854316b884807534da
music21_712.mid,E,712,pop1k7:src_003:712,data/pop1k7_official/Pop1K7/midi_analyzed/src_003/712.mid,2c6cd25d373a25de32094fd48255a668f0de371a8b7653cfdd41ef71170d5546,data/pop1k7_official/Pop1K7/midi_synchronized/src_003/712.mid,06da8f48b563a57281c73976eaec9be7a64fe2e5e20454a81f1d9122d9240df1,405487e89720e4067cf47a426adf1889f9bbd15c13ac4144fcd76a1ff6cb2c38,4,-4,music21.key.krumhanslschmuckler,music21.key.aardenessen,same_release_path_plus_note_hash_music21_consensus_v1,53664a7ef3eed4af690568e16a357a2f88698e7f0a05fe854316b884807534da
music21_713.mid,C#,713,pop1k7:src_003:713,data/pop1k7_official/Pop1K7/midi_analyzed/src_003/713.mid,abf46b0068aa737bd7943a12ec4a1c483038b80e1e5a5161ef4a3780ea3b049a,data/pop1k7_official/Pop1K7/midi_synchronized/src_003/713.mid,a35f79c05f0380a19e95a42f0a55103087f6755bdd5dbbb9ac7c049c8b43cd06,c3d7bca8e6f93b00d1f5029d7c14d52ac859fe121cfd0b5091dd65aa0642b270,1,-1,music21.key.krumhanslschmuckler,music21.key.aardenessen,same_release_path_plus_note_hash_music21_consensus_v1,53664a7ef3eed4af690568e16a357a2f88698e7f0a05fe854316b884807534da
music21_714.mid,F,714,pop1k7:src_003:714,data/pop1k7_official/Pop1K7/midi_analyzed/src_003/714.mid,d44a6cebab5e270d6dde061d14c939aa96658088d8d9f731ddd2cdd7ec1d2ca9,data/pop1k7_official/Pop1K7/midi_synchronized/src_003/714.mid,364e5eca1ecffaa5adc98b0ac5cef11570659f674220b39e030619005537781b,9ab67cbe99cb473aa73d2b6ecd53db33e6e3940c9c86f24ee44d4b7d00d2ee79,5,-5,music21.key.krumhanslschmuckler,music21.key.aardenessen,same_release_path_plus_note_hash_music21_consensus_v1,53664a7ef3eed4af690568e16a357a2f88698e7f0a05fe854316b884807534da
music21_715.mid,C,715,pop1k7:src_003:715,data/pop1k7_official/Pop1K7/midi_analyzed/src_003/715.mid,2e7fa66ccada81ff51109884d3823cb8e0b076fad9cce69398db6b5d6f7b0dce,data/pop1k7_official/Pop1K7/midi_synchronized/src_003/715.mid,e9ed8ba7251483579ce6ef38ce63c8d5e455ade238feacb4c2a65b80e5e47140,104784fa5031869e595dab2fc193103d4ecf4339d4b1f75cd1b939c600f59b9f,0,0,music21.key.krumhanslschmuckler,music21.key.aardenessen,same_release_path_plus_note_hash_music21_consensus_v1,53664a7ef3eed4af690568e16a357a2f88698e7f0a05fe854316b884807534da
music21_716.mid,Ab,716,pop1k7:src_003:716,data/pop1k7_official/Pop1K7/midi_analyzed/src_003/716.mid,61f7955a31964e70b8b270af552cba3a64e993b2437a069d34cc79979cf4876a,data/pop1k7_official/Pop1K7/midi_synchronized/src_003/716.mid,71542b259b6d2d2af9032954dfc845b5fd5e2b5b995664100e0eaddab940bd6b,148ba4bca391367372bfe9074e18274eaab46ba22e97d919fe5dc02c86dd8ff4,8,4,music21.key.krumhanslschmuckler,music21.key.aardenessen,same_release_path_plus_note_hash_music21_consensus_v1,53664a7ef3eed4af690568e16a357a2f88698e7f0a05fe854316b884807534da
music21_717.mid,Bb,717,pop1k7:src_003:717,data/pop1k7_official/Pop1K7/midi_analyzed/src_003/717.mid,916fe4cafd4bead6e1c3e9e1eb86cb4479b1c8e31795c8ff792c4984f08916b7,data/pop1k7_official/Pop1K7/midi_synchronized/src_003/717.mid,5d59d702644a36e7f33170c8359792fce3bbb47b19544fb025b86a8d5de7b7b6,b2c28e6efd7fe910b76bae691ab2213937c4699d50aef28ead8885d7b04aa0bb,10,2,music21.key.krumhanslschmuckler,music21.key.aardenessen,same_release_path_plus_note_hash_music21_consensus_v1,53664a7ef3eed4af690568e16a357a2f88698e7f0a05fe854316b884807534da
music21_719.mid,c,719,pop1k7:src_003:719,data/pop1k7_official/Pop1K7/midi_analyzed/src_003/719.mid,f9104befa363fe31135a94e4a8eb5be956e300f1b0405cee11a00db9dbe2dbf9,data/pop1k7_official/Pop1K7/midi_synchronized/src_003/719.mid,311fe2ffb2fabca47b56f88d59f51494c0af94f561a90f7bd561881c6c56b970,503ea829d7003a45ee866bfe840b5e1f8c6b03bf9f598c37d723bd3854e5515d,3,-3,music21.key.krumhanslschmuckler,music21.key.aardenessen,same_release_path_plus_note_hash_music21_consensus_v1,53664a7ef3eed4af690568e16a357a2f88698e7f0a05fe854316b884807534da
music21_720.mid,D,720,pop1k7:src_003:720,data/pop1k7_official/Pop1K7/midi_analyzed/src_003/720.mid,80082f60247aa42c5a2fce502de37f1709bd2dd654022f48b5dde53c7ccb1042,data/pop1k7_official/Pop1K7/midi_synchronized/src_003/720.mid,99ff42969f212b083bbfed6e282f32ed54dfbce1de7a3af5a2e0e7240051baed,ece5d85aa907a81976aa059ec1e53421ef7ee6deed46a282f1949c89048a9f80,2,-2,music21.key.krumhanslschmuckler,music21.key.aardenessen,same_release_path_plus_note_hash_music21_consensus_v1,53664a7ef3eed4af690568e16a357a2f88698e7f0a05fe854316b884807534da
music21_721.mid,Ab,721,pop1k7:src_003:721,data/pop1k7_official/Pop1K7/midi_analyzed/src_003/721.mid,fc682a9ff1890687dc0bb3db2816cf2b28f254d1d8f5135ae9dd90f0822b179e,data/pop1k7_official/Pop1K7/midi_synchronized/src_003/721.mid,6038a8eb1bee61bf89b8899b6cf35097ddebbe5c79a0e15611b0c15aad0ad0f8,c0fed2bc5d6ed441ccd00a705a3e5ea0a6690d4fc87bcc6b8a59ae9f521d237d,8,4,music21.key.krumhanslschmuckler,music21.key.aardenessen,same_release_path_plus_note_hash_music21_consensus_v1,53664a7ef3eed4af690568e16a357a2f88698e7f0a05fe854316b884807534da
music21_722.mid,Bb,722,pop1k7:src_003:722,data/pop1k7_official/Pop1K7/midi_analyzed/src_003/722.mid,19ceebed385396398787fc5140fa9dafb2f3a24afeafcaba3500cb9454403aa1,data/pop1k7_official/Pop1K7/midi_synchronized/src_003/722.mid,8111438dfb6983f775a131c3a8bd585e8cd14fe6e9341e8c7f9bd45f95bdfdd1,c029a4c9cb52af36a12a02705a089e226f3f961308c7c7406839ef96bf06e736,10,2,music21.key.krumhanslschmuckler,music21.key.aardenessen,same_release_path_plus_note_hash_music21_consensus_v1,53664a7ef3eed4af690568e16a357a2f88698e7f0a05fe854316b884807534da
music21_723.mid,G,723,pop1k7:src_003:723,data/pop1k7_official/Pop1K7/midi_analyzed/src_003/723.mid,0af40b8c1f94daef68c9a5dae84e4f949f99d566ebad8e11ca16da816edfa026,data/pop1k7_official/Pop1K7/midi_synchronized/src_003/723.mid,61adfc6a54a7c09f7f40aeea492989ed7c859a8640d4a485a070dce2bcd7396b,2fcad5bb541e5b53e664f68d95e48550c8f435c9085701f48f4dac065528932a,7,5,music21.key.krumhanslschmuckler,music21.key.aardenessen,same_release_path_plus_note_hash_music21_consensus_v1,53664a7ef3eed4af690568e16a357a2f88698e7f0a05fe854316b884807534da
music21_725.mid,c#,725,pop1k7:src_003:725,data/pop1k7_official/Pop1K7/midi_analyzed/src_003/725.mid,0a203b158cc7ea463569dbc17d73208bfa2d8b8f036f37e8497d3ac4e014b70e,data/pop1k7_official/Pop1K7/midi_synchronized/src_003/725.mid,1001d79fed55e7bf9158008f040fb249a103a021b08ef0e3a8944448f50a07ac,482c066437d08d968d00310c1d3cdf827e7e691515b0afdce24b8031b7e5754e,4,-4,music21.key.krumhanslschmuckler,music21.key.aardenessen,same_release_path_plus_note_hash_music21_consensus_v1,53664a7ef3eed4af690568e16a357a2f88698e7f0a05fe854316b884807534da
music21_727.mid,c,727,pop1k7:src_003:727,data/pop1k7_official/Pop1K7/midi_analyzed/src_003/727.mid,849e6f4f8b5b43c99bbb9d7b6b04136a78a4cc0c6a247075b8c94e687472697f,data/pop1k7_official/Pop1K7/midi_synchronized/src_003/727.mid,6f939b83d06119011f540a91f12cf0d69ed7783a4a391c40a47b051359cedb45,b8a3b4331c7546e70d1a02d1eb546d3a8e87fdafb90cfa16220afe19503267b1,3,-3,music21.key.krumhanslschmuckler,music21.key.aardenessen,same_release_path_plus_note_hash_music21_consensus_v1,53664a7ef3eed4af690568e16a357a2f88698e7f0a05fe854316b884807534da
music21_729.mid,a,729,pop1k7:src_003:729,data/pop1k7_official/Pop1K7/midi_analyzed/src_003/729.mid,fedcceaa7ead79683e93279c4c23fa6c643a151887e91c8247bf8354055e6ed5,data/pop1k7_official/Pop1K7/midi_synchronized/src_003/729.mid,946874541290120fced00e539aa09d7c1a7d4bb007dc93487f43da3623bdfd90,fb8e29d0685b471f1044eba0077348b6859b08e53614d05235978b88e710231f,0,0,music21.key.krumhanslschmuckler,music21.key.aardenessen,same_release_path_plus_note_hash_music21_consensus_v1,53664a7ef3eed4af690568e16a357a2f88698e7f0a05fe854316b884807534da
music21_734.mid,c,734,pop1k7:src_003:734,data/pop1k7_official/Pop1K7/midi_analyzed/src_003/734.mid,78c4e03d3585eb852a091250262ba17b696f26c3ba682d3760ae90b68c275ced,data/pop1k7_official/Pop1K7/midi_synchronized/src_003/734.mid,8a58ef7d61d924ea5d00a2b46df0d963ca4b0d37725f1bbdf0d089e0a55cb5af,268a29632e7bc47aa5dd238f6c34d7cfd81fe58d3fe6f936369f40f370217294,3,-3,music21.key.krumhanslschmuckler,music21.key.aardenessen,same_release_path_plus_note_hash_music21_consensus_v1,53664a7ef3eed4af690568e16a357a2f88698e7f0a05fe854316b884807534da
music21_735.mid,c,735,pop1k7:src_003:735,data/pop1k7_official/Pop1K7/midi_analyzed/src_003/735.mid,515152663b8241a125dcedc266a4c0e8b474fc401152600d500fe7a5b05136c4,data/pop1k7_official/Pop1K7/midi_synchronized/src_003/735.mid,b2f64965e3cc46106abd90070e496685efcab10ce72f17d231629367e5b7dbf6,b01a742914a645c984ab4dd2eec95b82e102c71bc8f3fc3ee139da315f131c90,3,-3,music21.key.krumhanslschmuckler,music21.key.aardenessen,same_release_path_plus_note_hash_music21_consensus_v1,53664a7ef3eed4af690568e16a357a2f88698e7f0a05fe854316b884807534da
music21_736.mid,c,736,pop1k7:src_003:736,data/pop1k7_official/Pop1K7/midi_analyzed/src_003/736.mid,fa4bff3c07518fc33fd30fd01f6b580a5002415bb305bb22a2b0a756453d2633,data/pop1k7_official/Pop1K7/midi_synchronized/src_003/736.mid,e38a021b621f1e4867d0114ae111190af905979e80c5e270a63dd533956ea1cb,a7dffb566a045457a4124c2ba7fc4d068a78aac21f38d01b56d6343e3956ecc9,3,-3,music21.key.krumhanslschmuckler,music21.key.aardenessen,same_release_path_plus_note_hash_music21_consensus_v1,53664a7ef3eed4af690568e16a357a2f88698e7f0a05fe854316b884807534da
music21_738.mid,a,738,pop1k7:src_003:738,data/pop1k7_official/Pop1K7/midi_analyzed/src_003/738.mid,026dd3e29afd4bee27a5a303ca93cbf63e461e11c8191c54a721a97315fc57ff,data/pop1k7_official/Pop1K7/midi_synchronized/src_003/738.mid,8d274d9cafc134e3a0ccc0488bd00cfa43ad5bf80c3dfe24b916989ddae5400b,caa87576ad71f4f6040980b71a41052a3d5ecfd030d350d2c3683f63f1e12092,0,0,music21.key.krumhanslschmuckler,music21.key.aardenessen,same_release_path_plus_note_hash_music21_consensus_v1,53664a7ef3eed4af690568e16a357a2f88698e7f0a05fe854316b884807534da
music21_742.mid,A,742,pop1k7:src_003:742,data/pop1k7_official/Pop1K7/midi_analyzed/src_003/742.mid,b3df6a8d9576acc07aaddf7b474e93b70fd2b5231a565e67b5331d9b08e3e94d,data/pop1k7_official/Pop1K7/midi_synchronized/src_003/742.mid,b12840d76ab36075b388acb3b94fe598256341affda2f35d60da74b32190436e,82b39f2807a48d40afed326f7df5c83cae36e5fdc5b50a9f91e6c5e93360f0e9,9,3,music21.key.krumhanslschmuckler,music21.key.aardenessen,same_release_path_plus_note_hash_music21_consensus_v1,53664a7ef3eed4af690568e16a357a2f88698e7f0a05fe854316b884807534da
music21_743.mid,eb,743,pop1k7:src_003:743,data/pop1k7_official/Pop1K7/midi_analyzed/src_003/743.mid,c373bfdaacdd6785a1dce6932492a710d7df7bf89734b0c6cf335b88792cdc6b,data/pop1k7_official/Pop1K7/midi_synchronized/src_003/743.mid,6fd9668085f722440bd28494e762cf665b0dd16507d9266f3b1dbdb27e1c2c7d,19524ec0a094f30d8e0d52363ad4eaa129ccb52d940cee1214c2660219b4fa4f,6,6,music21.key.krumhanslschmuckler,music21.key.aardenessen,same_release_path_plus_note_hash_music21_consensus_v1,53664a7ef3eed4af690568e16a357a2f88698e7f0a05fe854316b884807534da
music21_745.mid,eb,745,pop1k7:src_003:745,data/pop1k7_official/Pop1K7/midi_analyzed/src_003/745.mid,7d1f5720c0d823e1629b1c5cb1567b9eea9cd1eb217e9078344c43c4b0d5c145,data/pop1k7_official/Pop1K7/midi_synchronized/src_003/745.mid,80d08563f7551538b6b1260bcb0263125d943abbb9ead643790edcfad45b9173,129c7ec25b14bd4917d3805fe1aaef525c3789fc539c06b1c735d0c974fc5e1e,6,6,music21.key.krumhanslschmuckler,music21.key.aardenessen,same_release_path_plus_note_hash_music21_consensus_v1,53664a7ef3eed4af690568e16a357a2f88698e7f0a05fe854316b884807534da
music21_747.mid,f,747,pop1k7:src_003:747,data/pop1k7_official/Pop1K7/midi_analyzed/src_003/747.mid,faeacce549bfffb66877d2fb7eb49565f18ed77b0bff96a50f9045933504d2ee,data/pop1k7_official/Pop1K7/midi_synchronized/src_003/747.mid,d372e59085196c75c1618164366bd7fe26bce45c0a441df069beb0a0ca2ff2a4,c92bd5fa0b040663454a7115e42e012503b936b5cea907cdc2baa55d33eca156,8,4,music21.key.krumhanslschmuckler,music21.key.aardenessen,same_release_path_plus_note_hash_music21_consensus_v1,53664a7ef3eed4af690568e16a357a2f88698e7f0a05fe854316b884807534da
music21_748.mid,C#,748,pop1k7:src_003:748,data/pop1k7_official/Pop1K7/midi_analyzed/src_003/748.mid,9afea4064ade36905fb919ec8bb05fb8d71ad96c314308f6456f054c69e345b4,data/pop1k7_official/Pop1K7/midi_synchronized/src_003/748.mid,3ce714da7c387039ed41f5175d7e19f5e81bfd8c82ff0234100a0a284fbb6eda,22f3bdc267ec1ccf445d0bab1281ef7703c5f4e907c2fe96f44f5b496143a797,1,-1,music21.key.krumhanslschmuckler,music21.key.aardenessen,same_release_path_plus_note_hash_music21_consensus_v1,53664a7ef3eed4af690568e16a357a2f88698e7f0a05fe854316b884807534da
music21_750.mid,b,750,pop1k7:src_003:750,data/pop1k7_official/Pop1K7/midi_analyzed/src_003/750.mid,a13b1e1fd35eeb6c923a8628627442ac564daccf7c732ffebd39ce7e49cf424f,data/pop1k7_official/Pop1K7/midi_synchronized/src_003/750.mid,ec9c6d05a8204c77d2d8f01efb02868f880e47f161cc6199f95a069e410ec431,5148f06b4a86b2fd9d0164ebd0b2c1e4a8a8283bb5b36c2a9e94688d245ca090,2,-2,music21.key.krumhanslschmuckler,music21.key.aardenessen,same_release_path_plus_note_hash_music21_consensus_v1,53664a7ef3eed4af690568e16a357a2f88698e7f0a05fe854316b884807534da
music21_751.mid,Eb,751,pop1k7:src_003:751,data/pop1k7_official/Pop1K7/midi_analyzed/src_003/751.mid,4d7b2531e6cd720ece5b38f70408dd2d241525f66d985e7b5c497205b9412e43,data/pop1k7_official/Pop1K7/midi_synchronized/src_003/751.mid,c040646a1c3095f0dc87a76109f465b6dbfbfa62d3d5479125bd72e56ee212d1,af582aa5f4f398a422718376fc88c35e66cb1d9b8326553762ebc74e216480d7,3,-3,music21.key.krumhanslschmuckler,music21.key.aardenessen,same_release_path_plus_note_hash_music21_consensus_v1,53664a7ef3eed4af690568e16a357a2f88698e7f0a05fe854316b884807534da
music21_752.mid,f,752,pop1k7:src_003:752,data/pop1k7_official/Pop1K7/midi_analyzed/src_003/752.mid,e9125c2a0e2e61f02f33dbeb510bf95c659ba84eb2b9c2468ce256c03196b0be,data/pop1k7_official/Pop1K7/midi_synchronized/src_003/752.mid,aa4e4254fe91917f88145b4582d126fd8b33f498ec322bf45aa74ebc88957b08,42808ad2f45e256c29a7bb2c9fe3833fe3a674c51686436c07639ccc4835da2e,8,4,music21.key.krumhanslschmuckler,music21.key.aardenessen,same_release_path_plus_note_hash_music21_consensus_v1,53664a7ef3eed4af690568e16a357a2f88698e7f0a05fe854316b884807534da
music21_753.mid,C,753,pop1k7:src_003:753,data/pop1k7_official/Pop1K7/midi_analyzed/src_003/753.mid,d9091b1f4fcf3f7cb2df25457b33a68daf4d550fb2d536a69f12b623c5940f3b,data/pop1k7_official/Pop1K7/midi_synchronized/src_003/753.mid,ccb0d4260743ec728e8cf99e072abf246d13ff5f431909c6d883bae02ad97696,54e4e8c9654d98ee01cf4ffdb2d87bb57d26cf9e0d479f8c4e65568a84cf0f5b,0,0,music21.key.krumhanslschmuckler,music21.key.aardenessen,same_release_path_plus_note_hash_music21_consensus_v1,53664a7ef3eed4af690568e16a357a2f88698e7f0a05fe854316b884807534da
music21_754.mid,A,754,pop1k7:src_003:754,data/pop1k7_official/Pop1K7/midi_analyzed/src_003/754.mid,4620ce23de5be749b135d7f5c5b3dd933b041926fdde93d37df6b1c227c59a5b,data/pop1k7_official/Pop1K7/midi_synchronized/src_003/754.mid,430cca8ca230d239c062cafbfc34c76787c0d9916fcaa54492ad0eb394b17c6d,3e8f5a57e3d48854bb8ea8394c0888ef6314202308a0d149bba1bc9f1149736c,9,3,music21.key.krumhanslschmuckler,music21.key.aardenessen,same_release_path_plus_note_hash_music21_consensus_v1,53664a7ef3eed4af690568e16a357a2f88698e7f0a05fe854316b884807534da
music21_755.mid,D,755,pop1k7:src_003:755,data/pop1k7_official/Pop1K7/midi_analyzed/src_003/755.mid,eee4ca237865332fcdf24e612a3b35ff2059b6ce49afcd8447e95491a333abec,data/pop1k7_official/Pop1K7/midi_synchronized/src_003/755.mid,371a875ce41031c5433d7061b373195ea09f8fd0554dce1c8236f351c4ac509f,cadaf3f1c8d11a3310b177e33481c9f1473dfb36d7df50fe948b40f3b9e47d48,2,-2,music21.key.krumhanslschmuckler,music21.key.aardenessen,same_release_path_plus_note_hash_music21_consensus_v1,53664a7ef3eed4af690568e16a357a2f88698e7f0a05fe854316b884807534da
music21_757.mid,g,757,pop1k7:src_003:757,data/pop1k7_official/Pop1K7/midi_analyzed/src_003/757.mid,06f0296abf225681e5a45414d4d025fd39d8498710c2200642ad79540605664d,data/pop1k7_official/Pop1K7/midi_synchronized/src_003/757.mid,cefb53ca6d052ec6fa70c25ee339c062b66fd20fbbcce53bb913f9e7c6d910c6,c562fe13ba51390ac8806cf363ece54df55259c44f83ffe796c06ca01efdbc8b,10,2,music21.key.krumhanslschmuckler,music21.key.aardenessen,same_release_path_plus_note_hash_music21_consensus_v1,53664a7ef3eed4af690568e16a357a2f88698e7f0a05fe854316b884807534da
music21_758.mid,a,758,pop1k7:src_003:758,data/pop1k7_official/Pop1K7/midi_analyzed/src_003/758.mid,47a0996146e5c3d24156fee9575fe9736a34b70a072c1d1a9475f0a93b7d2bb6,data/pop1k7_official/Pop1K7/midi_synchronized/src_003/758.mid,d890341f3e21005119bcc8c8ed620908ecce268d50f7badf0889c7b5e888cc84,e7a973a7692aecf2702b757a0760ad0f567f7928491b7b1056517bc3c960de0b,0,0,music21.key.krumhanslschmuckler,music21.key.aardenessen,same_release_path_plus_note_hash_music21_consensus_v1,53664a7ef3eed4af690568e16a357a2f88698e7f0a05fe854316b884807534da
music21_760.mid,eb,760,pop1k7:src_003:760,data/pop1k7_official/Pop1K7/midi_analyzed/src_003/760.mid,8a6b9f19e51d4451208494c949183ed65eaa7618395057d76b97a3047534b469,data/pop1k7_official/Pop1K7/midi_synchronized/src_003/760.mid,83e956d45091cdf078cc1ef9716c7cb70d36d1a1848228161cff4cbe68b9199c,1114f94354cd50fc7a8acf6cea76a6e7ff0f4fd15a54caa5bff9ba87ef2dccd1,6,6,music21.key.krumhanslschmuckler,music21.key.aardenessen,same_release_path_plus_note_hash_music21_consensus_v1,53664a7ef3eed4af690568e16a357a2f88698e7f0a05fe854316b884807534da
music21_762.mid,Bb,762,pop1k7:src_003:762,data/pop1k7_official/Pop1K7/midi_analyzed/src_003/762.mid,c93efa0844b8b477b5c0b2eb45c94661daab1a057e722834e9f98ed192e75bbf,data/pop1k7_official/Pop1K7/midi_synchronized/src_003/762.mid,73a6bc2f46318536b413928d1beac6f920200a0719ab09c4a36d608a0fcb52da,9243ae90a411750a485bfef43d14fa03ae2165d094b4cfc6c0897af8543e46cb,10,2,music21.key.krumhanslschmuckler,music21.key.aardenessen,same_release_path_plus_note_hash_music21_consensus_v1,53664a7ef3eed4af690568e16a357a2f88698e7f0a05fe854316b884807534da
music21_763.mid,f,763,pop1k7:src_003:763,data/pop1k7_official/Pop1K7/midi_analyzed/src_003/763.mid,adb0bf4b7758c1931755d6677a743a53d134b1329d63ce5e96274850c0836af1,data/pop1k7_official/Pop1K7/midi_synchronized/src_003/763.mid,16674ddf6d3ea89ac7dd6154f34253fdf4537f0f3953b458286400fa0f4b196a,34bd5465e017fef2f075979a3e35ef7670a2b6a9cb4342b0ebd6aff1a662aad5,8,4,music21.key.krumhanslschmuckler,music21.key.aardenessen,same_release_path_plus_note_hash_music21_consensus_v1,53664a7ef3eed4af690568e16a357a2f88698e7f0a05fe854316b884807534da
music21_764.mid,ab,764,pop1k7:src_003:764,data/pop1k7_official/Pop1K7/midi_analyzed/src_003/764.mid,705cf97fb279bdb7b911896e0c19a051c8463c8c38390b3f5c08cf70c9a53208,data/pop1k7_official/Pop1K7/midi_synchronized/src_003/764.mid,989cf2264524a0dc2bc05e297032e3fa31bc98a36e463539b924183d7c927653,85664b16cafd9256697fba5c9ace8420b8527adbc6be7e1d25b9450dd17ddc8d,11,1,music21.key.krumhanslschmuckler,music21.key.aardenessen,same_release_path_plus_note_hash_music21_consensus_v1,53664a7ef3eed4af690568e16a357a2f88698e7f0a05fe854316b884807534da
music21_765.mid,c,765,pop1k7:src_003:765,data/pop1k7_official/Pop1K7/midi_analyzed/src_003/765.mid,b54914fde290157a5e15180a598a96a3d6208de1abf8b9983732f6b3f50e3ef6,data/pop1k7_official/Pop1K7/midi_synchronized/src_003/765.mid,ec20e71919a00b1d95897281beeb6f43d2ece4081b3510855991ff37a8830bf6,738484e3f49a5c55cf307d89b95f8653405bce7082e7dfdf69cce004c06d2e4e,3,-3,music21.key.krumhanslschmuckler,music21.key.aardenessen,same_release_path_plus_note_hash_music21_consensus_v1,53664a7ef3eed4af690568e16a357a2f88698e7f0a05fe854316b884807534da
music21_767.mid,a,767,pop1k7:src_003:767,data/pop1k7_official/Pop1K7/midi_analyzed/src_003/767.mid,6c75bb1ab5b74ac07a250fb157be822bf8ae214db228be7f2ee695c75856d278,data/pop1k7_official/Pop1K7/midi_synchronized/src_003/767.mid,d98c3c2aeab3a48952c6eb645771194001bb85840ac0e10bd40777ebe77ec535,66078f35f9e0bcb47f98e5b0d110aa1ca6f6ab4e531fe57cfcccb45cbeb3f1cb,0,0,music21.key.krumhanslschmuckler,music21.key.aardenessen,same_release_path_plus_note_hash_music21_consensus_v1,53664a7ef3eed4af690568e16a357a2f88698e7f0a05fe854316b884807534da
music21_769.mid,C,769,pop1k7:src_003:769,data/pop1k7_official/Pop1K7/midi_analyzed/src_003/769.mid,2450974d6878b125dca1bfabc659d33ff65a2120dce65b47f5268c981e468c1f,data/pop1k7_official/Pop1K7/midi_synchronized/src_003/769.mid,69b112eb03b081f7a297045b579e894c8bcfea9cd64358952bdc1278545ce6cf,19635ec8c17c31da04ba4143ad1958c4607a7217bc7c18094ba6badc24ec4116,0,0,music21.key.krumhanslschmuckler,music21.key.aardenessen,same_release_path_plus_note_hash_music21_consensus_v1,53664a7ef3eed4af690568e16a357a2f88698e7f0a05fe854316b884807534da
music21_770.mid,D,770,pop1k7:src_003:770,data/pop1k7_official/Pop1K7/midi_analyzed/src_003/770.mid,b0183453f3794232eccaf575ca7ad87734620f633b617d225c77118213febbd3,data/pop1k7_official/Pop1K7/midi_synchronized/src_003/770.mid,7fd6af5820fad1aa0b27b80e43bf61055817411b81b5abfa7832542992a23774,c0b08e3675d7c68c1a396f53e3d98f74cc6adcf464ae33067f017483d3c8844b,2,-2,music21.key.krumhanslschmuckler,music21.key.aardenessen,same_release_path_plus_note_hash_music21_consensus_v1,53664a7ef3eed4af690568e16a357a2f88698e7f0a05fe854316b884807534da
music21_771.mid,F,771,pop1k7:src_003:771,data/pop1k7_official/Pop1K7/midi_analyzed/src_003/771.mid,00eff2d3ded8e53019f1ba46485b4cf91b080c32dccd9ecadbdb0128a5d8005e,data/pop1k7_official/Pop1K7/midi_synchronized/src_003/771.mid,bc41b3b23b80f9190cb45ef557fdcaed1e742ceba031471908e5d95d5f58dfb4,9ee3af0907b9136b7ed3192d1b3e463f27f97f21aa1698a015b13a43487e90e8,5,-5,music21.key.krumhanslschmuckler,music21.key.aardenessen,same_release_path_plus_note_hash_music21_consensus_v1,53664a7ef3eed4af690568e16a357a2f88698e7f0a05fe854316b884807534da
music21_772.mid,a,772,pop1k7:src_003:772,data/pop1k7_official/Pop1K7/midi_analyzed/src_003/772.mid,a8be721fc0eec7e57b1f48237b3a4001bd25ca1b444fc53018e9a0dac1686df8,data/pop1k7_official/Pop1K7/midi_synchronized/src_003/772.mid,6c36da191fd63971b753f2bf6fe6d572aa68858cfb2413e876d6951e6a2137c1,6aa851dcda92e12804988e89cef863be0327c0518914c6525f30324a02ae491c,0,0,music21.key.krumhanslschmuckler,music21.key.aardenessen,same_release_path_plus_note_hash_music21_consensus_v1,53664a7ef3eed4af690568e16a357a2f88698e7f0a05fe854316b884807534da
music21_775.mid,C,775,pop1k7:src_004:775,data/pop1k7_official/Pop1K7/midi_analyzed/src_004/775.mid,6b44a7b0a8fe2c203084e0661a61ace55ed694f58d1c63b64a0645afedf79864,data/pop1k7_official/Pop1K7/midi_synchronized/src_004/775.mid,1837284704c605c1e62f1cf53e59c11660e1e51dcfdb6f10e386786b34db912c,43f35705281b1ff1e7f334c243c8abbc3a39e5c0f7abe87f5f9c2ffcf7935110,0,0,music21.key.krumhanslschmuckler,music21.key.aardenessen,same_release_path_plus_note_hash_music21_consensus_v1,53664a7ef3eed4af690568e16a357a2f88698e7f0a05fe854316b884807534da
music21_777.mid,D,777,pop1k7:src_004:777,data/pop1k7_official/Pop1K7/midi_analyzed/src_004/777.mid,62b7d8259821206399f7266dae29b54dd243ebf2d2a48c3aed2704e85550463e,data/pop1k7_official/Pop1K7/midi_synchronized/src_004/777.mid,05af1408e80471f217f45e7a15cb7940a27107cdf433b19e7a8d7541c75816c3,b31d3894494dd5aeee1dd1cbfb8a88af98e538daeb91facbeac7e81aff435318,2,-2,music21.key.krumhanslschmuckler,music21.key.aardenessen,same_release_path_plus_note_hash_music21_consensus_v1,53664a7ef3eed4af690568e16a357a2f88698e7f0a05fe854316b884807534da
music21_779.mid,Ab,779,pop1k7:src_004:779,data/pop1k7_official/Pop1K7/midi_analyzed/src_004/779.mid,6857a60eb246b40369e97f267e05366785f7c0670de14f2ad98866bfc0e6b1e6,data/pop1k7_official/Pop1K7/midi_synchronized/src_004/779.mid,667e4630c5f7266ae2d0f39b1bf15c7e7b74fec6b8f9e8e2499fd7b1f78b3460,258f0de1e7a5e7274c0daf8c2bbe23ffd57878c0f8deecb9480fc90122c423f6,8,4,music21.key.krumhanslschmuckler,music21.key.aardenessen,same_release_path_plus_note_hash_music21_consensus_v1,53664a7ef3eed4af690568e16a357a2f88698e7f0a05fe854316b884807534da
music21_782.mid,Ab,782,pop1k7:src_004:782,data/pop1k7_official/Pop1K7/midi_analyzed/src_004/782.mid,9db5be2481b721cc12340277327aaf149d60545d0b2441f382110a6caae6c1ef,data/pop1k7_official/Pop1K7/midi_synchronized/src_004/782.mid,15344fd16fb8e1b43a3086f56fd0466111a48372afae04ae469a0d842dc936cc,6bd585f53af487f82494941a9f6b2861639258159670b5459a3c365681b6ca43,8,4,music21.key.krumhanslschmuckler,music21.key.aardenessen,same_release_path_plus_note_hash_music21_consensus_v1,53664a7ef3eed4af690568e16a357a2f88698e7f0a05fe854316b884807534da
music21_783.mid,G,783,pop1k7:src_004:783,data/pop1k7_official/Pop1K7/midi_analyzed/src_004/783.mid,9c479d110c99e8d2d6eb14a0e3ed6c59c876173a6aa70bf35c57c6343ae70987,data/pop1k7_official/Pop1K7/midi_synchronized/src_004/783.mid,10bb1d44f0a052b29229511b23620746c2ad08557d0a73ce20e6d6d4120c4028,ca1220ce0aa04188c6fd5c378c8dbc1586375f12f80824d764852448530a576f,7,5,music21.key.krumhanslschmuckler,music21.key.aardenessen,same_release_path_plus_note_hash_music21_consensus_v1,53664a7ef3eed4af690568e16a357a2f88698e7f0a05fe854316b884807534da
music21_785.mid,Bb,785,pop1k7:src_004:785,data/pop1k7_official/Pop1K7/midi_analyzed/src_004/785.mid,8014b622909fddbf36b2eed189062b5bede502d0dfbdfd3c0472155d615872d6,data/pop1k7_official/Pop1K7/midi_synchronized/src_004/785.mid,e5875aef0f9a24f2bb14679099ea58c30829d8372a833cdf0b648b126382e822,545bbcc5abde889e15cd091ca927544fd2c2f463c30a08ee0a8394ca7ed6eb74,10,2,music21.key.krumhanslschmuckler,music21.key.aardenessen,same_release_path_plus_note_hash_music21_consensus_v1,53664a7ef3eed4af690568e16a357a2f88698e7f0a05fe854316b884807534da
music21_786.mid,F#,786,pop1k7:src_004:786,data/pop1k7_official/Pop1K7/midi_analyzed/src_004/786.mid,e64dd8832a7f72609cd6b50259ebd1a06f5d37ae320af0723a610b4df2d73cf8,data/pop1k7_official/Pop1K7/midi_synchronized/src_004/786.mid,62b17a93b1f25eccef035b79fec5eee0b152a820b0a1c8bb91148882d75f0b43,8e8b45af5c60d9220a143aadbc9898b43941475169660fe7a7b0f650471be1c4,6,6,music21.key.krumhanslschmuckler,music21.key.aardenessen,same_release_path_plus_note_hash_music21_consensus_v1,53664a7ef3eed4af690568e16a357a2f88698e7f0a05fe854316b884807534da
music21_788.mid,D,788,pop1k7:src_004:788,data/pop1k7_official/Pop1K7/midi_analyzed/src_004/788.mid,52a1ffed1438a70a92afd9de48e4116843840e8f8d9669a03d0f5ba1e13ac8fc,data/pop1k7_official/Pop1K7/midi_synchronized/src_004/788.mid,8cfb024ea3d013461afb400e06655f252015e7bcccce30b40df9aa63febba1e7,10b3e3cc9874bc9103c895defe1e021ed9d4683832a276a361966611b51e6529,2,-2,music21.key.krumhanslschmuckler,music21.key.aardenessen,same_release_path_plus_note_hash_music21_consensus_v1,53664a7ef3eed4af690568e16a357a2f88698e7f0a05fe854316b884807534da
music21_789.mid,E,789,pop1k7:src_004:789,data/pop1k7_official/Pop1K7/midi_analyzed/src_004/789.mid,d45586e5e63a5f3f78ce59fc94e61483e634eb328853e25236736c66b4f3b618,data/pop1k7_official/Pop1K7/midi_synchronized/src_004/789.mid,fda6f3d0ab78e3c1ceaa235e3f3deb69f0fc5992f82a436bca1da72cc3e4fbac,9ea714ab6b7ad314ea97f348f315ba7b0bcc817cab20a71b625eb9ef2f2d63ad,4,-4,music21.key.krumhanslschmuckler,music21.key.aardenessen,same_release_path_plus_note_hash_music21_consensus_v1,53664a7ef3eed4af690568e16a357a2f88698e7f0a05fe854316b884807534da
music21_790.mid,B,790,pop1k7:src_004:790,data/pop1k7_official/Pop1K7/midi_analyzed/src_004/790.mid,3e5c5a8197fc695bc613f2c12d61137cd7a32f5a2d579ffc62ebdfd1c2b4f252,data/pop1k7_official/Pop1K7/midi_synchronized/src_004/790.mid,684382549ef43cbb74854e8317fe687c39635f68f2cd8c32b4375ba7b3ddc787,8d4639400330100da2f615413cc2ee171c6d8f95b05e7a067b2503e0361eef71,11,1,music21.key.krumhanslschmuckler,music21.key.aardenessen,same_release_path_plus_note_hash_music21_consensus_v1,53664a7ef3eed4af690568e16a357a2f88698e7f0a05fe854316b884807534da
music21_793.mid,F#,793,pop1k7:src_004:793,data/pop1k7_official/Pop1K7/midi_analyzed/src_004/793.mid,d776cd17ac8392632093e2139702755992a5bffb81382a25626a07ce606cf985,data/pop1k7_official/Pop1K7/midi_synchronized/src_004/793.mid,7a5c2a22f67f9d75ba3ee714114101f5bedd4fd0576024ebcacc6bb50c61d8cb,9268dd0ac04fa34abaefb00994b66fc136b94c49553ab7d43e1ac4185709ea90,6,6,music21.key.krumhanslschmuckler,music21.key.aardenessen,same_release_path_plus_note_hash_music21_consensus_v1,53664a7ef3eed4af690568e16a357a2f88698e7f0a05fe854316b884807534da
music21_796.mid,c#,796,pop1k7:src_004:796,data/pop1k7_official/Pop1K7/midi_analyzed/src_004/796.mid,83ce82a02ab44b7f285d93bf862d45be04ced04546446c963d504b4e81afc854,data/pop1k7_official/Pop1K7/midi_synchronized/src_004/796.mid,d7d260810114b1ff71d1400f3238fdf661967081359332b40d9d958b1ebc93e2,684df6508a2f1a797d84a447ddb572a5f705e74737a6cfdd77f775e8eceb8f05,4,-4,music21.key.krumhanslschmuckler,music21.key.aardenessen,same_release_path_plus_note_hash_music21_consensus_v1,53664a7ef3eed4af690568e16a357a2f88698e7f0a05fe854316b884807534da
music21_797.mid,c,797,pop1k7:src_004:797,data/pop1k7_official/Pop1K7/midi_analyzed/src_004/797.mid,be5a7b7f961300402ec0dfbe50ccf829459b58bf56d853087f9df1f851d1a461,data/pop1k7_official/Pop1K7/midi_synchronized/src_004/797.mid,7da749fc4d73d24eef7d6feafad4e26e901372b8dbfb7cc0afdece925c4a01dd,9571102082e2ae6087cc18f2263a0477b1031215f4ac2981213fd4a444075097,3,-3,music21.key.krumhanslschmuckler,music21.key.aardenessen,same_release_path_plus_note_hash_music21_consensus_v1,53664a7ef3eed4af690568e16a357a2f88698e7f0a05fe854316b884807534da
music21_798.mid,f,798,pop1k7:src_004:798,data/pop1k7_official/Pop1K7/midi_analyzed/src_004/798.mid,1e4c20cdd3e1fb61f7f1928b0ac433030c86bc093e6453b8679f1c2dae377bc8,data/pop1k7_official/Pop1K7/midi_synchronized/src_004/798.mid,ff7491fb23beac048660bd72920689e521a35e34897c10b59250de9ee2f81faf,b347159f614c234bb0fee77d087f9a4f7af4ac39cca158056720c65de25f6d29,8,4,music21.key.krumhanslschmuckler,music21.key.aardenessen,same_release_path_plus_note_hash_music21_consensus_v1,53664a7ef3eed4af690568e16a357a2f88698e7f0a05fe854316b884807534da
music21_799.mid,A,799,pop1k7:src_004:799,data/pop1k7_official/Pop1K7/midi_analyzed/src_004/799.mid,faa21e5034e1cec8d2a1d32eefcb152cdd223e116becac319c0c14a1aba92c04,data/pop1k7_official/Pop1K7/midi_synchronized/src_004/799.mid,2f56435c6d9afb0e34421a48ca84ae2b7c5653617185cd6460d4bd83c59a8fa6,ed409ef93703a464144106539965e9d6f215cd874dcfbc420b52514d29cfe14e,9,3,music21.key.krumhanslschmuckler,music21.key.aardenessen,same_release_path_plus_note_hash_music21_consensus_v1,53664a7ef3eed4af690568e16a357a2f88698e7f0a05fe854316b884807534da
music21_800.mid,Ab,800,pop1k7:src_004:800,data/pop1k7_official/Pop1K7/midi_analyzed/src_004/800.mid,562e39b62c9ccd425304772ac553b37b95d00af4ee1496a93b576e6a5f58b822,data/pop1k7_official/Pop1K7/midi_synchronized/src_004/800.mid,478c514bdd85a2b33bffeb8a8ee17885f71e8edb498bb635f0cb551592096464,6afd5231cfbd51390b7f09e4811c4c2c0205de763cb0873befd3703e3f7330e0,8,4,music21.key.krumhanslschmuckler,music21.key.aardenessen,same_release_path_plus_note_hash_music21_consensus_v1,53664a7ef3eed4af690568e16a357a2f88698e7f0a05fe854316b884807534da
music21_803.mid,C#,803,pop1k7:src_004:803,data/pop1k7_official/Pop1K7/midi_analyzed/src_004/803.mid,79132f8c6b5c34bd8fcf8e0dab2db05882dadf5201ae56939baea1070f744352,data/pop1k7_official/Pop1K7/midi_synchronized/src_004/803.mid,7ea00fe4fb8a7fe4dd7b5f7409ec33a80f24741f992958bbe6608bdd9914ea71,8bd3357c8e0c83ccd7b2ee8abeb7bf200d62e9a8959f53427a771d97d0b023d7,1,-1,music21.key.krumhanslschmuckler,music21.key.aardenessen,same_release_path_plus_note_hash_music21_consensus_v1,53664a7ef3eed4af690568e16a357a2f88698e7f0a05fe854316b884807534da
music21_804.mid,F,804,pop1k7:src_004:804,data/pop1k7_official/Pop1K7/midi_analyzed/src_004/804.mid,36a1e8013ca894a99bccb281518cbccea238e4f820a75afa139147e4467c2a21,data/pop1k7_official/Pop1K7/midi_synchronized/src_004/804.mid,34c5ea63e3335d54d6f96ab8eb72b0ec0124b1aea9c8c5344e52ae4959b3927d,eb6a2c22e1d75be97fc3c2e3cc04a9ee7e60df1ceba33d8ed16b5e66a05e5d0d,5,-5,music21.key.krumhanslschmuckler,music21.key.aardenessen,same_release_path_plus_note_hash_music21_consensus_v1,53664a7ef3eed4af690568e16a357a2f88698e7f0a05fe854316b884807534da
music21_805.mid,G,805,pop1k7:src_004:805,data/pop1k7_official/Pop1K7/midi_analyzed/src_004/805.mid,f90ed20caa60b0be1ffa80d5d1ce07df0a5844b5b1ebd38e6f0604ad83e2aaf6,data/pop1k7_official/Pop1K7/midi_synchronized/src_004/805.mid,7dc3c6f58b810f935da6da6ce9ed7fa0bfee7bb5cfdce849be0107e5ae9b5efd,567f8990233b14d860f490834e8bec60cd4624cd86229ab962e79ce224c9a4d8,7,5,music21.key.krumhanslschmuckler,music21.key.aardenessen,same_release_path_plus_note_hash_music21_consensus_v1,53664a7ef3eed4af690568e16a357a2f88698e7f0a05fe854316b884807534da
music21_806.mid,G,806,pop1k7:src_004:806,data/pop1k7_official/Pop1K7/midi_analyzed/src_004/806.mid,ba4d7b21745ced37e00a874f485f5eae8c1b09e27b9d55dade28592f4f9cfa8a,data/pop1k7_official/Pop1K7/midi_synchronized/src_004/806.mid,e74c3737719eb97a87411a155ef095eb876d6d677577e92fe3722b81a54b21d3,309d2102c749457934f0547820456765aa01aa4269a3d440cc246abe9cb1f386,7,5,music21.key.krumhanslschmuckler,music21.key.aardenessen,same_release_path_plus_note_hash_music21_consensus_v1,53664a7ef3eed4af690568e16a357a2f88698e7f0a05fe854316b884807534da
music21_807.mid,D,807,pop1k7:src_004:807,data/pop1k7_official/Pop1K7/midi_analyzed/src_004/807.mid,03ec594a97d1073e8ab851a9b126efd80bb07504ce96253c212cddbc6f6eda53,data/pop1k7_official/Pop1K7/midi_synchronized/src_004/807.mid,ed4d98a6ad4bf990dce7a62ca732cc4a28a0a168deb5b74b45dba0a6bf9b4b05,01207fc4959812550d3bf05b6f40ec8abf94cd2031c0859f67f3126ea6383874,2,-2,music21.key.krumhanslschmuckler,music21.key.aardenessen,same_release_path_plus_note_hash_music21_consensus_v1,53664a7ef3eed4af690568e16a357a2f88698e7f0a05fe854316b884807534da
music21_808.mid,C#,808,pop1k7:src_004:808,data/pop1k7_official/Pop1K7/midi_analyzed/src_004/808.mid,8b7b3ce24fcd013c70a08e579159e6afbdb484e8c5a750cbcfc3501c02904be7,data/pop1k7_official/Pop1K7/midi_synchronized/src_004/808.mid,bd8b964fa6329788e74e9290a972baf74578b9df7b1828cc82cc757dcf9f11ed,94c634886c420a0a105d9ba52df4208ab28354d798a1c1c18056e58b0a0f20ed,1,-1,music21.key.krumhanslschmuckler,music21.key.aardenessen,same_release_path_plus_note_hash_music21_consensus_v1,53664a7ef3eed4af690568e16a357a2f88698e7f0a05fe854316b884807534da
music21_809.mid,Eb,809,pop1k7:src_004:809,data/pop1k7_official/Pop1K7/midi_analyzed/src_004/809.mid,90962778f926e8293680fd7a3e500f844abcb4146fe31b78fa2469c84e22734d,data/pop1k7_official/Pop1K7/midi_synchronized/src_004/809.mid,0bc998c47b0d22a2706094e50804999e1c7cf66269f6b355741a11d9c7870dda,daedd059287216ebc7693813f12d1af2f4c2115af758eec1c6990d6c18d01059,3,-3,music21.key.krumhanslschmuckler,music21.key.aardenessen,same_release_path_plus_note_hash_music21_consensus_v1,53664a7ef3eed4af690568e16a357a2f88698e7f0a05fe854316b884807534da
music21_810.mid,F,810,pop1k7:src_004:810,data/pop1k7_official/Pop1K7/midi_analyzed/src_004/810.mid,2039e14c7b9824bf81b833974b8f1b89794d9d573462caa3993a61aa40adaf72,data/pop1k7_official/Pop1K7/midi_synchronized/src_004/810.mid,daef4a3ac99fe976c384cb883bbd734a79bc4963aded38124a3684ff2482a948,086e04e18b45b438fb97221ec8e9509adf7e8869161b19152a00b91ac8b4b405,5,-5,music21.key.krumhanslschmuckler,music21.key.aardenessen,same_release_path_plus_note_hash_music21_consensus_v1,53664a7ef3eed4af690568e16a357a2f88698e7f0a05fe854316b884807534da
music21_811.mid,a,811,pop1k7:src_004:811,data/pop1k7_official/Pop1K7/midi_analyzed/src_004/811.mid,0596cc1c75b395551807ecde3f7f6a5de32805fcf58f70d18c70006599435416,data/pop1k7_official/Pop1K7/midi_synchronized/src_004/811.mid,c559bb4fb563113b4b05e0999e6b20e7b4a98f9a404517ec33fad01364c66d42,b5c263753f79d4aeac8e10be5e01b07c4c786b050495e335f453120b381bc7e3,0,0,music21.key.krumhanslschmuckler,music21.key.aardenessen,same_release_path_plus_note_hash_music21_consensus_v1,53664a7ef3eed4af690568e16a357a2f88698e7f0a05fe854316b884807534da
music21_812.mid,d,812,pop1k7:src_004:812,data/pop1k7_official/Pop1K7/midi_analyzed/src_004/812.mid,659399caac4a0d93797500da0637697a60dcd54591602970ed90334b2d1e1527,data/pop1k7_official/Pop1K7/midi_synchronized/src_004/812.mid,1031692dc57f5651548b11f8eacd50fa6c9c18feedb2161729467beebc5e820c,d32105662b887021aae83798bc57095648be23112bbc427a2b1b19e9dd66c9ab,5,-5,music21.key.krumhanslschmuckler,music21.key.aardenessen,same_release_path_plus_note_hash_music21_consensus_v1,53664a7ef3eed4af690568e16a357a2f88698e7f0a05fe854316b884807534da
music21_813.mid,Eb,813,pop1k7:src_004:813,data/pop1k7_official/Pop1K7/midi_analyzed/src_004/813.mid,74b836274a0fa89ebc884de89b6dc689585b61f2eeb4a7bb914981f50dd3ed45,data/pop1k7_official/Pop1K7/midi_synchronized/src_004/813.mid,f712c3877c313c2e2369fae592c5332a92d5a7900b385929552a88d4ddeee586,e0f51c37fdfba7b780a3a375124396aea74d8513b42f9ef60c795b02538c3de2,3,-3,music21.key.krumhanslschmuckler,music21.key.aardenessen,same_release_path_plus_note_hash_music21_consensus_v1,53664a7ef3eed4af690568e16a357a2f88698e7f0a05fe854316b884807534da
music21_814.mid,f,814,pop1k7:src_004:814,data/pop1k7_official/Pop1K7/midi_analyzed/src_004/814.mid,59206c39191faa31e1869012be6c533658e85dd33eba9be411d16b7becc37d0a,data/pop1k7_official/Pop1K7/midi_synchronized/src_004/814.mid,f690b31aa91c13bd7da21a49e2e427c35796edf3d172b294a46b1053cc929137,02e539f6f5f2e6d6dfb7580515b74472f9b6f9bdc37f1de18e2226e42d0d0deb,8,4,music21.key.krumhanslschmuckler,music21.key.aardenessen,same_release_path_plus_note_hash_music21_consensus_v1,53664a7ef3eed4af690568e16a357a2f88698e7f0a05fe854316b884807534da
music21_815.mid,D,815,pop1k7:src_004:815,data/pop1k7_official/Pop1K7/midi_analyzed/src_004/815.mid,0bf66cdfc85e04274169dddb9abbbba53a6f5cb3d52e5f3e805e4a26bc2ac07c,data/pop1k7_official/Pop1K7/midi_synchronized/src_004/815.mid,118dfce190a8cfacb7bc237a16dbb4466b939c4f07de72d4f4fa78b4db2b446f,2579c7298fa44fb57413dd26cb48e9934c35a318129baeaa9ded5482bb38f069,2,-2,music21.key.krumhanslschmuckler,music21.key.aardenessen,same_release_path_plus_note_hash_music21_consensus_v1,53664a7ef3eed4af690568e16a357a2f88698e7f0a05fe854316b884807534da
music21_816.mid,bb,816,pop1k7:src_004:816,data/pop1k7_official/Pop1K7/midi_analyzed/src_004/816.mid,56123789166bdfd629bec5670122163395051140ed6c1165a4109b38905bd623,data/pop1k7_official/Pop1K7/midi_synchronized/src_004/816.mid,acbbdf92a3b4f4f6b931ec09252fd2eeba6692e4584df68e448a65c3f3edfc13,d89bbba1927745775f0a1c7c6bcdbdd5a59271a6654e9dd23b3bd7d78e7aa5c5,1,-1,music21.key.krumhanslschmuckler,music21.key.aardenessen,same_release_path_plus_note_hash_music21_consensus_v1,53664a7ef3eed4af690568e16a357a2f88698e7f0a05fe854316b884807534da
music21_820.mid,C,820,pop1k7:src_004:820,data/pop1k7_official/Pop1K7/midi_analyzed/src_004/820.mid,e35b5abdf31307926e62b97dc5af6c1986d1f29ecd27678dd2c86cafaed712af,data/pop1k7_official/Pop1K7/midi_synchronized/src_004/820.mid,bd0a701f1008c9c15b051f8b36bcd4a1f078d2bb308695e888551c6358414e6c,ef2f9317b3097819924360e0e676edffb42850ced95eddb4d8d37e454c3de93b,0,0,music21.key.krumhanslschmuckler,music21.key.aardenessen,same_release_path_plus_note_hash_music21_consensus_v1,53664a7ef3eed4af690568e16a357a2f88698e7f0a05fe854316b884807534da
music21_821.mid,F,821,pop1k7:src_004:821,data/pop1k7_official/Pop1K7/midi_analyzed/src_004/821.mid,38286ca74eb2b4eb18b836b1e30e44310ffd537979096df653766debc52edb1a,data/pop1k7_official/Pop1K7/midi_synchronized/src_004/821.mid,2fbdb73ac0d86db68014c94ac3c5a779b8141f3e6abe64da7fb623f0b164911a,89a0387e2e56b6cf8cefd5959d6cb29256bbc0d90a5d1dc29322ca9c4ef9a3ed,5,-5,music21.key.krumhanslschmuckler,music21.key.aardenessen,same_release_path_plus_note_hash_music21_consensus_v1,53664a7ef3eed4af690568e16a357a2f88698e7f0a05fe854316b884807534da
music21_822.mid,F#,822,pop1k7:src_004:822,data/pop1k7_official/Pop1K7/midi_analyzed/src_004/822.mid,e05e5b6fedfc8a74b7895c2caf561c5f17e1f985d9b067303de72d76daba0ebf,data/pop1k7_official/Pop1K7/midi_synchronized/src_004/822.mid,94444503c2a822f566b230fd95fe4fdbc82b6fc4d33a7e42fe936e6429e31a4a,09afecc5227bbc64d14dd1ed84559dc55e909c0698f084bd2798a8bed38e48aa,6,6,music21.key.krumhanslschmuckler,music21.key.aardenessen,same_release_path_plus_note_hash_music21_consensus_v1,53664a7ef3eed4af690568e16a357a2f88698e7f0a05fe854316b884807534da
music21_824.mid,g,824,pop1k7:src_004:824,data/pop1k7_official/Pop1K7/midi_analyzed/src_004/824.mid,9c6b7ff89e0685f19a4dad9047517caa29feb7e1e25a385b768880fcba609ed4,data/pop1k7_official/Pop1K7/midi_synchronized/src_004/824.mid,263ef2cfb5d7e3d11b2c1de7a925fad84671929c06e0d3060e68b8b5e3a4693e,196f55328f6af1165676b1ad2deff5e43e030ac9bc7eb1d5b222186ada110c68,10,2,music21.key.krumhanslschmuckler,music21.key.aardenessen,same_release_path_plus_note_hash_music21_consensus_v1,53664a7ef3eed4af690568e16a357a2f88698e7f0a05fe854316b884807534da
music21_826.mid,G,826,pop1k7:src_004:826,data/pop1k7_official/Pop1K7/midi_analyzed/src_004/826.mid,d0e88698ce4f072b87bd9c9acac41274454585077b7d2257370179a4297f0ad3,data/pop1k7_official/Pop1K7/midi_synchronized/src_004/826.mid,6ffe9f4d0b0b60190c6a6b56bddf75d32fa5a5e60bedf5d4daa2ae10bfc66d82,6447c733bac95d59fb0549085748a9f9d4ac9c8f9f9d94cf99937b7f41dc6709,7,5,music21.key.krumhanslschmuckler,music21.key.aardenessen,same_release_path_plus_note_hash_music21_consensus_v1,53664a7ef3eed4af690568e16a357a2f88698e7f0a05fe854316b884807534da
music21_827.mid,C#,827,pop1k7:src_004:827,data/pop1k7_official/Pop1K7/midi_analyzed/src_004/827.mid,7b65cb0a4e054df1149da7393c821587efd6769e958a035050191e38c2989765,data/pop1k7_official/Pop1K7/midi_synchronized/src_004/827.mid,230ed9ec4a51a1f268b99f3d6332221ca1335599f7a0d3a02467569e815a2350,21544a6f1db08cdeaa2584594a20f3087e5b7735495d0c57cdb37f8734a8ed3c,1,-1,music21.key.krumhanslschmuckler,music21.key.aardenessen,same_release_path_plus_note_hash_music21_consensus_v1,53664a7ef3eed4af690568e16a357a2f88698e7f0a05fe854316b884807534da
music21_828.mid,C#,828,pop1k7:src_004:828,data/pop1k7_official/Pop1K7/midi_analyzed/src_004/828.mid,f49b2087c092c3a8eab6bc11c7df77ced78b73a4a78b6cd370cbdd3e33f51010,data/pop1k7_official/Pop1K7/midi_synchronized/src_004/828.mid,b833156211faab6133654d82f9d60bd3851b42d6095de4519ff8a2a1d88244c8,2ae9a3a310b9fe073f29024768cbbc18356c558d34d437b23a15cba69ee317f1,1,-1,music21.key.krumhanslschmuckler,music21.key.aardenessen,same_release_path_plus_note_hash_music21_consensus_v1,53664a7ef3eed4af690568e16a357a2f88698e7f0a05fe854316b884807534da
music21_830.mid,Ab,830,pop1k7:src_004:830,data/pop1k7_official/Pop1K7/midi_analyzed/src_004/830.mid,e48c06fd2cdc3da85708e12234b15d5b695942bf0f1eb9ebfb8c0f47ff8042a0,data/pop1k7_official/Pop1K7/midi_synchronized/src_004/830.mid,6f5870ad9f734108bfd0a5d5aa7e69f34193a990cb8798019229200da70fafff,d634d39903b11f5df873eb3441f8e7177032645df2ae3b98c43d3aafd990773c,8,4,music21.key.krumhanslschmuckler,music21.key.aardenessen,same_release_path_plus_note_hash_music21_consensus_v1,53664a7ef3eed4af690568e16a357a2f88698e7f0a05fe854316b884807534da
music21_831.mid,D,831,pop1k7:src_004:831,data/pop1k7_official/Pop1K7/midi_analyzed/src_004/831.mid,1c6230b582d2affceaabb5a5c80f6f43860f0c43ea81131582141791791f9ad6,data/pop1k7_official/Pop1K7/midi_synchronized/src_004/831.mid,beb5b1ef4555710f59b3e77c3d1da934695c7e13dee4f2a4b663d4dc78f306b5,c734f34feb58b612cbd846a8bf25c3e4200b0bdc0e091847602b8f8690c6241c,2,-2,music21.key.krumhanslschmuckler,music21.key.aardenessen,same_release_path_plus_note_hash_music21_consensus_v1,53664a7ef3eed4af690568e16a357a2f88698e7f0a05fe854316b884807534da
music21_832.mid,a,832,pop1k7:src_004:832,data/pop1k7_official/Pop1K7/midi_analyzed/src_004/832.mid,603c83bb381607a082b5ad83f4c27471d9d19495795bc33ee957477fec9be973,data/pop1k7_official/Pop1K7/midi_synchronized/src_004/832.mid,52378776e20d47815d5c78fc8624f5fea9a847bbee4b6f6e73c696e4401b4443,01c695cb24f63e17e5556c97bbafe2f466f6522fd4c59b84047c076ccfc469ae,0,0,music21.key.krumhanslschmuckler,music21.key.aardenessen,same_release_path_plus_note_hash_music21_consensus_v1,53664a7ef3eed4af690568e16a357a2f88698e7f0a05fe854316b884807534da
music21_833.mid,g,833,pop1k7:src_004:833,data/pop1k7_official/Pop1K7/midi_analyzed/src_004/833.mid,b43c0b511e11aca1c33f0317dc788de2bdb766277729c368fd6ce5eadc6acf85,data/pop1k7_official/Pop1K7/midi_synchronized/src_004/833.mid,61f042a76c33f44b381149311b6278dd990a86c7f33ef37f990bf6401102c0d6,ed177cd3289e5e87644e726dddabd7cc4a1997ab48baca901bef170d8f2e06fa,10,2,music21.key.krumhanslschmuckler,music21.key.aardenessen,same_release_path_plus_note_hash_music21_consensus_v1,53664a7ef3eed4af690568e16a357a2f88698e7f0a05fe854316b884807534da
music21_834.mid,Ab,834,pop1k7:src_004:834,data/pop1k7_official/Pop1K7/midi_analyzed/src_004/834.mid,f34573389cd3557bf6f423063b3bfadd120816c2ab51171776f9b31bdbecc91a,data/pop1k7_official/Pop1K7/midi_synchronized/src_004/834.mid,3d599144137c4f399f6888aec51e34ca9da77334656f5881eec14275d6e21ec4,e9629946823afd5c96c01a3564ead68fc036d26b809e6362793eb5970c294a07,8,4,music21.key.krumhanslschmuckler,music21.key.aardenessen,same_release_path_plus_note_hash_music21_consensus_v1,53664a7ef3eed4af690568e16a357a2f88698e7f0a05fe854316b884807534da
music21_835.mid,bb,835,pop1k7:src_004:835,data/pop1k7_official/Pop1K7/midi_analyzed/src_004/835.mid,676c936e2e36ccc5a767deb69843c6d20e8e0e733447361624bcf493c2f58c4a,data/pop1k7_official/Pop1K7/midi_synchronized/src_004/835.mid,9470a76b1b52fc249dce450b64e034473d0475a6ab839ff13e6a6cc000648942,ce855142ade9ca5355e836b1bdb3431d48e48de27b21608c223a73a22812f392,1,-1,music21.key.krumhanslschmuckler,music21.key.aardenessen,same_release_path_plus_note_hash_music21_consensus_v1,53664a7ef3eed4af690568e16a357a2f88698e7f0a05fe854316b884807534da
music21_837.mid,Eb,837,pop1k7:src_004:837,data/pop1k7_official/Pop1K7/midi_analyzed/src_004/837.mid,8dcea8ab61bbc21a5056a2309e3f5e99ca7b532ab170064f57d7c9f3a261d6bd,data/pop1k7_official/Pop1K7/midi_synchronized/src_004/837.mid,2efcc30df834156c1055b23f9491dcd61b8ea769f3586b9e42f69d615873fc15,0b2072a52aaa46043ba4aea03bd6c3cd053f4b9d6fbb4cb19dba59b84af29d35,3,-3,music21.key.krumhanslschmuckler,music21.key.aardenessen,same_release_path_plus_note_hash_music21_consensus_v1,53664a7ef3eed4af690568e16a357a2f88698e7f0a05fe854316b884807534da
music21_838.mid,F,838,pop1k7:src_004:838,data/pop1k7_official/Pop1K7/midi_analyzed/src_004/838.mid,c5e2a552b51ea3a046bd4b664afc51fe610b6dbd8917feaba730c4a9a020a06d,data/pop1k7_official/Pop1K7/midi_synchronized/src_004/838.mid,281a8ac9f0eeed074cd9f11fda12e1cd5340a16931e484e06bf2c857a1c8baba,8f918fc580ef6fe374c5fd96443ede6db950c5c681cdee1bfd0cba5644f69abc,5,-5,music21.key.krumhanslschmuckler,music21.key.aardenessen,same_release_path_plus_note_hash_music21_consensus_v1,53664a7ef3eed4af690568e16a357a2f88698e7f0a05fe854316b884807534da
music21_839.mid,F,839,pop1k7:src_004:839,data/pop1k7_official/Pop1K7/midi_analyzed/src_004/839.mid,5d18c6ac54f9f84d999913458998ca1ae77e71606ce61b1766368611cbaa1d2e,data/pop1k7_official/Pop1K7/midi_synchronized/src_004/839.mid,7672c896f575124d92487a85282863332b41e116990d7983f1c67eb3e2046a66,5e7c1586964f849163c03345a950e60244ab368e5b5324994ce8e72b90e5d0a6,5,-5,music21.key.krumhanslschmuckler,music21.key.aardenessen,same_release_path_plus_note_hash_music21_consensus_v1,53664a7ef3eed4af690568e16a357a2f88698e7f0a05fe854316b884807534da
music21_840.mid,E,840,pop1k7:src_004:840,data/pop1k7_official/Pop1K7/midi_analyzed/src_004/840.mid,46f3878f5e310c96aca2bda288af9d4856dc6239ac3353d39f65d367f3951c00,data/pop1k7_official/Pop1K7/midi_synchronized/src_004/840.mid,2361d06559111a8cf1358986616931cd4254dc59db41b542b4c8b7f491231bef,88e3fd907a9c06a95b457705dba511f11d6ac2c3bfac9790747aff39fa3eae0a,4,-4,music21.key.krumhanslschmuckler,music21.key.aardenessen,same_release_path_plus_note_hash_music21_consensus_v1,53664a7ef3eed4af690568e16a357a2f88698e7f0a05fe854316b884807534da
music21_841.mid,c,841,pop1k7:src_004:841,data/pop1k7_official/Pop1K7/midi_analyzed/src_004/841.mid,45a599b58e58de707b729651eed198550f9c702a1783dc8810cba529b06fe83e,data/pop1k7_official/Pop1K7/midi_synchronized/src_004/841.mid,d5cb4349085609254fcf61cd8d374d03e252f795d6411b144b9a247f81f5c962,07fbd32adb9e982b1757426699be5fd3fd880b661b3a82fd8753da15f739f2be,3,-3,music21.key.krumhanslschmuckler,music21.key.aardenessen,same_release_path_plus_note_hash_music21_consensus_v1,53664a7ef3eed4af690568e16a357a2f88698e7f0a05fe854316b884807534da
music21_843.mid,A,843,pop1k7:src_004:843,data/pop1k7_official/Pop1K7/midi_analyzed/src_004/843.mid,465c0fa0023d73494be7fad02339626785c52d472cab9ec966249f14691e048e,data/pop1k7_official/Pop1K7/midi_synchronized/src_004/843.mid,7b9d0023fc6a66f9c41494b614ed91e26425245ff85f8542d05b9a5f17a746a8,2951cbcd2ba406102c528d895964d0ccb2962dde02c98757b00de390e9bfbd6f,9,3,music21.key.krumhanslschmuckler,music21.key.aardenessen,same_release_path_plus_note_hash_music21_consensus_v1,53664a7ef3eed4af690568e16a357a2f88698e7f0a05fe854316b884807534da
music21_844.mid,eb,844,pop1k7:src_004:844,data/pop1k7_official/Pop1K7/midi_analyzed/src_004/844.mid,572a9d8c72273f201603328315bcfd236ea8d27e43063081c93bec7630afb01d,data/pop1k7_official/Pop1K7/midi_synchronized/src_004/844.mid,c1f233ed6d894c1261b8f59a01d014f17cdb9c86cf18f5073284d2ec5e0e528b,ad7be41ff9ec93c8bb6ef0618ae9e51d68ebca7bd8c676d7a382f6e88d7e76bf,6,6,music21.key.krumhanslschmuckler,music21.key.aardenessen,same_release_path_plus_note_hash_music21_consensus_v1,53664a7ef3eed4af690568e16a357a2f88698e7f0a05fe854316b884807534da
music21_845.mid,B,845,pop1k7:src_004:845,data/pop1k7_official/Pop1K7/midi_analyzed/src_004/845.mid,3e076771d5e3832d28baad0532205ebab52c2d1b120cbe325259fdc3f2ec3156,data/pop1k7_official/Pop1K7/midi_synchronized/src_004/845.mid,589289211100acaae14f31c914e77cc617b1479b8e770afab415e3183e570b2b,b97d4bd636ae1c4778e22837c126d6397a77ec473816f3794147a9a7bc5645d9,11,1,music21.key.krumhanslschmuckler,music21.key.aardenessen,same_release_path_plus_note_hash_music21_consensus_v1,53664a7ef3eed4af690568e16a357a2f88698e7f0a05fe854316b884807534da
music21_847.mid,F,847,pop1k7:src_004:847,data/pop1k7_official/Pop1K7/midi_analyzed/src_004/847.mid,f3bdbdd562ab20cee411e87325ed7a6b79c599bf40e82b70757657dfd141ae30,data/pop1k7_official/Pop1K7/midi_synchronized/src_004/847.mid,53d5e8e321c9e236523922babd9c61a722bdb389dfeb62695a4e6498eee0de9c,110c177759415aada056f39ba17b95ee9d5063d37272040863a0c39530f1a9f6,5,-5,music21.key.krumhanslschmuckler,music21.key.aardenessen,same_release_path_plus_note_hash_music21_consensus_v1,53664a7ef3eed4af690568e16a357a2f88698e7f0a05fe854316b884807534da
music21_848.mid,G,848,pop1k7:src_004:848,data/pop1k7_official/Pop1K7/midi_analyzed/src_004/848.mid,0c90ac202bb222d3f78206a6086c7e0ba74bdc2a213d2f6aeaaed6523fdcfcee,data/pop1k7_official/Pop1K7/midi_synchronized/src_004/848.mid,44a6fdea8e85c9736bb4f1162a88c6ff2c8c39b6a776d745e8c507d151170ecc,91e3fb7d0688aaf416aa3dca8d8c5a3cd03d5fba0a7e7e7524c0b95d646388c0,7,5,music21.key.krumhanslschmuckler,music21.key.aardenessen,same_release_path_plus_note_hash_music21_consensus_v1,53664a7ef3eed4af690568e16a357a2f88698e7f0a05fe854316b884807534da
music21_849.mid,G,849,pop1k7:src_004:849,data/pop1k7_official/Pop1K7/midi_analyzed/src_004/849.mid,54b52f5c4282c3e414d02552f413cf9a7fe6e38b7459b61648089e2cd34ef0da,data/pop1k7_official/Pop1K7/midi_synchronized/src_004/849.mid,ce582fd951df03d8b9a362467760ace97ebca3a268b7ccc6384202f371be622a,ea94eba95d255ee904745dc1bb8f1f9a4ae243ca3ab1fec458c0eaae8ce36322,7,5,music21.key.krumhanslschmuckler,music21.key.aardenessen,same_release_path_plus_note_hash_music21_consensus_v1,53664a7ef3eed4af690568e16a357a2f88698e7f0a05fe854316b884807534da
music21_850.mid,Bb,850,pop1k7:src_004:850,data/pop1k7_official/Pop1K7/midi_analyzed/src_004/850.mid,ce691861e0a5abbf5de8c600a42eb17761fff73f175b17fdb2e0ab824a63ed49,data/pop1k7_official/Pop1K7/midi_synchronized/src_004/850.mid,3f833cd32e1ef2bc00fea5b574752a2e3c243e71fd29b4c4dfe79696313b7176,d5fb174d36a2d6a4d81288fa1e833a0f2a72d14ea7465cf9653dbbf2afb108e3,10,2,music21.key.krumhanslschmuckler,music21.key.aardenessen,same_release_path_plus_note_hash_music21_consensus_v1,53664a7ef3eed4af690568e16a357a2f88698e7f0a05fe854316b884807534da
music21_851.mid,ab,851,pop1k7:src_004:851,data/pop1k7_official/Pop1K7/midi_analyzed/src_004/851.mid,f18f93b935b5a748f2474278af2d367d6d27c08340bdabb3cc032136dbe2b281,data/pop1k7_official/Pop1K7/midi_synchronized/src_004/851.mid,a57dd20918551763320da0849d98ca233934b9fd35728e0db0c1bf759af8b257,22b12681ff5e515863120521f2bdf10aff1a36ddab772eccf72d9d0ec249baf6,11,1,music21.key.krumhanslschmuckler,music21.key.aardenessen,same_release_path_plus_note_hash_music21_consensus_v1,53664a7ef3eed4af690568e16a357a2f88698e7f0a05fe854316b884807534da
music21_852.mid,a,852,pop1k7:src_004:852,data/pop1k7_official/Pop1K7/midi_analyzed/src_004/852.mid,0a5caecaa8812a8edb1319da1da830c6671aa8da7edec192971e21fdd115b211,data/pop1k7_official/Pop1K7/midi_synchronized/src_004/852.mid,590a17ec5bff392d3acd4becfbed79f663dc820795b3a7afd9cfbf97b95a04fb,0e07b93662c60572c2dba2b4e12c6eaff04d9af7555012da55cdf1b887e0e5e9,0,0,music21.key.krumhanslschmuckler,music21.key.aardenessen,same_release_path_plus_note_hash_music21_consensus_v1,53664a7ef3eed4af690568e16a357a2f88698e7f0a05fe854316b884807534da
music21_854.mid,D,854,pop1k7:src_004:854,data/pop1k7_official/Pop1K7/midi_analyzed/src_004/854.mid,9979240d5d13f3a57647cbbc2f464c4b8e359cb1957b3efdf8df916e38987ce3,data/pop1k7_official/Pop1K7/midi_synchronized/src_004/854.mid,d2659261ddf6ebb1779324818edd197b4cfd1dfa722651cc223883876d59d4ce,3d483f1966399ab00ed6a248467e5dd2b812d9b9e3584920d3bbc14dd787daf4,2,-2,music21.key.krumhanslschmuckler,music21.key.aardenessen,same_release_path_plus_note_hash_music21_consensus_v1,53664a7ef3eed4af690568e16a357a2f88698e7f0a05fe854316b884807534da
music21_855.mid,D,855,pop1k7:src_004:855,data/pop1k7_official/Pop1K7/midi_analyzed/src_004/855.mid,ebe9904e1e03010a3e7c993e5eaa84974aab6ea16bcc9c5dc5ec87a045846b7f,data/pop1k7_official/Pop1K7/midi_synchronized/src_004/855.mid,3bdc6697970fd7bd0f193c5d33ac7fe281d3bed553b569f28b41ca5c4bcd12fe,f42d21a336377b6aed96cd747117550e1a4c1f64c7bdd1070485d00e2cbb7693,2,-2,music21.key.krumhanslschmuckler,music21.key.aardenessen,same_release_path_plus_note_hash_music21_consensus_v1,53664a7ef3eed4af690568e16a357a2f88698e7f0a05fe854316b884807534da
music21_857.mid,bb,857,pop1k7:src_004:857,data/pop1k7_official/Pop1K7/midi_analyzed/src_004/857.mid,9b3b581b0929134eeecd687d54ef6ab76539818b2cc8928cae50c3bbd1dab185,data/pop1k7_official/Pop1K7/midi_synchronized/src_004/857.mid,d8e7538298b69fd4164263a5e8ec8ec7811dac3f71727f17d4999708f941bb21,3a7b21889224e645efb684bb227c1283931315209f91d7459d76bc77c2ffe0bd,1,-1,music21.key.krumhanslschmuckler,music21.key.aardenessen,same_release_path_plus_note_hash_music21_consensus_v1,53664a7ef3eed4af690568e16a357a2f88698e7f0a05fe854316b884807534da
music21_858.mid,C,858,pop1k7:src_004:858,data/pop1k7_official/Pop1K7/midi_analyzed/src_004/858.mid,aefd515538825af87ed628413a2c8b091f76a641cee562fb424dd4ba5d3acd59,data/pop1k7_official/Pop1K7/midi_synchronized/src_004/858.mid,1ca87ed8da23ddf36951b516671e7c3af5c96e10ac0b5c4d6199632724021d68,17c6dd497c0b0246c6de2a43cd428175a04aee5d24e5df80ecae531b7f548401,0,0,music21.key.krumhanslschmuckler,music21.key.aardenessen,same_release_path_plus_note_hash_music21_consensus_v1,53664a7ef3eed4af690568e16a357a2f88698e7f0a05fe854316b884807534da
music21_859.mid,C,859,pop1k7:src_004:859,data/pop1k7_official/Pop1K7/midi_analyzed/src_004/859.mid,5b2b06b66057fa9e1428cc440488ccd68cbf8e763e4c4ce62a908b9a91d6d36a,data/pop1k7_official/Pop1K7/midi_synchronized/src_004/859.mid,a39448a48f2d74c4a63d0af9a7f85122d31011fe428a3dab52489d5144378d91,eeffc51bd07bbef474419781aa63612e6f3518e4f9e2b020b1f63d60bc8ff81a,0,0,music21.key.krumhanslschmuckler,music21.key.aardenessen,same_release_path_plus_note_hash_music21_consensus_v1,53664a7ef3eed4af690568e16a357a2f88698e7f0a05fe854316b884807534da
music21_861.mid,G,861,pop1k7:src_004:861,data/pop1k7_official/Pop1K7/midi_analyzed/src_004/861.mid,8fc43a406cf53522d04c5afa7dfa95a7bc2edb42f81beaecccc94c49e5336214,data/pop1k7_official/Pop1K7/midi_synchronized/src_004/861.mid,060ca4aa129b4fd5c10dcca02de8e19678ba7612df4e789f6ace0fc125f7485f,aa2b1402986d239c0aa9e255860fa771287ce494fda39c844fda5781a28d0358,7,5,music21.key.krumhanslschmuckler,music21.key.aardenessen,same_release_path_plus_note_hash_music21_consensus_v1,53664a7ef3eed4af690568e16a357a2f88698e7f0a05fe854316b884807534da
music21_862.mid,F#,862,pop1k7:src_004:862,data/pop1k7_official/Pop1K7/midi_analyzed/src_004/862.mid,aece26fd700595a41e1d506b99c86b74dd6bb32c165c2912296a5d60a909491e,data/pop1k7_official/Pop1K7/midi_synchronized/src_004/862.mid,6b398bf87eeeba202890cb3285bebe84b69176ebf866f9778b69468d41d5e906,55241bcf1924f3950901924de6585b94d6db8ce67f7b209162715122335cba55,6,6,music21.key.krumhanslschmuckler,music21.key.aardenessen,same_release_path_plus_note_hash_music21_consensus_v1,53664a7ef3eed4af690568e16a357a2f88698e7f0a05fe854316b884807534da
music21_863.mid,F,863,pop1k7:src_004:863,data/pop1k7_official/Pop1K7/midi_analyzed/src_004/863.mid,bfc16051cf1831f8ddac9acd9db054fd7328ec28936742e67533be402d13ac38,data/pop1k7_official/Pop1K7/midi_synchronized/src_004/863.mid,f4c72f155ad690bbe242eecd4fc7e52bd1f084f8e00f41c4178249b738bc5ffc,7eed851110ab60f6e34e054d7ac728e0a2cb56489f5543d6aeeabd69d7f055b2,5,-5,music21.key.krumhanslschmuckler,music21.key.aardenessen,same_release_path_plus_note_hash_music21_consensus_v1,53664a7ef3eed4af690568e16a357a2f88698e7f0a05fe854316b884807534da
music21_864.mid,E,864,pop1k7:src_004:864,data/pop1k7_official/Pop1K7/midi_analyzed/src_004/864.mid,7fbb42202c6c5d3f5223d87f78698cfcb61fcf64750d3b49a2bba316140d4445,data/pop1k7_official/Pop1K7/midi_synchronized/src_004/864.mid,4ec9ad85ef47d3ea4dc5ac177bd399f1712c150990abe75c93b3552e75405263,17c978ee109d05ff874bfd1b4c9128d062efff7bb398d1a541bc0ee6228595fa,4,-4,music21.key.krumhanslschmuckler,music21.key.aardenessen,same_release_path_plus_note_hash_music21_consensus_v1,53664a7ef3eed4af690568e16a357a2f88698e7f0a05fe854316b884807534da
music21_865.mid,C#,865,pop1k7:src_004:865,data/pop1k7_official/Pop1K7/midi_analyzed/src_004/865.mid,0b808d072755c14a0231479dbcd12809ea6a03c23c02afeaf8fd50243b4a7cd7,data/pop1k7_official/Pop1K7/midi_synchronized/src_004/865.mid,7a43359cb210a9b1b3fd4150a04ac79c42eedd26c8b7034edbad5caf7b94df53,1a045cb295d84be5288fc82557c8e58786cc4ce3793ab22a97d8fab4aeb40b3e,1,-1,music21.key.krumhanslschmuckler,music21.key.aardenessen,same_release_path_plus_note_hash_music21_consensus_v1,53664a7ef3eed4af690568e16a357a2f88698e7f0a05fe854316b884807534da
music21_866.mid,C,866,pop1k7:src_004:866,data/pop1k7_official/Pop1K7/midi_analyzed/src_004/866.mid,04fecdb3526e242fbf0e08f6d345055411f8d4c71ca7af01bcbabb1d6aa46ad1,data/pop1k7_official/Pop1K7/midi_synchronized/src_004/866.mid,8e9fc2bcb734a92f8fe748a1503c3ffbcb784201d65518e7a92ef29098f8d78a,146e775e4fc27eba6165ad907adcc8511b6f41a7b18b2005f7ff53c3be989200,0,0,music21.key.krumhanslschmuckler,music21.key.aardenessen,same_release_path_plus_note_hash_music21_consensus_v1,53664a7ef3eed4af690568e16a357a2f88698e7f0a05fe854316b884807534da
music21_867.mid,Eb,867,pop1k7:src_004:867,data/pop1k7_official/Pop1K7/midi_analyzed/src_004/867.mid,a97b22abb5feebef4de62d4c129630dd504fc0217b4bf0cb32ee51fc9ec9238d,data/pop1k7_official/Pop1K7/midi_synchronized/src_004/867.mid,9bc05770fa60923076c295d4e897a69c28b1ec834df18b276943eb9458181f16,e2ec33aa01f3ddff9581af3d14de0472892f55555c17e20da21e6e4716c88c65,3,-3,music21.key.krumhanslschmuckler,music21.key.aardenessen,same_release_path_plus_note_hash_music21_consensus_v1,53664a7ef3eed4af690568e16a357a2f88698e7f0a05fe854316b884807534da
music21_871.mid,F#,871,pop1k7:src_004:871,data/pop1k7_official/Pop1K7/midi_analyzed/src_004/871.mid,1d18bc86871ddb363987c05ac3d8e94906c0899be33f70613b7ddbb831ece5ea,data/pop1k7_official/Pop1K7/midi_synchronized/src_004/871.mid,1297af54d378b9647a1cac6726c1ac5af63f4c73724ee01b42a2ee6db1764520,7c02b0bf6eddf6e77eea02535da6ae6264373f69737b6ce06ff122d40133cda0,6,6,music21.key.krumhanslschmuckler,music21.key.aardenessen,same_release_path_plus_note_hash_music21_consensus_v1,53664a7ef3eed4af690568e16a357a2f88698e7f0a05fe854316b884807534da
music21_874.mid,G,874,pop1k7:src_004:874,data/pop1k7_official/Pop1K7/midi_analyzed/src_004/874.mid,3ac1f8160559d26d90a8ba49be476154fd6bbb357c9fd19dede762cac03a31b3,data/pop1k7_official/Pop1K7/midi_synchronized/src_004/874.mid,204fe738e2b17ee77f52b0049410e0ee6b6660ed312f575cb48ffb52bc1aaeb7,afe98c2bc12cebe89b1d415a84f7879129e7d685c62b71a0d08736611a03f668,7,5,music21.key.krumhanslschmuckler,music21.key.aardenessen,same_release_path_plus_note_hash_music21_consensus_v1,53664a7ef3eed4af690568e16a357a2f88698e7f0a05fe854316b884807534da
music21_875.mid,G,875,pop1k7:src_004:875,data/pop1k7_official/Pop1K7/midi_analyzed/src_004/875.mid,6db4459646cbd5ffb279ddd9de49ff07b0f3229b06f0f066cbf4d6dcb8be6ba4,data/pop1k7_official/Pop1K7/midi_synchronized/src_004/875.mid,9a2f283fe1d4d023cdb9136f9118b8b2dbb793c99ef38719c422d527a00ac2f5,bb5244dc64a15dce8b2f26eef20ac5f9516fef112d038ed7c5cff638602b7a5a,7,5,music21.key.krumhanslschmuckler,music21.key.aardenessen,same_release_path_plus_note_hash_music21_consensus_v1,53664a7ef3eed4af690568e16a357a2f88698e7f0a05fe854316b884807534da
music21_876.mid,F,876,pop1k7:src_004:876,data/pop1k7_official/Pop1K7/midi_analyzed/src_004/876.mid,4d7a5ee0c59cc1b461f145edbe0d089e66796af0c25863ae38f3a2e6369d3b85,data/pop1k7_official/Pop1K7/midi_synchronized/src_004/876.mid,3e49fc289c3506c4def24af9b0afbf0ca661c6759dcf3bd8088bdb8bf8766879,3538aea2151b520aff054ea54270b1bf24740eb943d99f739e9036a11f58aa7b,5,-5,music21.key.krumhanslschmuckler,music21.key.aardenessen,same_release_path_plus_note_hash_music21_consensus_v1,53664a7ef3eed4af690568e16a357a2f88698e7f0a05fe854316b884807534da
music21_877.mid,C,877,pop1k7:src_004:877,data/pop1k7_official/Pop1K7/midi_analyzed/src_004/877.mid,52f858552d4facc88ade4b0f625d25b922cf3619d5611ba7be23a766a5cc0851,data/pop1k7_official/Pop1K7/midi_synchronized/src_004/877.mid,4055eb6e4e479cf71dfa7b6002aa2c179e7c7558347941f5e8f3f5af92543aa7,e2fb5969d62fee715818c2b11f00e96fae15e81aae23643d072c60d333952a0a,0,0,music21.key.krumhanslschmuckler,music21.key.aardenessen,same_release_path_plus_note_hash_music21_consensus_v1,53664a7ef3eed4af690568e16a357a2f88698e7f0a05fe854316b884807534da
music21_878.mid,E,878,pop1k7:src_004:878,data/pop1k7_official/Pop1K7/midi_analyzed/src_004/878.mid,0c1e98ff7bf74656f62b6b6ab72f3d8dea07dfdf52ae9b2950b35fb2f79fb9eb,data/pop1k7_official/Pop1K7/midi_synchronized/src_004/878.mid,8f0e74d4a8defece24e994df885e2df71115618b7b4d5945d7999374bdd7938c,1342b6bc2c376c3b2e3b6929763dc68e816a76201bb47a052515a634ab3da5e2,4,-4,music21.key.krumhanslschmuckler,music21.key.aardenessen,same_release_path_plus_note_hash_music21_consensus_v1,53664a7ef3eed4af690568e16a357a2f88698e7f0a05fe854316b884807534da
music21_879.mid,F#,879,pop1k7:src_004:879,data/pop1k7_official/Pop1K7/midi_analyzed/src_004/879.mid,c9473aefee602817a623c0eb7d43ce0d2726a217a859e7e11eb9e4ad3f3913c2,data/pop1k7_official/Pop1K7/midi_synchronized/src_004/879.mid,1114469cbd5951c0b4e7e80e4c97454fad369d683a7c52ce1e3884c699fa1f3a,0abe01adba7ef3ec4023abfe3f2bc16a7710a990339aa7be399c40d67bbf2581,6,6,music21.key.krumhanslschmuckler,music21.key.aardenessen,same_release_path_plus_note_hash_music21_consensus_v1,53664a7ef3eed4af690568e16a357a2f88698e7f0a05fe854316b884807534da
music21_882.mid,D,882,pop1k7:src_004:882,data/pop1k7_official/Pop1K7/midi_analyzed/src_004/882.mid,779ecbf4da9382c93ae3fa17ca36b062b32224023f39131523f5e86fe09d2323,data/pop1k7_official/Pop1K7/midi_synchronized/src_004/882.mid,0b09f84cc5740d250cc6e438acdd691dc98b0d50c5159da6f9c7b9c103773615,7ddc94e69c4236ed0b1e8f0548cada6788061d1b727860c9863e9cf04743efdb,2,-2,music21.key.krumhanslschmuckler,music21.key.aardenessen,same_release_path_plus_note_hash_music21_consensus_v1,53664a7ef3eed4af690568e16a357a2f88698e7f0a05fe854316b884807534da
music21_883.mid,d,883,pop1k7:src_004:883,data/pop1k7_official/Pop1K7/midi_analyzed/src_004/883.mid,e7b3b48cae2ee0bb312245cf420792ce0108906e44e1176b2a07442d6a171cef,data/pop1k7_official/Pop1K7/midi_synchronized/src_004/883.mid,4f22b2b549baee3987c38ad966b138595498e6617b5af3c5d5fb3350b9d1bf47,888bc8a0aaf28b7440f48502d584763bfeaa33681f486d92cdf3b7e45e18fb38,5,-5,music21.key.krumhanslschmuckler,music21.key.aardenessen,same_release_path_plus_note_hash_music21_consensus_v1,53664a7ef3eed4af690568e16a357a2f88698e7f0a05fe854316b884807534da
music21_889.mid,F,889,pop1k7:src_004:889,data/pop1k7_official/Pop1K7/midi_analyzed/src_004/889.mid,c4728e07eef17c0bd8aaf5286fac47ae3ba48ab2cfd363050653cc5ca7593638,data/pop1k7_official/Pop1K7/midi_synchronized/src_004/889.mid,a879266a8525b086f624462802b47151b6aa64df9dfc603d0ccd2c8546a88cee,b3f9b501cdb86c85cdd911cb60673140ad05e9c29643c1b446e630319ddb70ac,5,-5,music21.key.krumhanslschmuckler,music21.key.aardenessen,same_release_path_plus_note_hash_music21_consensus_v1,53664a7ef3eed4af690568e16a357a2f88698e7f0a05fe854316b884807534da
music21_890.mid,C,890,pop1k7:src_004:890,data/pop1k7_official/Pop1K7/midi_analyzed/src_004/890.mid,399ddfd54f6c47884d1bd15aa5c81269f02510bbc30aa682476539193edf4b13,data/pop1k7_official/Pop1K7/midi_synchronized/src_004/890.mid,5eb220a205c1798ab2029ad950a39c98962e108b1156036446e8965283c301b8,240016f150cb3e2451f471bb7cdcdf209631527de1ab878c09a79b9e3f705e77,0,0,music21.key.krumhanslschmuckler,music21.key.aardenessen,same_release_path_plus_note_hash_music21_consensus_v1,53664a7ef3eed4af690568e16a357a2f88698e7f0a05fe854316b884807534da
music21_891.mid,eb,891,pop1k7:src_004:891,data/pop1k7_official/Pop1K7/midi_analyzed/src_004/891.mid,3d9eeebef9a0ae82989102da6496dbd896bacbceea564466ae9bbd13388f02d8,data/pop1k7_official/Pop1K7/midi_synchronized/src_004/891.mid,75bc3f6668539731265196cd429cb83bda8d1d98dfcd5e8fef79b6fd6a59f280,5b414e9f5a241279acd76ae8be6e855aaeafad5ae9b5d70a75cd7a837c6e9061,6,6,music21.key.krumhanslschmuckler,music21.key.aardenessen,same_release_path_plus_note_hash_music21_consensus_v1,53664a7ef3eed4af690568e16a357a2f88698e7f0a05fe854316b884807534da
music21_892.mid,E,892,pop1k7:src_004:892,data/pop1k7_official/Pop1K7/midi_analyzed/src_004/892.mid,36b743e89323976b43a88cb0bbe76fd066db6fc8b8cf4c3ce0f0e78af5c8bf22,data/pop1k7_official/Pop1K7/midi_synchronized/src_004/892.mid,52a2a1c1e15c1c49c150415f6423b761d549ff7e537e0d5d7df5a68eeb0a0408,a03a02f3c21003af1765be30cff2f699efc623b745a1450bd00b723b0c4aaebb,4,-4,music21.key.krumhanslschmuckler,music21.key.aardenessen,same_release_path_plus_note_hash_music21_consensus_v1,53664a7ef3eed4af690568e16a357a2f88698e7f0a05fe854316b884807534da
music21_895.mid,G,895,pop1k7:src_004:895,data/pop1k7_official/Pop1K7/midi_analyzed/src_004/895.mid,d079f593f0b83558fbc6442bbf57bb11601cef1801cd427531338f50592f9547,data/pop1k7_official/Pop1K7/midi_synchronized/src_004/895.mid,885c4676130481b6c14274afc1b4c816f17fba5cac1f24f07afc8b482a28fac0,1d6d889e90a07ff0f86a5602e946ef23bf6c0376f30090a86928a60c15b2163e,7,5,music21.key.krumhanslschmuckler,music21.key.aardenessen,same_release_path_plus_note_hash_music21_consensus_v1,53664a7ef3eed4af690568e16a357a2f88698e7f0a05fe854316b884807534da
music21_896.mid,D,896,pop1k7:src_004:896,data/pop1k7_official/Pop1K7/midi_analyzed/src_004/896.mid,e55e7bbfd76f0aa4534b80e3da1a07d9cc2709486e2c63b09987f681bc695543,data/pop1k7_official/Pop1K7/midi_synchronized/src_004/896.mid,2e6cdd50aacee626934697645c882cff430d881eb81bef0cbee8c1b7b8dd8729,f942e7c0bfe9fd72433bc4682c499af4e75ef1d6cc7dea9c2429d732ca908155,2,-2,music21.key.krumhanslschmuckler,music21.key.aardenessen,same_release_path_plus_note_hash_music21_consensus_v1,53664a7ef3eed4af690568e16a357a2f88698e7f0a05fe854316b884807534da
music21_901.mid,F,901,pop1k7:src_004:901,data/pop1k7_official/Pop1K7/midi_analyzed/src_004/901.mid,65e126864fc95c3ca98a58aacf37ca5fa2d34bba0e69e6063ad3bbe96161eae4,data/pop1k7_official/Pop1K7/midi_synchronized/src_004/901.mid,b76b135e05fb48d4da6e24339f5f3833dfee798d9dbaf00574091e8382112a76,05f586562f751922a189d12b9f95d5f9e730b5edbfb6e6334035ff86fa292d41,5,-5,music21.key.krumhanslschmuckler,music21.key.aardenessen,same_release_path_plus_note_hash_music21_consensus_v1,53664a7ef3eed4af690568e16a357a2f88698e7f0a05fe854316b884807534da
music21_902.mid,a,902,pop1k7:src_004:902,data/pop1k7_official/Pop1K7/midi_analyzed/src_004/902.mid,96f7b844293920c56e168469330fe243bc2d2934e7674ecbb73e778c859dacf7,data/pop1k7_official/Pop1K7/midi_synchronized/src_004/902.mid,2ace246324983982a48d79087ff1838573d354f4f502e3f6d8e99f1f15d621d9,8bd3d209a140f7e5782f94ebb25c6b56eaaaba446db139f201905fa9a7cff010,0,0,music21.key.krumhanslschmuckler,music21.key.aardenessen,same_release_path_plus_note_hash_music21_consensus_v1,53664a7ef3eed4af690568e16a357a2f88698e7f0a05fe854316b884807534da
music21_903.mid,C,903,pop1k7:src_004:903,data/pop1k7_official/Pop1K7/midi_analyzed/src_004/903.mid,5b3999c5b679113dd3a83cae64448ea35eb81f570934cb7b0e43d36bec3e5604,data/pop1k7_official/Pop1K7/midi_synchronized/src_004/903.mid,21eda08f740144903c1e533306279be9a1e0d6de9562b3fb112f0997d213e1fe,c1f2b9f226b18efddcf4ce21984a38341ace00f8f494b2afa4eee5a4f61e1a54,0,0,music21.key.krumhanslschmuckler,music21.key.aardenessen,same_release_path_plus_note_hash_music21_consensus_v1,53664a7ef3eed4af690568e16a357a2f88698e7f0a05fe854316b884807534da
music21_904.mid,c,904,pop1k7:src_004:904,data/pop1k7_official/Pop1K7/midi_analyzed/src_004/904.mid,db675183e1dc4c5d039bf8c6e9f49683a565029615c48d64b6686699017e95c1,data/pop1k7_official/Pop1K7/midi_synchronized/src_004/904.mid,3ab4a3d2e002638ddabded2fae11d0c62ab9b298b9fe52a40973c9b3d917f8ff,4438775cf0e9f866591ae726da3ed961ae1ab3e2ca5666dcbe7a85ec768ced8f,3,-3,music21.key.krumhanslschmuckler,music21.key.aardenessen,same_release_path_plus_note_hash_music21_consensus_v1,53664a7ef3eed4af690568e16a357a2f88698e7f0a05fe854316b884807534da
music21_905.mid,F,905,pop1k7:src_004:905,data/pop1k7_official/Pop1K7/midi_analyzed/src_004/905.mid,c0ec81bda75a809d2fd096053aeb0928341024c9e4ecf9dd5b25e1b3b25a2abe,data/pop1k7_official/Pop1K7/midi_synchronized/src_004/905.mid,1119f0afa228a71a40d721873f5e4ac75ec1bae8fcff61a33833ffd6cb389298,fdf885e67c5bf5320e42ebfbbd00af4dd03a43a62ce1338844b83a669a805bc8,5,-5,music21.key.krumhanslschmuckler,music21.key.aardenessen,same_release_path_plus_note_hash_music21_consensus_v1,53664a7ef3eed4af690568e16a357a2f88698e7f0a05fe854316b884807534da
music21_906.mid,C,906,pop1k7:src_004:906,data/pop1k7_official/Pop1K7/midi_analyzed/src_004/906.mid,8087422204a9370636e82d5837b4349967ef08f4237deb7a74391f3e6d9e75ba,data/pop1k7_official/Pop1K7/midi_synchronized/src_004/906.mid,a2fc6408f3c28996730f7c141047df404c76408c7172dc701240fdcde4e451cb,06bc42c113dd2650cad164580c107f84cb07c607501cda920d66ddb9d3da3017,0,0,music21.key.krumhanslschmuckler,music21.key.aardenessen,same_release_path_plus_note_hash_music21_consensus_v1,53664a7ef3eed4af690568e16a357a2f88698e7f0a05fe854316b884807534da
music21_907.mid,Eb,907,pop1k7:src_004:907,data/pop1k7_official/Pop1K7/midi_analyzed/src_004/907.mid,8e70eeaa998148ca3a1ea51e44059329d5bc0bf8a4c4d2ca3d8a32cdf2625585,data/pop1k7_official/Pop1K7/midi_synchronized/src_004/907.mid,a190c50a58f8b052c669249f3775ebb627d61901fe813abb42625f53b2ca7d6f,c0e199f7d2cede9333d27a35bb2a90d0f2a4f87d2e77c8f8fcf351599f776a3b,3,-3,music21.key.krumhanslschmuckler,music21.key.aardenessen,same_release_path_plus_note_hash_music21_consensus_v1,53664a7ef3eed4af690568e16a357a2f88698e7f0a05fe854316b884807534da
music21_909.mid,B,909,pop1k7:src_004:909,data/pop1k7_official/Pop1K7/midi_analyzed/src_004/909.mid,6bdf7f16f4293191c745de0a7f9ec6182e912ef697e1da42543e188efec991e7,data/pop1k7_official/Pop1K7/midi_synchronized/src_004/909.mid,0eb47423ca63922180ca088d232ed2994395ff97077c784aecec2a0a82087cb3,cb6a6855e49a55997e7171d9e15939dc702412df8446fe7f544b89a7936e9204,11,1,music21.key.krumhanslschmuckler,music21.key.aardenessen,same_release_path_plus_note_hash_music21_consensus_v1,53664a7ef3eed4af690568e16a357a2f88698e7f0a05fe854316b884807534da
music21_910.mid,e,910,pop1k7:src_004:910,data/pop1k7_official/Pop1K7/midi_analyzed/src_004/910.mid,5137e66ac2321666a7204e5c69577b920dcd700ce32a5dc560105453065b0a3a,data/pop1k7_official/Pop1K7/midi_synchronized/src_004/910.mid,435701352e73c675ded90ec7f0c84884e0ddc51c4b9aefc0d711da635c2d4b9a,2ed67bdd0a2690850a00ac6f4dc4ee15f03ded61cbae6bc78c64d5bd3b42f541,7,5,music21.key.krumhanslschmuckler,music21.key.aardenessen,same_release_path_plus_note_hash_music21_consensus_v1,53664a7ef3eed4af690568e16a357a2f88698e7f0a05fe854316b884807534da
music21_911.mid,G,911,pop1k7:src_004:911,data/pop1k7_official/Pop1K7/midi_analyzed/src_004/911.mid,f027c43602265454ce123a0f4942ac172f8b074049ba7cbb0fc814bc871c7dea,data/pop1k7_official/Pop1K7/midi_synchronized/src_004/911.mid,d434e9246840a8132317b1d213176d73982be789eb8f7823ea0ca8ee55a07216,5e556f5403e8494159eee93011c60a39e9e2ed0c49eeb3d6f81b25d37b834fbb,7,5,music21.key.krumhanslschmuckler,music21.key.aardenessen,same_release_path_plus_note_hash_music21_consensus_v1,53664a7ef3eed4af690568e16a357a2f88698e7f0a05fe854316b884807534da
music21_912.mid,Bb,912,pop1k7:src_004:912,data/pop1k7_official/Pop1K7/midi_analyzed/src_004/912.mid,f13591292726d1d1b8fbe77a44e114f9cea89d6a9b4b27a72bcdb30d4ddebedc,data/pop1k7_official/Pop1K7/midi_synchronized/src_004/912.mid,6a78023ba827c3b267481879f401f416837c803c1edf16dd7ce6a40c993ff97c,4cd440e12028da9f85bcb90102023eeba6fa32aca603d82206226acefdb028ec,10,2,music21.key.krumhanslschmuckler,music21.key.aardenessen,same_release_path_plus_note_hash_music21_consensus_v1,53664a7ef3eed4af690568e16a357a2f88698e7f0a05fe854316b884807534da
music21_913.mid,F,913,pop1k7:src_004:913,data/pop1k7_official/Pop1K7/midi_analyzed/src_004/913.mid,a426a16e866c94d78fa613e00fd7a3cc134cf63d8d191670b7d6768ef47f6788,data/pop1k7_official/Pop1K7/midi_synchronized/src_004/913.mid,0e1381348854a1376a3c5511dc77bbfe275cdd9eaa031e0163ddb3365e495b16,33b283128cd16ffb9c872d586baf0d79237963ab1bab30a579990b8324e93167,5,-5,music21.key.krumhanslschmuckler,music21.key.aardenessen,same_release_path_plus_note_hash_music21_consensus_v1,53664a7ef3eed4af690568e16a357a2f88698e7f0a05fe854316b884807534da
music21_915.mid,d,915,pop1k7:src_004:915,data/pop1k7_official/Pop1K7/midi_analyzed/src_004/915.mid,dc6669e8c9d31b7ecdb3ca2aec48ea9ce4cddd7ef795428cfc2fbc1da7929de3,data/pop1k7_official/Pop1K7/midi_synchronized/src_004/915.mid,60c3279213b27ffe3cf7d9b678a991ad0ada136cd01f18f276377a36c9007c60,16cfab7145082c37ecbb2c50e65e11b6f941d63c58e725b63dc4362d19b08b2a,5,-5,music21.key.krumhanslschmuckler,music21.key.aardenessen,same_release_path_plus_note_hash_music21_consensus_v1,53664a7ef3eed4af690568e16a357a2f88698e7f0a05fe854316b884807534da
music21_916.mid,C,916,pop1k7:src_004:916,data/pop1k7_official/Pop1K7/midi_analyzed/src_004/916.mid,b67ed070a0a3a7fc2edf8f7d7ab1ed40fc964f04fa9cbd293c124f8ec176d16f,data/pop1k7_official/Pop1K7/midi_synchronized/src_004/916.mid,bc981f069dd27268efe9a8a195a10de84b60e5625ccfc6ac02d2bf8120939680,0880531fad3ace6957b587e78a59e79293853dc644b555152582dac70970f9d2,0,0,music21.key.krumhanslschmuckler,music21.key.aardenessen,same_release_path_plus_note_hash_music21_consensus_v1,53664a7ef3eed4af690568e16a357a2f88698e7f0a05fe854316b884807534da
music21_917.mid,C#,917,pop1k7:src_004:917,data/pop1k7_official/Pop1K7/midi_analyzed/src_004/917.mid,6015551d912687bf8efd89d83ea5f548e7e7b4f33205e1caf4cbb08ad0cc3e42,data/pop1k7_official/Pop1K7/midi_synchronized/src_004/917.mid,f3d56b477683963a9d977d4326f2390d1ff9a24c2b578f82592c180ea0679855,9cd65e157b7cdad2a8abddb52e87c0dfb700e38e8bf0fd1e652e19c410798b89,1,-1,music21.key.krumhanslschmuckler,music21.key.aardenessen,same_release_path_plus_note_hash_music21_consensus_v1,53664a7ef3eed4af690568e16a357a2f88698e7f0a05fe854316b884807534da
music21_918.mid,G,918,pop1k7:src_004:918,data/pop1k7_official/Pop1K7/midi_analyzed/src_004/918.mid,000ad3b9ce630451710591d8a9337612c572a1037ddfac7f0de1da2486536472,data/pop1k7_official/Pop1K7/midi_synchronized/src_004/918.mid,871bf3c3e0586d8b9b786f3a4d4d11d9922c247f5ff39a5ea0b96504b07d5a81,3d0d66b695b65507ac4975cdc2b5e261e2e3d0608c88a598937ecd75d08d2b77,7,5,music21.key.krumhanslschmuckler,music21.key.aardenessen,same_release_path_plus_note_hash_music21_consensus_v1,53664a7ef3eed4af690568e16a357a2f88698e7f0a05fe854316b884807534da
music21_920.mid,D,920,pop1k7:src_004:920,data/pop1k7_official/Pop1K7/midi_analyzed/src_004/920.mid,b551f5a751edca4d260bb1e5c1321ef3b14739e5fd6667a3c25f6d2dc2ad70f8,data/pop1k7_official/Pop1K7/midi_synchronized/src_004/920.mid,356bc2668c7242794e473f238cb042a077500a32d01c9c0be0495db457a02077,54c48c2d7a9f5a0ddb3121b28486e7534e2ab597ec79a4f7c086b994401f63f2,2,-2,music21.key.krumhanslschmuckler,music21.key.aardenessen,same_release_path_plus_note_hash_music21_consensus_v1,53664a7ef3eed4af690568e16a357a2f88698e7f0a05fe854316b884807534da
music21_921.mid,a,921,pop1k7:src_004:921,data/pop1k7_official/Pop1K7/midi_analyzed/src_004/921.mid,2e6ed1767b9c6ca525878384f8e5a1fb9f5ab57a47fd5ee5d0091ffb647ee2d5,data/pop1k7_official/Pop1K7/midi_synchronized/src_004/921.mid,cee6569436f88210fe04d43456dc118d4d1677acf7041df1078e702a4f7c09f2,1a224adf11fa9bc06fac88113b08b058ed44ba81be33d3b2bb968eac9b1a7a56,0,0,music21.key.krumhanslschmuckler,music21.key.aardenessen,same_release_path_plus_note_hash_music21_consensus_v1,53664a7ef3eed4af690568e16a357a2f88698e7f0a05fe854316b884807534da
music21_922.mid,G,922,pop1k7:src_004:922,data/pop1k7_official/Pop1K7/midi_analyzed/src_004/922.mid,8d5a210fb67e17009e2f4a39b8574a53a62dbcc135de0070c463ce058faa7e95,data/pop1k7_official/Pop1K7/midi_synchronized/src_004/922.mid,b45bae7fdca6dbf77ec1815624a90d589ffe3a1f06b4687965f41ca05115335d,d706bbc5b221c96062c904d1acf98f40adbdb5632bf9525ad76177b2e913f471,7,5,music21.key.krumhanslschmuckler,music21.key.aardenessen,same_release_path_plus_note_hash_music21_consensus_v1,53664a7ef3eed4af690568e16a357a2f88698e7f0a05fe854316b884807534da
music21_923.mid,C,923,pop1k7:src_004:923,data/pop1k7_official/Pop1K7/midi_analyzed/src_004/923.mid,0c6e2f3ceb4d5fcf3cef2b59e5aa615b842f0baa98a32afdd94b35ff89749383,data/pop1k7_official/Pop1K7/midi_synchronized/src_004/923.mid,4aa6f00e9745fbaa53d86abbbb9d521deae5a87dddcf543751910d7131fa7d63,803a5fa4194cbc6e3ef912bd00b1f541105cf174f4bed41ba25e3786a53ffa00,0,0,music21.key.krumhanslschmuckler,music21.key.aardenessen,same_release_path_plus_note_hash_music21_consensus_v1,53664a7ef3eed4af690568e16a357a2f88698e7f0a05fe854316b884807534da
music21_924.mid,B,924,pop1k7:src_004:924,data/pop1k7_official/Pop1K7/midi_analyzed/src_004/924.mid,5add4b5f3c24c2d97bcd5d37ed24b22da0fee9f663f4835a93f5a2a5cb49e415,data/pop1k7_official/Pop1K7/midi_synchronized/src_004/924.mid,f3e372832754258b5a72e0489c42361f1d103cf30c8091272ce367da909a491a,87c348b816301b87e168a5c8a07639fef0c235b2f45329d6cdf009a310e68af9,11,1,music21.key.krumhanslschmuckler,music21.key.aardenessen,same_release_path_plus_note_hash_music21_consensus_v1,53664a7ef3eed4af690568e16a357a2f88698e7f0a05fe854316b884807534da
music21_925.mid,E,925,pop1k7:src_004:925,data/pop1k7_official/Pop1K7/midi_analyzed/src_004/925.mid,d604bc4ad976d6bf7ece03621448e26efc3eb757acf25b095dc97347b12bd7e5,data/pop1k7_official/Pop1K7/midi_synchronized/src_004/925.mid,3e752c1326c32e944c74861b7f9e54294bdab2a659d60170fa71b4aa26479523,f6c5e69011c4160cb9785995b60b2c071c87a18dc3a888c8c8f49a083aba0451,4,-4,music21.key.krumhanslschmuckler,music21.key.aardenessen,same_release_path_plus_note_hash_music21_consensus_v1,53664a7ef3eed4af690568e16a357a2f88698e7f0a05fe854316b884807534da
music21_926.mid,A,926,pop1k7:src_004:926,data/pop1k7_official/Pop1K7/midi_analyzed/src_004/926.mid,617c673d74b7ad284abdb2eb2d300294c1962c6e318c34046511214633eb8ead,data/pop1k7_official/Pop1K7/midi_synchronized/src_004/926.mid,3cf82665a77d6893ba487d67a04c59b432ff4f8827b6a3556c48c40a5dd60dfa,f625efebc8a366d5119155b24ffd1bfcd963e804db723d30b2bff3e6ca4ab0b4,9,3,music21.key.krumhanslschmuckler,music21.key.aardenessen,same_release_path_plus_note_hash_music21_consensus_v1,53664a7ef3eed4af690568e16a357a2f88698e7f0a05fe854316b884807534da
music21_928.mid,D,928,pop1k7:src_004:928,data/pop1k7_official/Pop1K7/midi_analyzed/src_004/928.mid,fa2e5260cf5b11853c9a66e975dd2878b9600fb3a5fd5ad197f4b8b4b531ea84,data/pop1k7_official/Pop1K7/midi_synchronized/src_004/928.mid,77d0c128de29909e7c5f9fd2aba82fd6aa527238f4760a06247e5f2da3e51c61,aa7733b2e8f717374604ec08b46e51aa25acc871334a5b79856d6032b293f8c3,2,-2,music21.key.krumhanslschmuckler,music21.key.aardenessen,same_release_path_plus_note_hash_music21_consensus_v1,53664a7ef3eed4af690568e16a357a2f88698e7f0a05fe854316b884807534da
music21_930.mid,F,930,pop1k7:src_004:930,data/pop1k7_official/Pop1K7/midi_analyzed/src_004/930.mid,19ec7ef1203e7c7c1f6cb7385f067330838fad568be12a00e6e75bcf013ce315,data/pop1k7_official/Pop1K7/midi_synchronized/src_004/930.mid,ff0b645b021f51b30131930cf7af976f27cf6db97634d6ba70d22ae4fe3db6e9,aa636ac40478d1c1534923a48aab90523874eef677591294fa57272c3438685d,5,-5,music21.key.krumhanslschmuckler,music21.key.aardenessen,same_release_path_plus_note_hash_music21_consensus_v1,53664a7ef3eed4af690568e16a357a2f88698e7f0a05fe854316b884807534da
music21_931.mid,b,931,pop1k7:src_004:931,data/pop1k7_official/Pop1K7/midi_analyzed/src_004/931.mid,6ac63d6a75da135fcb9d28c6c5c7e2372869710b144f905e2e421eaf93d84f11,data/pop1k7_official/Pop1K7/midi_synchronized/src_004/931.mid,45fe621cfe8ac38171c0f5a34cadf51df2163761cfa849fb4ee9c4c054293c97,90bfaa9fdcef749a21a0bdb644ae3dffede13dd60afc200a53d1521c2f65cde8,2,-2,music21.key.krumhanslschmuckler,music21.key.aardenessen,same_release_path_plus_note_hash_music21_consensus_v1,53664a7ef3eed4af690568e16a357a2f88698e7f0a05fe854316b884807534da
music21_935.mid,g,935,pop1k7:src_004:935,data/pop1k7_official/Pop1K7/midi_analyzed/src_004/935.mid,b50f1609014ec792f35cc467576adbd63587b2021e8dea077f3bc37d93512f9c,data/pop1k7_official/Pop1K7/midi_synchronized/src_004/935.mid,7ee065167895a1c53f96b185920490b67cc546dee881d4272d5be06dd441a188,806a1df06c796a12f809de220efd5376cdc9088a18c6e5875804e637010e1c20,10,2,music21.key.krumhanslschmuckler,music21.key.aardenessen,same_release_path_plus_note_hash_music21_consensus_v1,53664a7ef3eed4af690568e16a357a2f88698e7f0a05fe854316b884807534da
music21_936.mid,D,936,pop1k7:src_004:936,data/pop1k7_official/Pop1K7/midi_analyzed/src_004/936.mid,0967ac8a7a985a5bcc1c6c39a6563cb64810eb6149099bbd76286e6e4e23e692,data/pop1k7_official/Pop1K7/midi_synchronized/src_004/936.mid,4fc8366a1c9858a066fd031095bf87bd68bc9bde8609cbd5d72faab3563d48a1,1a40ecccf3f24673d524a6f8484f5c577ae69d42c40fcd209252c31c4f2f4c71,2,-2,music21.key.krumhanslschmuckler,music21.key.aardenessen,same_release_path_plus_note_hash_music21_consensus_v1,53664a7ef3eed4af690568e16a357a2f88698e7f0a05fe854316b884807534da
music21_937.mid,G,937,pop1k7:src_004:937,data/pop1k7_official/Pop1K7/midi_analyzed/src_004/937.mid,edd6817f176a159e49bd749213aecba193de064fc093a2a4147e1eb89cf2c2c4,data/pop1k7_official/Pop1K7/midi_synchronized/src_004/937.mid,24522742ed524f458182904e2947a5689a53754761fd8b603deba02b367eab77,af85ee09e0c8e456977f7bb5093174012b7693175844bc5f1bfa538f8e739534,7,5,music21.key.krumhanslschmuckler,music21.key.aardenessen,same_release_path_plus_note_hash_music21_consensus_v1,53664a7ef3eed4af690568e16a357a2f88698e7f0a05fe854316b884807534da
music21_938.mid,F#,938,pop1k7:src_004:938,data/pop1k7_official/Pop1K7/midi_analyzed/src_004/938.mid,4b3b84103336d6fe3a19177c6cce7b596f6f074e51876a44b843bd83d3feacde,data/pop1k7_official/Pop1K7/midi_synchronized/src_004/938.mid,d9033fb25c3aeb7412f3e2aaeeba9fa291ac91b627653d9b9cda421be4857d66,d8ca9e66d17e86344069ad8c3fd73a15adeb2addbdbb978dfb868c488712a0bd,6,6,music21.key.krumhanslschmuckler,music21.key.aardenessen,same_release_path_plus_note_hash_music21_consensus_v1,53664a7ef3eed4af690568e16a357a2f88698e7f0a05fe854316b884807534da
music21_939.mid,C,939,pop1k7:src_004:939,data/pop1k7_official/Pop1K7/midi_analyzed/src_004/939.mid,afafb95dc89ad464cfba62fbefc25b5397885d0bf9aacb36c6d0625a8db40a8d,data/pop1k7_official/Pop1K7/midi_synchronized/src_004/939.mid,76c456e7bd365872244201eaea1e74d2353bc50c2962186fa1a814bb774089a4,0047be4bf2fb0dcbc9b440bebd69ac3489ec7f1852d226ec7e05e3d02609e53e,0,0,music21.key.krumhanslschmuckler,music21.key.aardenessen,same_release_path_plus_note_hash_music21_consensus_v1,53664a7ef3eed4af690568e16a357a2f88698e7f0a05fe854316b884807534da
music21_940.mid,Bb,940,pop1k7:src_004:940,data/pop1k7_official/Pop1K7/midi_analyzed/src_004/940.mid,4bd6dfcee72d295afe054eb44c1b79834c2d1cd7766afe439889b1a785fecc0a,data/pop1k7_official/Pop1K7/midi_synchronized/src_004/940.mid,437c5afff2b568089f1b440195a0aba3d3fd6ccfd90284d01ec9f2258ab5137d,07b0f55715b754f4d6e5e3f4b56679e827c22f008bca60d451049c13528976a2,10,2,music21.key.krumhanslschmuckler,music21.key.aardenessen,same_release_path_plus_note_hash_music21_consensus_v1,53664a7ef3eed4af690568e16a357a2f88698e7f0a05fe854316b884807534da
music21_941.mid,C,941,pop1k7:src_004:941,data/pop1k7_official/Pop1K7/midi_analyzed/src_004/941.mid,eb9a5bb3cdd94337d92bcbda2eb03911a64b4f0d8f6ef46e5fd1db4bd16cb08d,data/pop1k7_official/Pop1K7/midi_synchronized/src_004/941.mid,0ef677234061ded4ba493a01795ee5a0a37433f41613057e282074f874e3f07d,abc8592e72d2e26a782c31310d889c1b8eda25f56b2574a88645a817eda67db9,0,0,music21.key.krumhanslschmuckler,music21.key.aardenessen,same_release_path_plus_note_hash_music21_consensus_v1,53664a7ef3eed4af690568e16a357a2f88698e7f0a05fe854316b884807534da
music21_942.mid,G,942,pop1k7:src_004:942,data/pop1k7_official/Pop1K7/midi_analyzed/src_004/942.mid,d9a96b47109adf170a529442756e207b187a8e35c1cf8a9c3273929ff2c4544d,data/pop1k7_official/Pop1K7/midi_synchronized/src_004/942.mid,d2bc124169f19e58abce29fef75a5db8ad2e528ea158065fe5f8c6a12535e148,30540e85c6fc80145a17cd87d3ef8ba0a426cec3cf72183b0cd05737ad9df83b,7,5,music21.key.krumhanslschmuckler,music21.key.aardenessen,same_release_path_plus_note_hash_music21_consensus_v1,53664a7ef3eed4af690568e16a357a2f88698e7f0a05fe854316b884807534da
music21_944.mid,Ab,944,pop1k7:src_004:944,data/pop1k7_official/Pop1K7/midi_analyzed/src_004/944.mid,62e16894bec02e70b44fe2912ecbf6c03ae7a952a0b5b03fc91894579cc32320,data/pop1k7_official/Pop1K7/midi_synchronized/src_004/944.mid,4fa6b9f9d2506e549452ca615ba167cb2c8c80deacfb412b3878a0a617df3497,5f7bab8e9f1c11d4f34001f54cc1363f487679175442a63d77808c301bee85ba,8,4,music21.key.krumhanslschmuckler,music21.key.aardenessen,same_release_path_plus_note_hash_music21_consensus_v1,53664a7ef3eed4af690568e16a357a2f88698e7f0a05fe854316b884807534da
music21_946.mid,Ab,946,pop1k7:src_004:946,data/pop1k7_official/Pop1K7/midi_analyzed/src_004/946.mid,046212938ef587ec38446ad691fb72af16bb61a98930679c727d76acbfa7992e,data/pop1k7_official/Pop1K7/midi_synchronized/src_004/946.mid,0dcefaddb0cc9214013666c1b457a6a802a6a0ac8828d72281c03403c789c00e,7064fcd5c08580d45a42b1a18f90fa21580bfd347f5ac59cdb7562f2daafaaef,8,4,music21.key.krumhanslschmuckler,music21.key.aardenessen,same_release_path_plus_note_hash_music21_consensus_v1,53664a7ef3eed4af690568e16a357a2f88698e7f0a05fe854316b884807534da
music21_947.mid,C#,947,pop1k7:src_004:947,data/pop1k7_official/Pop1K7/midi_analyzed/src_004/947.mid,bdc469345b2bf39bf744ec221053480d6ae1639f8b3b1df8244533f3903f55e2,data/pop1k7_official/Pop1K7/midi_synchronized/src_004/947.mid,3f4a539e656565db6b2289b076d2aa95cdc37f1d0f2d3b5003da7dcd3e1d0573,00c11525d319a34f9afa2c3f4c471d23cfa923957af8cc0a458f500d52874e69,1,-1,music21.key.krumhanslschmuckler,music21.key.aardenessen,same_release_path_plus_note_hash_music21_consensus_v1,53664a7ef3eed4af690568e16a357a2f88698e7f0a05fe854316b884807534da
music21_948.mid,E,948,pop1k7:src_004:948,data/pop1k7_official/Pop1K7/midi_analyzed/src_004/948.mid,eb8b1067ce14d626cbdc48e3384c36b7e62c5d8aa60e134360e7b389c52a8475,data/pop1k7_official/Pop1K7/midi_synchronized/src_004/948.mid,05dd8f731631436f5b4e157f456b015457484e65cc0675834f5f201054ec50ed,e320a43b09da47d6853e11926b0832a79d941e08b9148df39e351d5fc503c425,4,-4,music21.key.krumhanslschmuckler,music21.key.aardenessen,same_release_path_plus_note_hash_music21_consensus_v1,53664a7ef3eed4af690568e16a357a2f88698e7f0a05fe854316b884807534da
music21_950.mid,d,950,pop1k7:src_004:950,data/pop1k7_official/Pop1K7/midi_analyzed/src_004/950.mid,2cb189e4c6794a2c8b8843551aa27db842bd5a4acb72c3024cc11e164560fc05,data/pop1k7_official/Pop1K7/midi_synchronized/src_004/950.mid,5ec5628dcfdb23c15757345f59a5efb6cd2cf4bc2d1f296110b83dd39a5620e1,93b1a9ead1f9c8b95a2f786957ee5ca65792e51447508588b2a44efd6ed4827c,5,-5,music21.key.krumhanslschmuckler,music21.key.aardenessen,same_release_path_plus_note_hash_music21_consensus_v1,53664a7ef3eed4af690568e16a357a2f88698e7f0a05fe854316b884807534da
music21_951.mid,G,951,pop1k7:src_004:951,data/pop1k7_official/Pop1K7/midi_analyzed/src_004/951.mid,a40f75ba2bebb79bc2ea88c0589e5e595ef4403b71a3ecb06e2bdb7db570666e,data/pop1k7_official/Pop1K7/midi_synchronized/src_004/951.mid,c92e0cd4b780653f89cba9d73db1e4d0f7795de4f951503b36a562edde08a119,1acd91a179194aaeefc519e9d76d7b84f9d853fe432bf330d4c202110ae5db44,7,5,music21.key.krumhanslschmuckler,music21.key.aardenessen,same_release_path_plus_note_hash_music21_consensus_v1,53664a7ef3eed4af690568e16a357a2f88698e7f0a05fe854316b884807534da
music21_952.mid,C,952,pop1k7:src_004:952,data/pop1k7_official/Pop1K7/midi_analyzed/src_004/952.mid,26dc4f8b5276ecabdbd3b20061308a6644e8e849dd80f0011d2f01d7e7813a9d,data/pop1k7_official/Pop1K7/midi_synchronized/src_004/952.mid,c1b377ebee5ce32a22a43c23b6b6046f503c67338f674817d1ab53a7e9d19f1d,1ae3e512c024ab67bbb9c51e351a2e508f2d8daa074324e5b418b343329046d5,0,0,music21.key.krumhanslschmuckler,music21.key.aardenessen,same_release_path_plus_note_hash_music21_consensus_v1,53664a7ef3eed4af690568e16a357a2f88698e7f0a05fe854316b884807534da
music21_954.mid,D,954,pop1k7:src_004:954,data/pop1k7_official/Pop1K7/midi_analyzed/src_004/954.mid,0b0e00d0e66f771d9105056b8de95a8f817372f04fee9692946be754512935ba,data/pop1k7_official/Pop1K7/midi_synchronized/src_004/954.mid,07f4d4beda4d2920e19dc2855c1866a7860f5928be6a6e8fdaa7c601aa1144c8,92b02b9ffd9459a6b52e073e5dcfc77fe25b42656afb0ae24e5c8eee5fe8b57c,2,-2,music21.key.krumhanslschmuckler,music21.key.aardenessen,same_release_path_plus_note_hash_music21_consensus_v1,53664a7ef3eed4af690568e16a357a2f88698e7f0a05fe854316b884807534da
music21_955.mid,G,955,pop1k7:src_004:955,data/pop1k7_official/Pop1K7/midi_analyzed/src_004/955.mid,06ee7462b9a115414bb06e1fc8545f358f76e1ab7ee02571bd9c3346f5374f55,data/pop1k7_official/Pop1K7/midi_synchronized/src_004/955.mid,03344831ea7d453be58f6dd6197c995a58a2e1d47727047dd3b58edffd9366b4,f9d288351aa3890a6f489321eeb1e90750e01a743268f5da23ff4b3d4c3dcf11,7,5,music21.key.krumhanslschmuckler,music21.key.aardenessen,same_release_path_plus_note_hash_music21_consensus_v1,53664a7ef3eed4af690568e16a357a2f88698e7f0a05fe854316b884807534da
music21_958.mid,Ab,958,pop1k7:src_004:958,data/pop1k7_official/Pop1K7/midi_analyzed/src_004/958.mid,22e120c3a9cbfee83194397c9a0fd71b5af9435612b1858d6eac52b28d4d8be0,data/pop1k7_official/Pop1K7/midi_synchronized/src_004/958.mid,634a50cb3b191d5d1f0cbe319b046bb59ced824c1a58b0211bbc58362b6baf1c,4d968d83fb797bf91c327da39b0c24f54997ac6473b5a1a8a006745ccd781b2f,8,4,music21.key.krumhanslschmuckler,music21.key.aardenessen,same_release_path_plus_note_hash_music21_consensus_v1,53664a7ef3eed4af690568e16a357a2f88698e7f0a05fe854316b884807534da
music21_959.mid,c#,959,pop1k7:src_004:959,data/pop1k7_official/Pop1K7/midi_analyzed/src_004/959.mid,284b53baf7563c1446eb303cc1ab7bfef491d117667b00ad1d1982268ec8db59,data/pop1k7_official/Pop1K7/midi_synchronized/src_004/959.mid,f30cc51b56cbf17b9e5c487caca08682562e8110025d677e857c0f8a349f2830,37ab2221e227b4efe409f1a9e7d893e897998232cb35a87e3927c577f1b7a201,4,-4,music21.key.krumhanslschmuckler,music21.key.aardenessen,same_release_path_plus_note_hash_music21_consensus_v1,53664a7ef3eed4af690568e16a357a2f88698e7f0a05fe854316b884807534da
music21_960.mid,eb,960,pop1k7:src_004:960,data/pop1k7_official/Pop1K7/midi_analyzed/src_004/960.mid,25cfffa3c28288d4757cb0c730b9dfdeac83969fe2721131d5f4feab088d0ad7,data/pop1k7_official/Pop1K7/midi_synchronized/src_004/960.mid,a674870405192ec6a2508a4ebfe8df2373aa84ff165cfd64a5cfa8f9e2789f0e,85f65caa24c9c7a89b82402ad4da9e5528169f1c8f06ff6c1495cbf5de107da8,6,6,music21.key.krumhanslschmuckler,music21.key.aardenessen,same_release_path_plus_note_hash_music21_consensus_v1,53664a7ef3eed4af690568e16a357a2f88698e7f0a05fe854316b884807534da
music21_964.mid,bb,964,pop1k7:src_004:964,data/pop1k7_official/Pop1K7/midi_analyzed/src_004/964.mid,c97063824effc902be41beaeb547b49540cd55eb62e4c4d1d0ea7490b42a223b,data/pop1k7_official/Pop1K7/midi_synchronized/src_004/964.mid,f6e1d90e90878ff69ad01bc26201330b1e5d8946dc2ec860aa837bf44e93bc5f,9d7744e7c1ecbcb66f8e68e28a95e61e293715ca25f9b9bdb1f9f3a96938cd65,1,-1,music21.key.krumhanslschmuckler,music21.key.aardenessen,same_release_path_plus_note_hash_music21_consensus_v1,53664a7ef3eed4af690568e16a357a2f88698e7f0a05fe854316b884807534da
music21_965.mid,C,965,pop1k7:src_004:965,data/pop1k7_official/Pop1K7/midi_analyzed/src_004/965.mid,7beeccc6e053acf131f7f8a8ba37d79a1a6f79ff4e44a680ce6b6c831bde388f,data/pop1k7_official/Pop1K7/midi_synchronized/src_004/965.mid,9a6d0c931c7cbb754d74e2cc67183b42ae99e50f63e47ec95010581ef01b9ead,a83ba66e1072e0ed1bc4c1f8799f9786853ff254b2d415a9dee99b502f77239c,0,0,music21.key.krumhanslschmuckler,music21.key.aardenessen,same_release_path_plus_note_hash_music21_consensus_v1,53664a7ef3eed4af690568e16a357a2f88698e7f0a05fe854316b884807534da
music21_966.mid,C#,966,pop1k7:src_004:966,data/pop1k7_official/Pop1K7/midi_analyzed/src_004/966.mid,b9b7f87495cc6c417014f35a395e499fa4415d808cd60393d5fb1ab7ac7ea9a8,data/pop1k7_official/Pop1K7/midi_synchronized/src_004/966.mid,cc4c1742b24c3ed855d4e14ee3c6f88b5a108b4b3eb9b9aae88a0b87d6077dc6,7f5d39600639152e2bbaa1990c6ecbe8ddb4a17f24b80ec6c95063be19977399,1,-1,music21.key.krumhanslschmuckler,music21.key.aardenessen,same_release_path_plus_note_hash_music21_consensus_v1,53664a7ef3eed4af690568e16a357a2f88698e7f0a05fe854316b884807534da
music21_967.mid,C#,967,pop1k7:src_004:967,data/pop1k7_official/Pop1K7/midi_analyzed/src_004/967.mid,2528eae651180826e9665cbb29a6e0aa11339d9ddb7b58df242c4e3d7fbb9ee3,data/pop1k7_official/Pop1K7/midi_synchronized/src_004/967.mid,79da6ff34350736bbc4e8df4063e06f36030e0940692cecc6544a135f80acc1d,47c919d20c156410f20b955fb6480f5b0e0600af7216509648a99d3f8099bbc2,1,-1,music21.key.krumhanslschmuckler,music21.key.aardenessen,same_release_path_plus_note_hash_music21_consensus_v1,53664a7ef3eed4af690568e16a357a2f88698e7f0a05fe854316b884807534da
music21_969.mid,F,969,pop1k7:src_004:969,data/pop1k7_official/Pop1K7/midi_analyzed/src_004/969.mid,48e3e312c50f360952e709362b304196bf7f2a78752283b3cae9fa7c30bc2d90,data/pop1k7_official/Pop1K7/midi_synchronized/src_004/969.mid,ebe54a0966508ef09eefe733bfe0512c0307c06d51d0a99c0fbb67df190a7353,858d05be3e8434403592fbab468406157c16c1e3574bbe189656bc1747d350b2,5,-5,music21.key.krumhanslschmuckler,music21.key.aardenessen,same_release_path_plus_note_hash_music21_consensus_v1,53664a7ef3eed4af690568e16a357a2f88698e7f0a05fe854316b884807534da
music21_971.mid,Bb,971,pop1k7:src_004:971,data/pop1k7_official/Pop1K7/midi_analyzed/src_004/971.mid,557d079ce37b08db7af2c7c03ac0826cea9cfbe8861d3b1d2a8c94bd2e996104,data/pop1k7_official/Pop1K7/midi_synchronized/src_004/971.mid,c69bb738491d01b840c4bdd903c8a4c006248eaf52d3cc87256dab7c7fed06e7,b3b4d82c647dc94267d4a3a024b7467eb7f4d7f151d32e9f2ef880ad4b5a2c32,10,2,music21.key.krumhanslschmuckler,music21.key.aardenessen,same_release_path_plus_note_hash_music21_consensus_v1,53664a7ef3eed4af690568e16a357a2f88698e7f0a05fe854316b884807534da
music21_972.mid,D,972,pop1k7:src_004:972,data/pop1k7_official/Pop1K7/midi_analyzed/src_004/972.mid,f47465e51e908777681dda4f36caa30f2b94c6c868167110a5155f2a39f41572,data/pop1k7_official/Pop1K7/midi_synchronized/src_004/972.mid,32bbec3ed4a4174ed629d48aa1f8dfd65f3b9ebe8de544455ec074a12c0560f4,8d048cd0e12190c5e8a1198237c76ce8f82a5eaacb43d2dec3c893cc339446da,2,-2,music21.key.krumhanslschmuckler,music21.key.aardenessen,same_release_path_plus_note_hash_music21_consensus_v1,53664a7ef3eed4af690568e16a357a2f88698e7f0a05fe854316b884807534da
music21_973.mid,bb,973,pop1k7:src_004:973,data/pop1k7_official/Pop1K7/midi_analyzed/src_004/973.mid,e94a684b8d009225a06af54932b0415f5ff14331fc86b7f13080881d4a89f54b,data/pop1k7_official/Pop1K7/midi_synchronized/src_004/973.mid,3a864bd7387954e7cf4e0933e21e11a2dce800981b9516573fb5db211639d497,d229807135f754b2497329dd9e4c7aec06a124c5216ba2e3c02b325dbae621ab,1,-1,music21.key.krumhanslschmuckler,music21.key.aardenessen,same_release_path_plus_note_hash_music21_consensus_v1,53664a7ef3eed4af690568e16a357a2f88698e7f0a05fe854316b884807534da
music21_975.mid,ab,975,pop1k7:src_004:975,data/pop1k7_official/Pop1K7/midi_analyzed/src_004/975.mid,b3bcf3c2db24b66cd77527bb1fadd68a655f7ae06173c6926c28ac9146d10f05,data/pop1k7_official/Pop1K7/midi_synchronized/src_004/975.mid,d99c8f1c8c8a38fd514e06e540120e2439cb31fb88bdce94c9dea7f05c5d2b22,b5aeeb6e53daeff2be21b182a5a2f59f2bdaa2d6264dd1c991fbdcae2c2be3d3,11,1,music21.key.krumhanslschmuckler,music21.key.aardenessen,same_release_path_plus_note_hash_music21_consensus_v1,53664a7ef3eed4af690568e16a357a2f88698e7f0a05fe854316b884807534da
music21_976.mid,F,976,pop1k7:src_004:976,data/pop1k7_official/Pop1K7/midi_analyzed/src_004/976.mid,6f2b07700121b1ae4a7c735e3c51e7aa2619a5919c35e416999b58c153c122ef,data/pop1k7_official/Pop1K7/midi_synchronized/src_004/976.mid,665db7c46f7a90412d4fc4b89d5e8eabf8af361cb04595923ba980158b2afafa,528d2b3a7d826910a46c8b4f70c6e3b3e56bd540abd387e7d2b4310f97754f43,5,-5,music21.key.krumhanslschmuckler,music21.key.aardenessen,same_release_path_plus_note_hash_music21_consensus_v1,53664a7ef3eed4af690568e16a357a2f88698e7f0a05fe854316b884807534da
music21_979.mid,G,979,pop1k7:src_004:979,data/pop1k7_official/Pop1K7/midi_analyzed/src_004/979.mid,84fef7bb34cb56a1cb7733431cb18d175066479412a6d15ff86702afc0f265d5,data/pop1k7_official/Pop1K7/midi_synchronized/src_004/979.mid,a8ebd2d9f1263b0606b8a1c0de3d757a247ada24eee75d9831f02066495a55e1,dbf72a26a5c59c8b0b9546c5a5ea85e4c8cee97a540fe150c539454df7d5e110,7,5,music21.key.krumhanslschmuckler,music21.key.aardenessen,same_release_path_plus_note_hash_music21_consensus_v1,53664a7ef3eed4af690568e16a357a2f88698e7f0a05fe854316b884807534da
music21_982.mid,Eb,982,pop1k7:src_004:982,data/pop1k7_official/Pop1K7/midi_analyzed/src_004/982.mid,4236db46b0e168e494292013f73db89da955b59bd51eeb998f47a1b59cd99582,data/pop1k7_official/Pop1K7/midi_synchronized/src_004/982.mid,c00fd3a2fcf98b23276d81b749f64c47e49fed340135c8d21ee8bb85199f8fc1,ca2d4a876d72cc1d59368a5d625a62624386b1fad3405847536dc2b7ce8d6929,3,-3,music21.key.krumhanslschmuckler,music21.key.aardenessen,same_release_path_plus_note_hash_music21_consensus_v1,53664a7ef3eed4af690568e16a357a2f88698e7f0a05fe854316b884807534da
music21_983.mid,G,983,pop1k7:src_004:983,data/pop1k7_official/Pop1K7/midi_analyzed/src_004/983.mid,c21879022af0b8f173b3013b6aefd6fd1fb92c4f9cd0db981fe26798815e23b5,data/pop1k7_official/Pop1K7/midi_synchronized/src_004/983.mid,464256077e3a01d664793a58d4fe1b7e1b8860d0a813d92e4b4a60d6da0ad602,85b7b50bace4a475242d27e238a335c01e804ef1e162cfb1183c6483709ff489,7,5,music21.key.krumhanslschmuckler,music21.key.aardenessen,same_release_path_plus_note_hash_music21_consensus_v1,53664a7ef3eed4af690568e16a357a2f88698e7f0a05fe854316b884807534da
music21_984.mid,Ab,984,pop1k7:src_004:984,data/pop1k7_official/Pop1K7/midi_analyzed/src_004/984.mid,d19dec92f5f8d0eaeac8815c8a6850c743223a687f81def0b5737d16c1ae6060,data/pop1k7_official/Pop1K7/midi_synchronized/src_004/984.mid,39c8e3be161569e02a2f9b11daa0b962c37d230c38462f282549f7d67c9dbf6d,82a59861dd0870deeafe815cc3e6d22bb147107a56e83b675520505767fc35d1,8,4,music21.key.krumhanslschmuckler,music21.key.aardenessen,same_release_path_plus_note_hash_music21_consensus_v1,53664a7ef3eed4af690568e16a357a2f88698e7f0a05fe854316b884807534da
music21_986.mid,F#,986,pop1k7:src_004:986,data/pop1k7_official/Pop1K7/midi_analyzed/src_004/986.mid,1cc1082d53a9d15a50022359be33e9ac77e4f5f76e26ba6c17513c93001d871b,data/pop1k7_official/Pop1K7/midi_synchronized/src_004/986.mid,1b986b97503106c2b5e58d76ea531cbebc11e6a4d62cb26ec0a76459d43d444d,22009c34e4441b5c6229c343f07c9a105b6dc5b7967b5ce7ecc9d160128997f0,6,6,music21.key.krumhanslschmuckler,music21.key.aardenessen,same_release_path_plus_note_hash_music21_consensus_v1,53664a7ef3eed4af690568e16a357a2f88698e7f0a05fe854316b884807534da
music21_987.mid,D,987,pop1k7:src_004:987,data/pop1k7_official/Pop1K7/midi_analyzed/src_004/987.mid,a1c97d6a5f61da1cb09acbcdd0e3acabed92338432a09a363a7378ff4adb7e53,data/pop1k7_official/Pop1K7/midi_synchronized/src_004/987.mid,2958646408dea24cd1261a16436ef13e42eceff7bd34bae75c59f77942e3126d,7e610d99bb8fda691f561a97523138aae4e92f92f5a49e4c10f5c4fee88cec85,2,-2,music21.key.krumhanslschmuckler,music21.key.aardenessen,same_release_path_plus_note_hash_music21_consensus_v1,53664a7ef3eed4af690568e16a357a2f88698e7f0a05fe854316b884807534da
music21_988.mid,C#,988,pop1k7:src_004:988,data/pop1k7_official/Pop1K7/midi_analyzed/src_004/988.mid,ae6990282566f8d37f1e0d2ec1de3815eb91ecada8aef2f7a45e7fa26c26b403,data/pop1k7_official/Pop1K7/midi_synchronized/src_004/988.mid,4f6f25b907afa8d43e0c5daadc626407d0577621b50b93350307dbe56927a890,f61140e33272a935ffc57ed42e9fc6d8c57f646a3df5fcef2ab921503e84c855,1,-1,music21.key.krumhanslschmuckler,music21.key.aardenessen,same_release_path_plus_note_hash_music21_consensus_v1,53664a7ef3eed4af690568e16a357a2f88698e7f0a05fe854316b884807534da
music21_989.mid,Eb,989,pop1k7:src_004:989,data/pop1k7_official/Pop1K7/midi_analyzed/src_004/989.mid,637969ea46d2db03409e5ed8b5ebae64098a138f13bdd84a03cb8963d6bc7985,data/pop1k7_official/Pop1K7/midi_synchronized/src_004/989.mid,1088d41543088fb93741cd622962a20ac417e153ec48f842111c977e6d897065,b6cf8623b90a172dc85dac4c64afbf8691a0ea900d53cac81f73449800fb98c4,3,-3,music21.key.krumhanslschmuckler,music21.key.aardenessen,same_release_path_plus_note_hash_music21_consensus_v1,53664a7ef3eed4af690568e16a357a2f88698e7f0a05fe854316b884807534da
music21_990.mid,A,990,pop1k7:src_004:990,data/pop1k7_official/Pop1K7/midi_analyzed/src_004/990.mid,8d5d3b922739f17a1782b991b12a99f6dae330f1db4a0e12c16979e7681d725c,data/pop1k7_official/Pop1K7/midi_synchronized/src_004/990.mid,b7c9f2720a1bf4fb6a951a3bde2d362fd096863e99fe81b19ee5308ea0b276b0,2a7ea3e331ae0e6bd4e9a1a1344322cc9e5c8d431abbd4406842049db2491b1a,9,3,music21.key.krumhanslschmuckler,music21.key.aardenessen,same_release_path_plus_note_hash_music21_consensus_v1,53664a7ef3eed4af690568e16a357a2f88698e7f0a05fe854316b884807534da
music21_991.mid,f#,991,pop1k7:src_004:991,data/pop1k7_official/Pop1K7/midi_analyzed/src_004/991.mid,2790149c40e1014ea2a729eca115f67dd4b15394e0a21eab80970a5ad3b2c4c0,data/pop1k7_official/Pop1K7/midi_synchronized/src_004/991.mid,2eda71561afd6140a4595346056a9addb24305d343d423a451dff15b1c7a5dca,c6547738646301161163f9f9b715d2ccebd2fd8dde898eea0af781ddcecfdb6d,9,3,music21.key.krumhanslschmuckler,music21.key.aardenessen,same_release_path_plus_note_hash_music21_consensus_v1,53664a7ef3eed4af690568e16a357a2f88698e7f0a05fe854316b884807534da
music21_995.mid,c,995,pop1k7:src_004:995,data/pop1k7_official/Pop1K7/midi_analyzed/src_004/995.mid,c58c9a7f8c80d17c9fead23d8fb662da53788ba2e1cadbdc669bee062713b086,data/pop1k7_official/Pop1K7/midi_synchronized/src_004/995.mid,ae431996e67bade7f22f3dc566b398d51b37d412110a0496e94f9ecdd3196342,50c460bdccc4140e8307322bccfc0d7a6fd9f4391c4dba61e1c3b2c6072318ce,3,-3,music21.key.krumhanslschmuckler,music21.key.aardenessen,same_release_path_plus_note_hash_music21_consensus_v1,53664a7ef3eed4af690568e16a357a2f88698e7f0a05fe854316b884807534da
music21_996.mid,d,996,pop1k7:src_004:996,data/pop1k7_official/Pop1K7/midi_analyzed/src_004/996.mid,29f0f3b8ca601fc5122c65de19e09212698168a062d7ada9b6033ceab99501c5,data/pop1k7_official/Pop1K7/midi_synchronized/src_004/996.mid,e9d5397673a9936a5b8efd1512d0222572e27560582c600c35c8fb83e5a6343e,b63ad6b5161b6a5cfa614046ecd3de427fa6ec5cb739a56dc6cef0281d1766d6,5,-5,music21.key.krumhanslschmuckler,music21.key.aardenessen,same_release_path_plus_note_hash_music21_consensus_v1,53664a7ef3eed4af690568e16a357a2f88698e7f0a05fe854316b884807534da
music21_997.mid,C#,997,pop1k7:src_004:997,data/pop1k7_official/Pop1K7/midi_analyzed/src_004/997.mid,877bd7a49241d63c547ae20a3cc3b28a914a5dd16bd3ebd00caf7f363618ac9e,data/pop1k7_official/Pop1K7/midi_synchronized/src_004/997.mid,6f2d8f40322164dec818229b0d7d7889e96bb98486f0e4d22659862da9d6f229,f49e7e86ab76cbba9cc0f0c369c1b4568a37c609cb154229a62da212a907a746,1,-1,music21.key.krumhanslschmuckler,music21.key.aardenessen,same_release_path_plus_note_hash_music21_consensus_v1,53664a7ef3eed4af690568e16a357a2f88698e7f0a05fe854316b884807534da
music21_999.mid,A,999,pop1k7:src_004:999,data/pop1k7_official/Pop1K7/midi_analyzed/src_004/999.mid,fb966f51c819b3f609479ab50472548fde0efc8b6349bbd3c741150057a09fd5,data/pop1k7_official/Pop1K7/midi_synchronized/src_004/999.mid,dbb6924a6a6524210ce050bce2fc9737ddae5b625a546d9894c1591eaaeefbb5,db8ea07672c7b9b94e320257e800adfb8d314076d031926beb4d42274baa5763,9,3,music21.key.krumhanslschmuckler,music21.key.aardenessen,same_release_path_plus_note_hash_music21_consensus_v1,53664a7ef3eed4af690568e16a357a2f88698e7f0a05fe854316b884807534da
music21_1000.mid,f#,1000,pop1k7:src_004:1000,data/pop1k7_official/Pop1K7/midi_analyzed/src_004/1000.mid,51defc5dd34b6cb4fa0e22e58c99a7e34ad6101796b390bdbd637e399a82fd22,data/pop1k7_official/Pop1K7/midi_synchronized/src_004/1000.mid,ad176e95f69ade70d76e1c3f2f58e87a82701c8a5fcad0d793f9242b30c8cd80,040582f98227c842e9b444f0e39614456e5b26aa1083a7dbc197c95dc4085d82,9,3,music21.key.krumhanslschmuckler,music21.key.aardenessen,same_release_path_plus_note_hash_music21_consensus_v1,53664a7ef3eed4af690568e16a357a2f88698e7f0a05fe854316b884807534da
music21_1001.mid,A,1001,pop1k7:src_004:1001,data/pop1k7_official/Pop1K7/midi_analyzed/src_004/1001.mid,2811ef0b4acc9175dec51eccbe97de42199370abd2baff8a9774a4e2362e7e90,data/pop1k7_official/Pop1K7/midi_synchronized/src_004/1001.mid,b93ee20085e12c397497c6a6e61467df8727a0c62005fcea005f1e418d88dcae,0b17296dcb568f62cdc9ba1fbfb34fa636957557b179aa954490bbc0cf4d8060,9,3,music21.key.krumhanslschmuckler,music21.key.aardenessen,same_release_path_plus_note_hash_music21_consensus_v1,53664a7ef3eed4af690568e16a357a2f88698e7f0a05fe854316b884807534da
music21_1002.mid,B,1002,pop1k7:src_004:1002,data/pop1k7_official/Pop1K7/midi_analyzed/src_004/1002.mid,d15d0bd2dfa666781475ad3dd724305a95d34a4c15879f854a6ad837a0898d26,data/pop1k7_official/Pop1K7/midi_synchronized/src_004/1002.mid,8f12af50a2d3fd596e79af05baf8c9e25c0461c4a0b36002438b4d28216b51b8,7b7c6ac228d9b2a6451ae5ad3f1d47a5a1a41fece2db4844436bb8cfb0af5caa,11,1,music21.key.krumhanslschmuckler,music21.key.aardenessen,same_release_path_plus_note_hash_music21_consensus_v1,53664a7ef3eed4af690568e16a357a2f88698e7f0a05fe854316b884807534da
music21_1003.mid,f#,1003,pop1k7:src_004:1003,data/pop1k7_official/Pop1K7/midi_analyzed/src_004/1003.mid,cdaac7701393b2b5d9ba6f4a4e9776732447e390330ff1337e5a7b42c4d91d0d,data/pop1k7_official/Pop1K7/midi_synchronized/src_004/1003.mid,3d7b9f32a67263416060c1f4312debb98a1c13ecd29b0c48988801ffac3c5bc3,c1d0d448337e4e81ef0d127225bd7ac272c968d954cb481e85ee03a4648af8bc,9,3,music21.key.krumhanslschmuckler,music21.key.aardenessen,same_release_path_plus_note_hash_music21_consensus_v1,53664a7ef3eed4af690568e16a357a2f88698e7f0a05fe854316b884807534da
music21_1004.mid,D,1004,pop1k7:src_004:1004,data/pop1k7_official/Pop1K7/midi_analyzed/src_004/1004.mid,74fcc51264fd3877017e5c4a9d16a18e397fdada3ce8104088d642cc516d2d28,data/pop1k7_official/Pop1K7/midi_synchronized/src_004/1004.mid,e6295cf050f2e1b8762a060b55fe0380630883f3a7dedb0f13aebcbe9c145936,aafbc6e4b671f43a0eb0c2294f8a1e6e23d17cba362beaac4254614f97da6210,2,-2,music21.key.krumhanslschmuckler,music21.key.aardenessen,same_release_path_plus_note_hash_music21_consensus_v1,53664a7ef3eed4af690568e16a357a2f88698e7f0a05fe854316b884807534da
music21_1006.mid,C,1006,pop1k7:src_004:1006,data/pop1k7_official/Pop1K7/midi_analyzed/src_004/1006.mid,b83b4866831326567186340fc4355fa5f6705871c04c7717d3615c715bfbcaf0,data/pop1k7_official/Pop1K7/midi_synchronized/src_004/1006.mid,4ba334a205dc2dbf1d65193fbf2c6edf22a5068f1848fc78bf8269773ad457ba,82e6bf8a9f8a273c59a2bcd851da034bc49ab002022d0a2d386eab9897a5c8ca,0,0,music21.key.krumhanslschmuckler,music21.key.aardenessen,same_release_path_plus_note_hash_music21_consensus_v1,53664a7ef3eed4af690568e16a357a2f88698e7f0a05fe854316b884807534da
music21_1007.mid,G,1007,pop1k7:src_004:1007,data/pop1k7_official/Pop1K7/midi_analyzed/src_004/1007.mid,a0056454ceb1c46264262a9f158d01aabdd37cd01970f34818dfe3373bb4dfcb,data/pop1k7_official/Pop1K7/midi_synchronized/src_004/1007.mid,31eddce5439cc5ec4565834ac7e93f81d68d927a0086247bdf240bb9b54fb706,d1104a28245b04d364bf5d7e10d418a1c3117adbf880ff0b8942c530c70c2e07,7,5,music21.key.krumhanslschmuckler,music21.key.aardenessen,same_release_path_plus_note_hash_music21_consensus_v1,53664a7ef3eed4af690568e16a357a2f88698e7f0a05fe854316b884807534da
music21_1008.mid,F#,1008,pop1k7:src_004:1008,data/pop1k7_official/Pop1K7/midi_analyzed/src_004/1008.mid,5f588b526fa9fb8db5571fcbad04c64b64344b38221e9b6cc3302f99b03d627f,data/pop1k7_official/Pop1K7/midi_synchronized/src_004/1008.mid,1d8422feff21fa1f2f1953476ea82d1fbd4184ef7c14056048ab407301db0d57,9200529dc10cc8e953ca7ac28442fd0445a2b62565698bf546626fa67548f679,6,6,music21.key.krumhanslschmuckler,music21.key.aardenessen,same_release_path_plus_note_hash_music21_consensus_v1,53664a7ef3eed4af690568e16a357a2f88698e7f0a05fe854316b884807534da
music21_1009.mid,C,1009,pop1k7:src_004:1009,data/pop1k7_official/Pop1K7/midi_analyzed/src_004/1009.mid,9197095bcb876502e4ce9275f482b521e5e502ddb276bd8f4c8af558e77d60a9,data/pop1k7_official/Pop1K7/midi_synchronized/src_004/1009.mid,2eb94ef379b9dd1da717ebc140209399955925fe77d54b196a3d950f45705bdb,e39e8eb42093e2a8527edbb709674c8cd5b34214481f7835472b268580524e1b,0,0,music21.key.krumhanslschmuckler,music21.key.aardenessen,same_release_path_plus_note_hash_music21_consensus_v1,53664a7ef3eed4af690568e16a357a2f88698e7f0a05fe854316b884807534da
music21_1011.mid,B,1011,pop1k7:src_004:1011,data/pop1k7_official/Pop1K7/midi_analyzed/src_004/1011.mid,70aef9240018b92db1b56a37ebe17df56b6ca0cad5dfaed9849105589fc9e027,data/pop1k7_official/Pop1K7/midi_synchronized/src_004/1011.mid,b04604c6185d118f2ed395d3cb2a3a7e25ff119a95cef505ae030c9e2ee813cb,69aee82b86e4d6127aef93028ac05cfd1e962ec75cc391b60a63dd3f986a5e16,11,1,music21.key.krumhanslschmuckler,music21.key.aardenessen,same_release_path_plus_note_hash_music21_consensus_v1,53664a7ef3eed4af690568e16a357a2f88698e7f0a05fe854316b884807534da
music21_1012.mid,E,1012,pop1k7:src_004:1012,data/pop1k7_official/Pop1K7/midi_analyzed/src_004/1012.mid,2726f54e78c94ca98e9eda3a971758e9f471ce74e02e076981300f50b11179ad,data/pop1k7_official/Pop1K7/midi_synchronized/src_004/1012.mid,9e1f06c367cc6718686549d15342f81eb99da679b663f82aef40c7f7c22e4f7f,cd5f092b10a4e1c5345072ebae8550e718d61b9b0d011e9c5374605b3399a428,4,-4,music21.key.krumhanslschmuckler,music21.key.aardenessen,same_release_path_plus_note_hash_music21_consensus_v1,53664a7ef3eed4af690568e16a357a2f88698e7f0a05fe854316b884807534da
music21_1014.mid,C#,1014,pop1k7:src_004:1014,data/pop1k7_official/Pop1K7/midi_analyzed/src_004/1014.mid,24a54ed615e626b068af2871b040fd08f5c110116ac8a9adf9d4c775d7cfc03e,data/pop1k7_official/Pop1K7/midi_synchronized/src_004/1014.mid,4958cf961e562dd8e45f8f31eef824e28c3dbb47af5bae90eb1c2b0218f5e937,90804290911dbcfaea5b22c377d22334e969e59387d20cb08b90fabebea8eba7,1,-1,music21.key.krumhanslschmuckler,music21.key.aardenessen,same_release_path_plus_note_hash_music21_consensus_v1,53664a7ef3eed4af690568e16a357a2f88698e7f0a05fe854316b884807534da
music21_1016.mid,D,1016,pop1k7:src_004:1016,data/pop1k7_official/Pop1K7/midi_analyzed/src_004/1016.mid,fdfb8d3c08a80192b1c7eec6f5a6af5a382f7593f83a659a867d0c4feee7601a,data/pop1k7_official/Pop1K7/midi_synchronized/src_004/1016.mid,455379f211dc1b936e11de1f6c06bfe2e5d1ff26de6d4f5f8102605781de49ce,0711b4e401b28389ccce734bc7402bcd8eaa6f740b597d86918802bee717da2f,2,-2,music21.key.krumhanslschmuckler,music21.key.aardenessen,same_release_path_plus_note_hash_music21_consensus_v1,53664a7ef3eed4af690568e16a357a2f88698e7f0a05fe854316b884807534da
music21_1017.mid,Bb,1017,pop1k7:src_004:1017,data/pop1k7_official/Pop1K7/midi_analyzed/src_004/1017.mid,05007b3b51106b7a8e31b452f1be685c88005e6f2b2958b068d35587e23d283f,data/pop1k7_official/Pop1K7/midi_synchronized/src_004/1017.mid,131b09d585ca43f4b3780ab3cfea70dad43b81ddc29f50820976ad0b29642ae5,f160849a6dfe36bc6824b407db35fd3df077b01aad140aa156a5809565e92c16,10,2,music21.key.krumhanslschmuckler,music21.key.aardenessen,same_release_path_plus_note_hash_music21_consensus_v1,53664a7ef3eed4af690568e16a357a2f88698e7f0a05fe854316b884807534da
music21_1019.mid,g,1019,pop1k7:src_004:1019,data/pop1k7_official/Pop1K7/midi_analyzed/src_004/1019.mid,916006de9e1955b180b891adf406af2f3299373a08d6e45d916b44e6c43c0096,data/pop1k7_official/Pop1K7/midi_synchronized/src_004/1019.mid,b92897fddb79e945c33bd9fa27d9a417826e763de3dbf9e91e6ebe21802b5059,e05f9750d29e9220f39c2057659e1d0cf78156e9159836107c131b5f32d8be42,10,2,music21.key.krumhanslschmuckler,music21.key.aardenessen,same_release_path_plus_note_hash_music21_consensus_v1,53664a7ef3eed4af690568e16a357a2f88698e7f0a05fe854316b884807534da
music21_1020.mid,A,1020,pop1k7:src_004:1020,data/pop1k7_official/Pop1K7/midi_analyzed/src_004/1020.mid,8d52fdc5f5cad0a830f399dd4282ebc9c0dbe2fe1a983d91bc66fa780f736e93,data/pop1k7_official/Pop1K7/midi_synchronized/src_004/1020.mid,0a5861662b7f067be0977b926da46ee71a33327aebbe3af6c5dce2766e719232,bcde68672eeaca768f6079ec1a507de98090c304b7d90388f564513712fd240a,9,3,music21.key.krumhanslschmuckler,music21.key.aardenessen,same_release_path_plus_note_hash_music21_consensus_v1,53664a7ef3eed4af690568e16a357a2f88698e7f0a05fe854316b884807534da
music21_1021.mid,bb,1021,pop1k7:src_004:1021,data/pop1k7_official/Pop1K7/midi_analyzed/src_004/1021.mid,05188fa0856b5e70ebaa745e068793902c01a16f060f2ac6344fd826cef9d3ef,data/pop1k7_official/Pop1K7/midi_synchronized/src_004/1021.mid,76eae8dda6f3fae1abd7b64b3d241df8e0dbc5cea42ff93e4a7951dcf48a1f05,6c03875987bdfd0d8d86077655daf7c3978620780021d99ce2d9dfcd7042bbf9,1,-1,music21.key.krumhanslschmuckler,music21.key.aardenessen,same_release_path_plus_note_hash_music21_consensus_v1,53664a7ef3eed4af690568e16a357a2f88698e7f0a05fe854316b884807534da
music21_1022.mid,C#,1022,pop1k7:src_004:1022,data/pop1k7_official/Pop1K7/midi_analyzed/src_004/1022.mid,2710f4c7d3eeeb8d705795148f2b6fff3d9bd1f248a7060f3a688526b7379f0c,data/pop1k7_official/Pop1K7/midi_synchronized/src_004/1022.mid,dd6d10093b825b7b224b9bad26ae452651e412cde1d6c54a4cb85eb255213dc0,8fa6f57327ea91723e3eae7e7b7a7bd7f6c833e0e21849444ac1b0da7b8a1a55,1,-1,music21.key.krumhanslschmuckler,music21.key.aardenessen,same_release_path_plus_note_hash_music21_consensus_v1,53664a7ef3eed4af690568e16a357a2f88698e7f0a05fe854316b884807534da
music21_1023.mid,F,1023,pop1k7:src_004:1023,data/pop1k7_official/Pop1K7/midi_analyzed/src_004/1023.mid,af1ab57b301f659d7c0544ca53e2e41e254358623526199b0755a4bd15a9c85e,data/pop1k7_official/Pop1K7/midi_synchronized/src_004/1023.mid,9f260a45dd1315b891d2e63d3a1fbf50c0b11197da36fb7c38d741d2b3332194,a6669981449a9a09cb09da9e4ac787a50c0537daa1a4f1be993d2f2bc3ee84ca,5,-5,music21.key.krumhanslschmuckler,music21.key.aardenessen,same_release_path_plus_note_hash_music21_consensus_v1,53664a7ef3eed4af690568e16a357a2f88698e7f0a05fe854316b884807534da
music21_1024.mid,F#,1024,pop1k7:src_004:1024,data/pop1k7_official/Pop1K7/midi_analyzed/src_004/1024.mid,4bca7b69cafde7438177d4b3986daf55030066ea60214f112a819e4a22b23a6b,data/pop1k7_official/Pop1K7/midi_synchronized/src_004/1024.mid,3ed84c83a935b90e35d3f4ad478bb1d20da43e842f06fce45e7709da8bffd94e,9ed59317032b5e710ece43da20d7ad47bb9ca16f9574434e5b75d11237535bdd,6,6,music21.key.krumhanslschmuckler,music21.key.aardenessen,same_release_path_plus_note_hash_music21_consensus_v1,53664a7ef3eed4af690568e16a357a2f88698e7f0a05fe854316b884807534da
music21_1026.mid,A,1026,pop1k7:src_004:1026,data/pop1k7_official/Pop1K7/midi_analyzed/src_004/1026.mid,1f020fc7ce2163b28a3f6aab5356d4b728850424da32cdc894552e5ddcff139c,data/pop1k7_official/Pop1K7/midi_synchronized/src_004/1026.mid,ba1fe5710e3682900672c280dc7162c91b49eeb5e7c4d61c8fc77d9c8f2767e5,95b3d5f179a4a0f83daa1a073b67d2935a023a3e0d0b097bf7e26683b107b597,9,3,music21.key.krumhanslschmuckler,music21.key.aardenessen,same_release_path_plus_note_hash_music21_consensus_v1,53664a7ef3eed4af690568e16a357a2f88698e7f0a05fe854316b884807534da
music21_1027.mid,C#,1027,pop1k7:src_004:1027,data/pop1k7_official/Pop1K7/midi_analyzed/src_004/1027.mid,1cd540c102cf1942e6fc598c9048eb757a9c273cbd7f856dcb545dea629a6bb7,data/pop1k7_official/Pop1K7/midi_synchronized/src_004/1027.mid,a725958b818d1f12b2ec1d6cc996e91cf8996784f1d632b912862d04b5beda7c,55651a8ca1a19f63f79c8b0d042aee40d0edbc5eda5b874848c1702eb4be423d,1,-1,music21.key.krumhanslschmuckler,music21.key.aardenessen,same_release_path_plus_note_hash_music21_consensus_v1,53664a7ef3eed4af690568e16a357a2f88698e7f0a05fe854316b884807534da
music21_1029.mid,F#,1029,pop1k7:src_004:1029,data/pop1k7_official/Pop1K7/midi_analyzed/src_004/1029.mid,c439e1cc3d1a0c87385b991a63725110440afb3e2f58087c0ac3ef217b191157,data/pop1k7_official/Pop1K7/midi_synchronized/src_004/1029.mid,c2d24d2112204c2b7feb23f3ad0d83a38f57f34bdab4201f08f9a333380514e6,c113428ad46415da242dbfc9defd599b9ba307dad8ded5b05b5d9ab9d720c085,6,6,music21.key.krumhanslschmuckler,music21.key.aardenessen,same_release_path_plus_note_hash_music21_consensus_v1,53664a7ef3eed4af690568e16a357a2f88698e7f0a05fe854316b884807534da
music21_1031.mid,C#,1031,pop1k7:src_004:1031,data/pop1k7_official/Pop1K7/midi_analyzed/src_004/1031.mid,973f3835e39d1efd1bf31a1f4155dc3608c799f75bf84bd7f9c523862d5391d6,data/pop1k7_official/Pop1K7/midi_synchronized/src_004/1031.mid,f69acfe69c5f3675da1421bc8ad6b4ff945097c3608ca55d1f8d9e2139a3262e,80ffe0c849646cdc0cb2a04f441f5a1d987c4e44f3585ee62b10be272ace3989,1,-1,music21.key.krumhanslschmuckler,music21.key.aardenessen,same_release_path_plus_note_hash_music21_consensus_v1,53664a7ef3eed4af690568e16a357a2f88698e7f0a05fe854316b884807534da
music21_1032.mid,Bb,1032,pop1k7:src_004:1032,data/pop1k7_official/Pop1K7/midi_analyzed/src_004/1032.mid,c0d412cbd1f889d9bcd8c970b655c83fef10a701407661ebd5a95a27b19ba026,data/pop1k7_official/Pop1K7/midi_synchronized/src_004/1032.mid,0f5699f8ac3fb2bd13a1846adef6520c5469d9c63d4f68fe1a8748cd793ac5df,99c91d1c4a9777fb6642af2e9be8c361f226ff021fd4a07de0f4885511d3fbc2,10,2,music21.key.krumhanslschmuckler,music21.key.aardenessen,same_release_path_plus_note_hash_music21_consensus_v1,53664a7ef3eed4af690568e16a357a2f88698e7f0a05fe854316b884807534da
music21_1033.mid,Ab,1033,pop1k7:src_004:1033,data/pop1k7_official/Pop1K7/midi_analyzed/src_004/1033.mid,98f43af8e84e9214411a9aa49e8f4128f196b54ddbc9d4299f371ae43fd97999,data/pop1k7_official/Pop1K7/midi_synchronized/src_004/1033.mid,c8a4dfc35b05824645ef58aa4a16957226790c7828750aab9c2054c5f29b611a,b6c2fb07db2aa5d7770d7b650b912c4090a47ee06c38a12d0eedb33f65415994,8,4,music21.key.krumhanslschmuckler,music21.key.aardenessen,same_release_path_plus_note_hash_music21_consensus_v1,53664a7ef3eed4af690568e16a357a2f88698e7f0a05fe854316b884807534da
music21_1034.mid,f,1034,pop1k7:src_004:1034,data/pop1k7_official/Pop1K7/midi_analyzed/src_004/1034.mid,a1655a50aa6b441696761c60c0fb2ffe2086a8cd0e6e3b8adc662d28dc420a20,data/pop1k7_official/Pop1K7/midi_synchronized/src_004/1034.mid,4ce36258a61aca951b1014ad8ae4d9cdb382d2ad7f3753a5249bdcb9ba722872,673ca2c81f44bf1b4432407d41cf14690454bf8068ae4615bb26313e7176a86d,8,4,music21.key.krumhanslschmuckler,music21.key.aardenessen,same_release_path_plus_note_hash_music21_consensus_v1,53664a7ef3eed4af690568e16a357a2f88698e7f0a05fe854316b884807534da
music21_1036.mid,d,1036,pop1k7:src_004:1036,data/pop1k7_official/Pop1K7/midi_analyzed/src_004/1036.mid,932cf0034d0dc85622b9e917cf82a728b9754ca9afd6ec93a37b1d511b27ac3e,data/pop1k7_official/Pop1K7/midi_synchronized/src_004/1036.mid,3e9feb3959b6177175b530e9544b78add9adbb8240d60d2b6ef959f39dd4c51f,5bd55d36846aabb84604dd2f619dfab8e114183b61382b1ec7301375bb240ac9,5,-5,music21.key.krumhanslschmuckler,music21.key.aardenessen,same_release_path_plus_note_hash_music21_consensus_v1,53664a7ef3eed4af690568e16a357a2f88698e7f0a05fe854316b884807534da
music21_1037.mid,b,1037,pop1k7:src_004:1037,data/pop1k7_official/Pop1K7/midi_analyzed/src_004/1037.mid,98139b9cb7d922d0e67693e2ac3b7bb7f9e01ffb1131672e60cd4026df79dcad,data/pop1k7_official/Pop1K7/midi_synchronized/src_004/1037.mid,220bf91c7604eaa5416ebf20dff51ff771bfb79331f611e0c8edcfc6a029e297,2bf7c8174877e5b74cbf5035b5e9cd25a161ea525e49c2508215237fac584ea1,2,-2,music21.key.krumhanslschmuckler,music21.key.aardenessen,same_release_path_plus_note_hash_music21_consensus_v1,53664a7ef3eed4af690568e16a357a2f88698e7f0a05fe854316b884807534da
music21_1038.mid,C,1038,pop1k7:src_004:1038,data/pop1k7_official/Pop1K7/midi_analyzed/src_004/1038.mid,0fd973304e9cd7f9401de11448c7b9055e770501f941707400511f5f43031aae,data/pop1k7_official/Pop1K7/midi_synchronized/src_004/1038.mid,09261a64407b95fe091eaba3d4a95b5abc9fec90207a518d4ddd2e76ae9c1765,95f821b7a945fc20b4527a0c44f1355ef1b6aced5aa84fe045242066649c3b2c,0,0,music21.key.krumhanslschmuckler,music21.key.aardenessen,same_release_path_plus_note_hash_music21_consensus_v1,53664a7ef3eed4af690568e16a357a2f88698e7f0a05fe854316b884807534da
music21_1039.mid,Bb,1039,pop1k7:src_004:1039,data/pop1k7_official/Pop1K7/midi_analyzed/src_004/1039.mid,1d5b981f4ecf900b34d7732e51e9d662d58fa006b8366b6040c457d41e10f2a0,data/pop1k7_official/Pop1K7/midi_synchronized/src_004/1039.mid,d2ecdecf40c42c336481f1fe23644a152f98f28f73015ed87aeb36e3b44fba2c,1084117092b53c1ddf2c03052712a8a54673473f8cb72fd484c248c78bf93881,10,2,music21.key.krumhanslschmuckler,music21.key.aardenessen,same_release_path_plus_note_hash_music21_consensus_v1,53664a7ef3eed4af690568e16a357a2f88698e7f0a05fe854316b884807534da
music21_1040.mid,G,1040,pop1k7:src_004:1040,data/pop1k7_official/Pop1K7/midi_analyzed/src_004/1040.mid,85bb27eb5dac6335d24bfa66280be7540be05134acaa56314e87314d66a788f0,data/pop1k7_official/Pop1K7/midi_synchronized/src_004/1040.mid,8480b3d3b941820dfac9d81eb60201e251318d008b829b095de5b7c25ea1e41d,f3398a6a596bb8890105ef32eb5adfbb418fd2055f7a6b7127b985c01c1f7230,7,5,music21.key.krumhanslschmuckler,music21.key.aardenessen,same_release_path_plus_note_hash_music21_consensus_v1,53664a7ef3eed4af690568e16a357a2f88698e7f0a05fe854316b884807534da
music21_1041.mid,Bb,1041,pop1k7:src_004:1041,data/pop1k7_official/Pop1K7/midi_analyzed/src_004/1041.mid,aa216dfe5617746abb92e1418c76beb57d0e125d844d39f2e16b257966ceee1f,data/pop1k7_official/Pop1K7/midi_synchronized/src_004/1041.mid,bef6ce2b088789b47352c86082c9cfbbb44a2b2518dab44c64e12a4c48c896f4,efdfc2d751c27d632920e01bdbc4ba60225216ef81d150a40b43bbbb86b21e36,10,2,music21.key.krumhanslschmuckler,music21.key.aardenessen,same_release_path_plus_note_hash_music21_consensus_v1,53664a7ef3eed4af690568e16a357a2f88698e7f0a05fe854316b884807534da
music21_1042.mid,Bb,1042,pop1k7:src_004:1042,data/pop1k7_official/Pop1K7/midi_analyzed/src_004/1042.mid,4a8830b2f6edc537a01bb27d1341a2a78bb3e11f7f4be87318a20d7ab51f63a6,data/pop1k7_official/Pop1K7/midi_synchronized/src_004/1042.mid,4deb0e703a50af26fe84ec7bae8c765738a7655e93cc5ad134dcb3c128c71081,05bdb10cc66824721854fca11461a3365a7eaebe5b19756f814c2fb8a0ac5271,10,2,music21.key.krumhanslschmuckler,music21.key.aardenessen,same_release_path_plus_note_hash_music21_consensus_v1,53664a7ef3eed4af690568e16a357a2f88698e7f0a05fe854316b884807534da
music21_1043.mid,E,1043,pop1k7:src_004:1043,data/pop1k7_official/Pop1K7/midi_analyzed/src_004/1043.mid,c8ab1e227dbeb6d23df4efeb311d75ba272d7c970a05cef6dd801b595aef1651,data/pop1k7_official/Pop1K7/midi_synchronized/src_004/1043.mid,875aa00a580c76d3c5c2cb37e16014316575332d2eb9f895b9755ddd5c3fa02a,8775be2a84bdd01c3edb542c43fbd57d33ddb1c842e800c129ca23b9c2289bd4,4,-4,music21.key.krumhanslschmuckler,music21.key.aardenessen,same_release_path_plus_note_hash_music21_consensus_v1,53664a7ef3eed4af690568e16a357a2f88698e7f0a05fe854316b884807534da
music21_1044.mid,B,1044,pop1k7:src_004:1044,data/pop1k7_official/Pop1K7/midi_analyzed/src_004/1044.mid,de1c1d8c1e8f5a83f2ad31a80aa4c6fe549e316069ad9dc1289d0e6a154c8d14,data/pop1k7_official/Pop1K7/midi_synchronized/src_004/1044.mid,51792d085810f546d5e9912ca0966f402fecb257be61347bfe711b116d0c9ea6,bd7ecf7538e699405a32e85f8296d84b6fec055cdfd611d7b285e12d98c95898,11,1,music21.key.krumhanslschmuckler,music21.key.aardenessen,same_release_path_plus_note_hash_music21_consensus_v1,53664a7ef3eed4af690568e16a357a2f88698e7f0a05fe854316b884807534da
music21_1045.mid,A,1045,pop1k7:src_004:1045,data/pop1k7_official/Pop1K7/midi_analyzed/src_004/1045.mid,3b64eb99baa45357252c1ab463f71ccd604cfff779c055e6e21dcde60e34fb2e,data/pop1k7_official/Pop1K7/midi_synchronized/src_004/1045.mid,0c1502f9cebbe7d145b7f56afaaa2657345e077185fce3d933000dbad99baac6,7c996a07932f7d7230997e8b3dbc655207f8a3a1d7b2d3c6e4581cbcb1b7bc86,9,3,music21.key.krumhanslschmuckler,music21.key.aardenessen,same_release_path_plus_note_hash_music21_consensus_v1,53664a7ef3eed4af690568e16a357a2f88698e7f0a05fe854316b884807534da
music21_1046.mid,F#,1046,pop1k7:src_004:1046,data/pop1k7_official/Pop1K7/midi_analyzed/src_004/1046.mid,01d1b934972e36e450fc0f0e79407d00d478e79ad26eb2d24245d687828bf834,data/pop1k7_official/Pop1K7/midi_synchronized/src_004/1046.mid,6c827ceb912d74344ce5149d03d7edd0e4245389c78f6586dd66aa1ef0d00861,51414d204b260867efa4e0ee2b982bc31c058fff752e6266aed4f70189a2697b,6,6,music21.key.krumhanslschmuckler,music21.key.aardenessen,same_release_path_plus_note_hash_music21_consensus_v1,53664a7ef3eed4af690568e16a357a2f88698e7f0a05fe854316b884807534da
music21_1047.mid,Bb,1047,pop1k7:src_004:1047,data/pop1k7_official/Pop1K7/midi_analyzed/src_004/1047.mid,bbab00577e256e1b5c45746e90435f5515e0a4f4f9fe50fc52b0f362df358fcb,data/pop1k7_official/Pop1K7/midi_synchronized/src_004/1047.mid,3a6977140c6f98dc920e3ac0f0887e5e4f635ff866fe30c4d272b37e58a1e974,02fdb7d7a60884b5ea02bcca3928e28f48783d9bd91e1212a8d31f3988d800f3,10,2,music21.key.krumhanslschmuckler,music21.key.aardenessen,same_release_path_plus_note_hash_music21_consensus_v1,53664a7ef3eed4af690568e16a357a2f88698e7f0a05fe854316b884807534da
music21_1048.mid,A,1048,pop1k7:src_004:1048,data/pop1k7_official/Pop1K7/midi_analyzed/src_004/1048.mid,564dcfca3c3d06a41b570952cf2a699f7ec148f9d88f8b893deab97fa10c804d,data/pop1k7_official/Pop1K7/midi_synchronized/src_004/1048.mid,74c1cbf05d76018f1a44e31b746af6de3004240778f53702c220771ddab9ed0f,c5bae9f4936341dc94f73d7019caca9e9e36b8038dd55c195c049364ca8f3fdc,9,3,music21.key.krumhanslschmuckler,music21.key.aardenessen,same_release_path_plus_note_hash_music21_consensus_v1,53664a7ef3eed4af690568e16a357a2f88698e7f0a05fe854316b884807534da
music21_1049.mid,F#,1049,pop1k7:src_004:1049,data/pop1k7_official/Pop1K7/midi_analyzed/src_004/1049.mid,b131efce91f661422a23947b134c130caaa2e6a98ebd11ffb377013d402039c3,data/pop1k7_official/Pop1K7/midi_synchronized/src_004/1049.mid,cae42f0a4f2ba641060a9b675505c189c4465048fedebae95849dfcd3ad92108,983b0a3937a55fbfbfb3f43df3647e4b2a5b4fe971756ad3bd97c35bb50c0882,6,6,music21.key.krumhanslschmuckler,music21.key.aardenessen,same_release_path_plus_note_hash_music21_consensus_v1,53664a7ef3eed4af690568e16a357a2f88698e7f0a05fe854316b884807534da
music21_1050.mid,Bb,1050,pop1k7:src_004:1050,data/pop1k7_official/Pop1K7/midi_analyzed/src_004/1050.mid,fe52262a7d25d5466cb8a427eec062d369e3607c4a9437c12f2fabcb832056b5,data/pop1k7_official/Pop1K7/midi_synchronized/src_004/1050.mid,e5df6057a60277fb803ff2e2685374b7623b9e99d59035d98f6c6c026a271122,63f4e284efde683586ee0e88a96d9af37e9a9bd32da2c6955567e30d1d862f47,10,2,music21.key.krumhanslschmuckler,music21.key.aardenessen,same_release_path_plus_note_hash_music21_consensus_v1,53664a7ef3eed4af690568e16a357a2f88698e7f0a05fe854316b884807534da
music21_1051.mid,bb,1051,pop1k7:src_004:1051,data/pop1k7_official/Pop1K7/midi_analyzed/src_004/1051.mid,1a73b2442a842215593b2d4dc8d70c0075b2c195a706a27532d096fa0c384780,data/pop1k7_official/Pop1K7/midi_synchronized/src_004/1051.mid,063cb862a431c2f731e840f917efc37885aef8fe720583c0e09332c2ecceb07c,3ff41f8b72689e31831e39424fca8173ba63af94258ab3058eb43c4c94426852,1,-1,music21.key.krumhanslschmuckler,music21.key.aardenessen,same_release_path_plus_note_hash_music21_consensus_v1,53664a7ef3eed4af690568e16a357a2f88698e7f0a05fe854316b884807534da
music21_1052.mid,Eb,1052,pop1k7:src_004:1052,data/pop1k7_official/Pop1K7/midi_analyzed/src_004/1052.mid,6dfad72f34d549d6fee8e5d9505871c9781fb3a0102f5e17336453b69fb1c35d,data/pop1k7_official/Pop1K7/midi_synchronized/src_004/1052.mid,fcfb3ec90b1af16ccc0667f0246c7cd0294d2104a887fe3ff2b0586de8641f16,6546ae2aa6a82c7d71e4c26a91895da6518b39d56abfd105197457e4dad8e13e,3,-3,music21.key.krumhanslschmuckler,music21.key.aardenessen,same_release_path_plus_note_hash_music21_consensus_v1,53664a7ef3eed4af690568e16a357a2f88698e7f0a05fe854316b884807534da
music21_1054.mid,E,1054,pop1k7:src_004:1054,data/pop1k7_official/Pop1K7/midi_analyzed/src_004/1054.mid,a8d5d842f6012819a72cf1ac4bd4de73abf3f08d05b933dfe84b66c16ecca352,data/pop1k7_official/Pop1K7/midi_synchronized/src_004/1054.mid,0c15b7070203851d28e52456817d9aaa8ff48b9fc58ff5a8b9769a62f3c80d9f,ec15148da2e6d6fad7fd11d22114a5616fa5802c1f5cf36521ccf6f28167f49b,4,-4,music21.key.krumhanslschmuckler,music21.key.aardenessen,same_release_path_plus_note_hash_music21_consensus_v1,53664a7ef3eed4af690568e16a357a2f88698e7f0a05fe854316b884807534da
music21_1055.mid,Bb,1055,pop1k7:src_004:1055,data/pop1k7_official/Pop1K7/midi_analyzed/src_004/1055.mid,f83a00de969811ec0e7fb89ea1a67dbd36b665eda28982510bf5f1c940ee36ff,data/pop1k7_official/Pop1K7/midi_synchronized/src_004/1055.mid,d4bc6e67045b035be03368b41fafa7107226aa3a266473a313dca06c7cd31841,7999603158a8cc17fa426cfa0068f8a82ee2ecaa0a144f238a2633ce1c31ee5e,10,2,music21.key.krumhanslschmuckler,music21.key.aardenessen,same_release_path_plus_note_hash_music21_consensus_v1,53664a7ef3eed4af690568e16a357a2f88698e7f0a05fe854316b884807534da
music21_1057.mid,ab,1057,pop1k7:src_004:1057,data/pop1k7_official/Pop1K7/midi_analyzed/src_004/1057.mid,bd0e117500e6a7c63d004d49fdd73290a75e09fcd4bc9f433c4aa63b2fe37258,data/pop1k7_official/Pop1K7/midi_synchronized/src_004/1057.mid,6ecbc49b014992da97081727130e83a80db97b28253fd4decffed548f52b97e0,8629184ac9afbd2eb36515399160acdd2b132701f08ec00086da07a8c24283be,11,1,music21.key.krumhanslschmuckler,music21.key.aardenessen,same_release_path_plus_note_hash_music21_consensus_v1,53664a7ef3eed4af690568e16a357a2f88698e7f0a05fe854316b884807534da
music21_1058.mid,A,1058,pop1k7:src_004:1058,data/pop1k7_official/Pop1K7/midi_analyzed/src_004/1058.mid,bed7a561f5411276f1ea86efad9ae534e24bb87c6168d5a9b37275cf317cfeb3,data/pop1k7_official/Pop1K7/midi_synchronized/src_004/1058.mid,1a503b2b370c71537544e94eb40ecf1d08b6914f3cf716a9a241454786620a45,35a045fe25dcea46a76fa9d33bcfea50b5d79b3598809f8e99376a62f268021e,9,3,music21.key.krumhanslschmuckler,music21.key.aardenessen,same_release_path_plus_note_hash_music21_consensus_v1,53664a7ef3eed4af690568e16a357a2f88698e7f0a05fe854316b884807534da
music21_1059.mid,G,1059,pop1k7:src_004:1059,data/pop1k7_official/Pop1K7/midi_analyzed/src_004/1059.mid,0c63e64dbe467c22ba6994a0f3203892e71e5200d910615b9730c36a6c178cb7,data/pop1k7_official/Pop1K7/midi_synchronized/src_004/1059.mid,986ba099d808b3d37d28488ff1736abf5a1a81fd9fb50799111e7fb5b9347119,fd5a2c878a9162515c24f6a489f3f95e575c81e185c834a9a98c998148d14ef1,7,5,music21.key.krumhanslschmuckler,music21.key.aardenessen,same_release_path_plus_note_hash_music21_consensus_v1,53664a7ef3eed4af690568e16a357a2f88698e7f0a05fe854316b884807534da
music21_1060.mid,D,1060,pop1k7:src_004:1060,data/pop1k7_official/Pop1K7/midi_analyzed/src_004/1060.mid,9c61b314fd88e87303cdf6eef5a2ce84503fd08a50dc4ee548f378763ef6088d,data/pop1k7_official/Pop1K7/midi_synchronized/src_004/1060.mid,daec082312cbb9e31feb10421e469c0aa54e3de4792c3e726097edb86561ce35,a9416ccc0dc62095be0cc4e3a5d022f4e220e4b9710f69f1b46c60bf0e2058f3,2,-2,music21.key.krumhanslschmuckler,music21.key.aardenessen,same_release_path_plus_note_hash_music21_consensus_v1,53664a7ef3eed4af690568e16a357a2f88698e7f0a05fe854316b884807534da
music21_1061.mid,C,1061,pop1k7:src_004:1061,data/pop1k7_official/Pop1K7/midi_analyzed/src_004/1061.mid,648c647ddfc65d1dac80d9cf5356968c557150e0178863574550b241617f17f9,data/pop1k7_official/Pop1K7/midi_synchronized/src_004/1061.mid,ac6563d106908c576235f4f75da052675ed86faf49f06b1267e8b9c70277415c,10eebcf379c70d70ad10d7e5ba58a0b8bbccd9f4e6e3d865e535c03b64c9c7a1,0,0,music21.key.krumhanslschmuckler,music21.key.aardenessen,same_release_path_plus_note_hash_music21_consensus_v1,53664a7ef3eed4af690568e16a357a2f88698e7f0a05fe854316b884807534da
music21_1062.mid,d,1062,pop1k7:src_004:1062,data/pop1k7_official/Pop1K7/midi_analyzed/src_004/1062.mid,39332e3e3893c69584af6a99f33b8b88a8ae7c44fb343006a42ad94bf5bb839c,data/pop1k7_official/Pop1K7/midi_synchronized/src_004/1062.mid,758d64f61e5efcf9aa3c2ff9143d332e9ccbb8cbce73cf6bbfd6b7432f069371,8531abbc435cbf7cf23e59c7dba47cb484e2e4f767ea04f60601cc16be2561b6,5,-5,music21.key.krumhanslschmuckler,music21.key.aardenessen,same_release_path_plus_note_hash_music21_consensus_v1,53664a7ef3eed4af690568e16a357a2f88698e7f0a05fe854316b884807534da
music21_1063.mid,a,1063,pop1k7:src_004:1063,data/pop1k7_official/Pop1K7/midi_analyzed/src_004/1063.mid,7a5ad2bda50cdbb8e95a709f8443c8501e34fd05d89a4efad07bf8204ece9890,data/pop1k7_official/Pop1K7/midi_synchronized/src_004/1063.mid,bec2766f3bec0acc7fea77fce34775e64bd4e46f6ef36546404777ff3cac7a98,64fe442da255f909f9604c28d6faf826d68d54285a3e2038c10191f2b6631186,0,0,music21.key.krumhanslschmuckler,music21.key.aardenessen,same_release_path_plus_note_hash_music21_consensus_v1,53664a7ef3eed4af690568e16a357a2f88698e7f0a05fe854316b884807534da
music21_1064.mid,D,1064,pop1k7:src_004:1064,data/pop1k7_official/Pop1K7/midi_analyzed/src_004/1064.mid,2f138a11b5506f9f2d6c0c8863f8305ce4e647e3a3af64eeb918e99b01bb9b21,data/pop1k7_official/Pop1K7/midi_synchronized/src_004/1064.mid,f39e9b41c7e0e0982d055e5ceb516b86d61227f79e4dc42b27dbc2acf09a2744,4ab6483242e2dd6457e8f1c8de8029c87c7740d179f60f6e9375d8a6f357a2d4,2,-2,music21.key.krumhanslschmuckler,music21.key.aardenessen,same_release_path_plus_note_hash_music21_consensus_v1,53664a7ef3eed4af690568e16a357a2f88698e7f0a05fe854316b884807534da
music21_1065.mid,Ab,1065,pop1k7:src_004:1065,data/pop1k7_official/Pop1K7/midi_analyzed/src_004/1065.mid,d7e5af8916121bf7185a1457d1809bf5ca5d05615c23f992c2304657b25e8fa7,data/pop1k7_official/Pop1K7/midi_synchronized/src_004/1065.mid,48d9c217df6af43a94467e8f11875351f2aedeb536e4c108dd20fc9247d5a0df,e39ee15b9cff83a98559c5b2f1cb8476fa32799d2fa4095db830988660ef09f1,8,4,music21.key.krumhanslschmuckler,music21.key.aardenessen,same_release_path_plus_note_hash_music21_consensus_v1,53664a7ef3eed4af690568e16a357a2f88698e7f0a05fe854316b884807534da
music21_1066.mid,F,1066,pop1k7:src_004:1066,data/pop1k7_official/Pop1K7/midi_analyzed/src_004/1066.mid,94366a979b97f7511c59f3af5780fe1d0ec738394ac9da702a3d200308ecbcb6,data/pop1k7_official/Pop1K7/midi_synchronized/src_004/1066.mid,c9892935e4ef5b52d0cc6ba0c66cb0904176667ce3e306bd7e83828c93f4f48a,110ba1b25748887ee0123b53f8f38b84ae84dce34d3d9bd69c61f1c2cec755e9,5,-5,music21.key.krumhanslschmuckler,music21.key.aardenessen,same_release_path_plus_note_hash_music21_consensus_v1,53664a7ef3eed4af690568e16a357a2f88698e7f0a05fe854316b884807534da
music21_1067.mid,E,1067,pop1k7:src_004:1067,data/pop1k7_official/Pop1K7/midi_analyzed/src_004/1067.mid,bb976ff2b03bb532239a812b1ab0751514c5cf89fb958c56f26c2f868d8083d4,data/pop1k7_official/Pop1K7/midi_synchronized/src_004/1067.mid,5dca5d20d6815af586d2be3ed158a3b28578dc5f16796a45d12727ca33d21d1d,5b8fa785bc19b3f095a9f7baccc09c3af4b06f89ecd17d8124e742259f9f6e5b,4,-4,music21.key.krumhanslschmuckler,music21.key.aardenessen,same_release_path_plus_note_hash_music21_consensus_v1,53664a7ef3eed4af690568e16a357a2f88698e7f0a05fe854316b884807534da
music21_1068.mid,G,1068,pop1k7:src_004:1068,data/pop1k7_official/Pop1K7/midi_analyzed/src_004/1068.mid,c620a24a9363fa0046ce805b3c88112f856f6b7e4d83a164c039c9e803c4f415,data/pop1k7_official/Pop1K7/midi_synchronized/src_004/1068.mid,5b7a85f21dee76ff7b21d44da66eb44ad0881033cf819f5c58ef7459828d07d9,a32d3d8298f6370b0ec0bef87b0ddc7b7627b64d2e305c51a410f35ae34e019e,7,5,music21.key.krumhanslschmuckler,music21.key.aardenessen,same_release_path_plus_note_hash_music21_consensus_v1,53664a7ef3eed4af690568e16a357a2f88698e7f0a05fe854316b884807534da
music21_1069.mid,F#,1069,pop1k7:src_004:1069,data/pop1k7_official/Pop1K7/midi_analyzed/src_004/1069.mid,4379c850778ff383b123fe0951ebe0a663321396031b42a567de5fbae5fd1961,data/pop1k7_official/Pop1K7/midi_synchronized/src_004/1069.mid,cf190a558124654adbcd9f546e57d0bf4af453bf8f3d929e454ecf8efd98ac32,f9632cadaa840172a623780e933c553ed1f0a2deed9c6333437baef6f6acfafe,6,6,music21.key.krumhanslschmuckler,music21.key.aardenessen,same_release_path_plus_note_hash_music21_consensus_v1,53664a7ef3eed4af690568e16a357a2f88698e7f0a05fe854316b884807534da
music21_1070.mid,F#,1070,pop1k7:src_004:1070,data/pop1k7_official/Pop1K7/midi_analyzed/src_004/1070.mid,58260946f2be84d703da16db5f759f735305d082840b3a71c119580e4a2b7ce5,data/pop1k7_official/Pop1K7/midi_synchronized/src_004/1070.mid,ef6c572b10ca814e6c65a41ba2597d4cf6088b06c04e136d4395d37adb8f4ca5,7ebaf414da548b0c2ce6a5fa104b2cfb0bc4fbc1134dc56c34422450db2119b0,6,6,music21.key.krumhanslschmuckler,music21.key.aardenessen,same_release_path_plus_note_hash_music21_consensus_v1,53664a7ef3eed4af690568e16a357a2f88698e7f0a05fe854316b884807534da
music21_1071.mid,g,1071,pop1k7:src_004:1071,data/pop1k7_official/Pop1K7/midi_analyzed/src_004/1071.mid,cfe986de624f2bbef3bf4d1c311d28e857b3c24f2eef59297b7817461b933d6f,data/pop1k7_official/Pop1K7/midi_synchronized/src_004/1071.mid,616c9473b71364861392b62f543bf347c017ee8678101a370f90dde14afc5613,b058765e08fd0648c5fcf2861f7fe0145abc40d1fda60b64b2bd74eb24905025,10,2,music21.key.krumhanslschmuckler,music21.key.aardenessen,same_release_path_plus_note_hash_music21_consensus_v1,53664a7ef3eed4af690568e16a357a2f88698e7f0a05fe854316b884807534da
music21_1073.mid,C#,1073,pop1k7:src_004:1073,data/pop1k7_official/Pop1K7/midi_analyzed/src_004/1073.mid,b53c0dcce4a9333e1e88a7d86e29ec9fedbd30cf3d9131b6a65fa4c045343b6f,data/pop1k7_official/Pop1K7/midi_synchronized/src_004/1073.mid,7cf7c2c533f8cdd0d9f30514446460fd6db903b5136f39a6c3ea29907e3e8162,919d8b43164cc8aa0d2f23bb73f49639e11a49e8ce46ef3abe978acbd372b6f0,1,-1,music21.key.krumhanslschmuckler,music21.key.aardenessen,same_release_path_plus_note_hash_music21_consensus_v1,53664a7ef3eed4af690568e16a357a2f88698e7f0a05fe854316b884807534da
music21_1074.mid,G,1074,pop1k7:src_004:1074,data/pop1k7_official/Pop1K7/midi_analyzed/src_004/1074.mid,14b13c158fa1ca9e24ba18345a6453f77f1903e288a81264abdbb76a005538d4,data/pop1k7_official/Pop1K7/midi_synchronized/src_004/1074.mid,f64b3c84532af18882029c10b024053c8249ed8f2322d2a1170e52fabbb9c11d,601fca7fa75e81f0d24d314d3db59626c08dfbbbb30398178f05bef04f33782b,7,5,music21.key.krumhanslschmuckler,music21.key.aardenessen,same_release_path_plus_note_hash_music21_consensus_v1,53664a7ef3eed4af690568e16a357a2f88698e7f0a05fe854316b884807534da
music21_1075.mid,C,1075,pop1k7:src_004:1075,data/pop1k7_official/Pop1K7/midi_analyzed/src_004/1075.mid,94c49fd47c86b5fd577ec3fd7a3e2e79a1ffa652ce4edfa7b650680e07c6a033,data/pop1k7_official/Pop1K7/midi_synchronized/src_004/1075.mid,3df86c6c955cef5a0e777f81f2dd738c23ad807632279eb4abd0e98d82879567,3be985d5992c03dc9bfd93c567b98df3cd34800da7b43998798d806f04183ba8,0,0,music21.key.krumhanslschmuckler,music21.key.aardenessen,same_release_path_plus_note_hash_music21_consensus_v1,53664a7ef3eed4af690568e16a357a2f88698e7f0a05fe854316b884807534da
music21_1076.mid,A,1076,pop1k7:src_004:1076,data/pop1k7_official/Pop1K7/midi_analyzed/src_004/1076.mid,9a4bae77089cf9c22aae70bc4be583a7a39b9065124bdb92d631a22063f556bb,data/pop1k7_official/Pop1K7/midi_synchronized/src_004/1076.mid,8b21f746e65137d5335d441d3547964353aafb6e565b2c5907a9624502b8338c,9ae91aa9e9b34e44026a545f899ad20632f74d268a87713f5cac29b805a7b454,9,3,music21.key.krumhanslschmuckler,music21.key.aardenessen,same_release_path_plus_note_hash_music21_consensus_v1,53664a7ef3eed4af690568e16a357a2f88698e7f0a05fe854316b884807534da
music21_1077.mid,c#,1077,pop1k7:src_004:1077,data/pop1k7_official/Pop1K7/midi_analyzed/src_004/1077.mid,1a5ab80a08bbdfeeadd87850abc577abf9255f521c07ef36442f09f9a12b8569,data/pop1k7_official/Pop1K7/midi_synchronized/src_004/1077.mid,c17fad924f6b964af0e9aadd050d68afe9dc858083f6a3e33a1c5db5b384141a,62801b8df40d026b0780e624309a6252b7cef94c8c836221a3d102831d98457c,4,-4,music21.key.krumhanslschmuckler,music21.key.aardenessen,same_release_path_plus_note_hash_music21_consensus_v1,53664a7ef3eed4af690568e16a357a2f88698e7f0a05fe854316b884807534da
music21_1078.mid,C#,1078,pop1k7:src_004:1078,data/pop1k7_official/Pop1K7/midi_analyzed/src_004/1078.mid,f6599dce2c46c2dd40d2eb17836f91a2d0ed9466dc36be1d05d553d184e27e28,data/pop1k7_official/Pop1K7/midi_synchronized/src_004/1078.mid,a720656ca90be11e31dae09b7e642715034487a40ee13e73e25c724298d8e643,a89db51081defc5a3555440a678a04d1a62e258a79d557e6412106c3f87b20b2,1,-1,music21.key.krumhanslschmuckler,music21.key.aardenessen,same_release_path_plus_note_hash_music21_consensus_v1,53664a7ef3eed4af690568e16a357a2f88698e7f0a05fe854316b884807534da
music21_1080.mid,eb,1080,pop1k7:src_004:1080,data/pop1k7_official/Pop1K7/midi_analyzed/src_004/1080.mid,7f60d6e6dde887ecc9983ef09d012b348da28f32026dae95260d2a0572884a72,data/pop1k7_official/Pop1K7/midi_synchronized/src_004/1080.mid,3b14bd64946fac092876be5744eb51842706d23172a16f59ef493a0bc007cefd,c6a94ee7b4b4e4bbd9885832d8ff3b775ecb9babd9e5aac29e85d417cecb164a,6,6,music21.key.krumhanslschmuckler,music21.key.aardenessen,same_release_path_plus_note_hash_music21_consensus_v1,53664a7ef3eed4af690568e16a357a2f88698e7f0a05fe854316b884807534da
music21_1081.mid,C,1081,pop1k7:src_004:1081,data/pop1k7_official/Pop1K7/midi_analyzed/src_004/1081.mid,d2b5ebdb5de829accd7f06eb32b1caf209cf02b1287853648f0a5b5832a3b029,data/pop1k7_official/Pop1K7/midi_synchronized/src_004/1081.mid,9a1e496486d7b89e45180e1981d87f2ed0b41ac273938ac7c672602256ae0742,5dfa59378a8382e9e1ada5c750dbab8b874b30641d62498d2695223aa36718b3,0,0,music21.key.krumhanslschmuckler,music21.key.aardenessen,same_release_path_plus_note_hash_music21_consensus_v1,53664a7ef3eed4af690568e16a357a2f88698e7f0a05fe854316b884807534da
music21_1082.mid,Bb,1082,pop1k7:src_004:1082,data/pop1k7_official/Pop1K7/midi_analyzed/src_004/1082.mid,bee6ada49e6f04b29f1ef06149339e6fdc76a5a93b8dedfc4c0a3a9aab1d3024,data/pop1k7_official/Pop1K7/midi_synchronized/src_004/1082.mid,51210964dd7c71e4b02a54726a8115ed2860252c50a1db15fcc61e8215953767,e872a580443938b409259009a6eb53a9d07b3b22b044edce3f6534680c05eaf5,10,2,music21.key.krumhanslschmuckler,music21.key.aardenessen,same_release_path_plus_note_hash_music21_consensus_v1,53664a7ef3eed4af690568e16a357a2f88698e7f0a05fe854316b884807534da
music21_1084.mid,D,1084,pop1k7:src_004:1084,data/pop1k7_official/Pop1K7/midi_analyzed/src_004/1084.mid,b653ae0dec79f096521bc1eaba52796fd8df5fb04aa262332f400f80da0309a5,data/pop1k7_official/Pop1K7/midi_synchronized/src_004/1084.mid,afa5bb5c4afb912ec84d163de4305a53b240c68a15fb70506cdee34bd1280d08,82a5636308640a07ba3a12cabf166408e40afea29ade076e4f7cb3159585617f,2,-2,music21.key.krumhanslschmuckler,music21.key.aardenessen,same_release_path_plus_note_hash_music21_consensus_v1,53664a7ef3eed4af690568e16a357a2f88698e7f0a05fe854316b884807534da
music21_1086.mid,E,1086,pop1k7:src_004:1086,data/pop1k7_official/Pop1K7/midi_analyzed/src_004/1086.mid,e02f1a95c73d1365ea12454cf65e909137c199a62a65766edb6a06f949b54b14,data/pop1k7_official/Pop1K7/midi_synchronized/src_004/1086.mid,a01ebb10311569bc794f37c01510f1a97a04b10c25abe4fa30bce7b7afcbdcd7,0ae8de12adcb01cdc91c3ae291e0785174cc0de016782a93378a6fd44f9ae7a1,4,-4,music21.key.krumhanslschmuckler,music21.key.aardenessen,same_release_path_plus_note_hash_music21_consensus_v1,53664a7ef3eed4af690568e16a357a2f88698e7f0a05fe854316b884807534da
music21_1087.mid,d,1087,pop1k7:src_004:1087,data/pop1k7_official/Pop1K7/midi_analyzed/src_004/1087.mid,8eea21518131b01686f2d6ad5c72f0c673b40149768f161adc7f7e7425116007,data/pop1k7_official/Pop1K7/midi_synchronized/src_004/1087.mid,3ce471363cc30fc9903abcce39790d0cc2ddd82b111e6632e524f201fde97db0,9289905e484d4ca05977c3b404dd9024c27a5fcc3d2eaa808eedb7cff0f68c0a,5,-5,music21.key.krumhanslschmuckler,music21.key.aardenessen,same_release_path_plus_note_hash_music21_consensus_v1,53664a7ef3eed4af690568e16a357a2f88698e7f0a05fe854316b884807534da
music21_1089.mid,F,1089,pop1k7:src_004:1089,data/pop1k7_official/Pop1K7/midi_analyzed/src_004/1089.mid,3bec884220188c481870e9192b9f3d741611dbe4a33d5df5c03185265a14dbe5,data/pop1k7_official/Pop1K7/midi_synchronized/src_004/1089.mid,ebca14e4a9d75fead164ee40051bb82768d2a6fe51dae3992d591caaf9e2e3a2,b215f47226d4f13239d62db27cf6e432e58776b46a6f7ed1d9029a70a89a5f29,5,-5,music21.key.krumhanslschmuckler,music21.key.aardenessen,same_release_path_plus_note_hash_music21_consensus_v1,53664a7ef3eed4af690568e16a357a2f88698e7f0a05fe854316b884807534da
music21_1092.mid,f#,1092,pop1k7:src_004:1092,data/pop1k7_official/Pop1K7/midi_analyzed/src_004/1092.mid,cd97a0ba881ebdd9c65d9aa1e99ac8d07790dcdc02032322bd0f8f82fd0e281b,data/pop1k7_official/Pop1K7/midi_synchronized/src_004/1092.mid,00bf684ae768e9c07d2c57a756e6a6df89d6019af36a7e51caa24eff46890850,f6cb8aa5bbed093730391081f8d00c04d052b2f3fa8b812e36708e969ba8d701,9,3,music21.key.krumhanslschmuckler,music21.key.aardenessen,same_release_path_plus_note_hash_music21_consensus_v1,53664a7ef3eed4af690568e16a357a2f88698e7f0a05fe854316b884807534da
music21_1093.mid,Bb,1093,pop1k7:src_004:1093,data/pop1k7_official/Pop1K7/midi_analyzed/src_004/1093.mid,8bc2a23a433f7f1c79285e5e5cfe813c9338dbbe849e62bef1131174fba279d5,data/pop1k7_official/Pop1K7/midi_synchronized/src_004/1093.mid,22308094affdb386095ae29e908b5fd3a757f31d70bbca38ea17631333d78cb4,4e4fca39a7eb6640d072ab27bccdc33aeaf52476e1ab54187c70b002246ea7ff,10,2,music21.key.krumhanslschmuckler,music21.key.aardenessen,same_release_path_plus_note_hash_music21_consensus_v1,53664a7ef3eed4af690568e16a357a2f88698e7f0a05fe854316b884807534da
music21_1094.mid,C#,1094,pop1k7:src_004:1094,data/pop1k7_official/Pop1K7/midi_analyzed/src_004/1094.mid,dd6a7bd0d44f744f5f6568d1c6e76f04e74f6cf86440e4fe7c6a1a14f3b15f40,data/pop1k7_official/Pop1K7/midi_synchronized/src_004/1094.mid,fa307ca020c7b371d21e0cb51a8cae4b0620b1aeb0799dd3819eca8561652716,e40c52774443a6cf494866e477f0616c22a4d7af99673a74b9dae5535e52a6ca,1,-1,music21.key.krumhanslschmuckler,music21.key.aardenessen,same_release_path_plus_note_hash_music21_consensus_v1,53664a7ef3eed4af690568e16a357a2f88698e7f0a05fe854316b884807534da
music21_1095.mid,F,1095,pop1k7:src_004:1095,data/pop1k7_official/Pop1K7/midi_analyzed/src_004/1095.mid,248d1fb44c008eafe0523fccb7327c29ff14694ac971f014f6737745806f4377,data/pop1k7_official/Pop1K7/midi_synchronized/src_004/1095.mid,f3413d25f54e222e97022cf99ec9c6c8454a9ceebf6f3956604d62270ae435f8,babae043eed00f612c360f4c8329b029fb69ff24696258c67c94cb50846d9465,5,-5,music21.key.krumhanslschmuckler,music21.key.aardenessen,same_release_path_plus_note_hash_music21_consensus_v1,53664a7ef3eed4af690568e16a357a2f88698e7f0a05fe854316b884807534da
music21_1096.mid,Eb,1096,pop1k7:src_004:1096,data/pop1k7_official/Pop1K7/midi_analyzed/src_004/1096.mid,87515e67733faf48f47cf7fe473b8d0b3a5b23ccbcecad266637bc2976397171,data/pop1k7_official/Pop1K7/midi_synchronized/src_004/1096.mid,47af0002e93f033921461ee56a85537f2c61609316d335382123b1882a3a79b1,d031622215c70c9159b391f8fae2bf2d2951c7a0b78c46c47f8053d2198e83b2,3,-3,music21.key.krumhanslschmuckler,music21.key.aardenessen,same_release_path_plus_note_hash_music21_consensus_v1,53664a7ef3eed4af690568e16a357a2f88698e7f0a05fe854316b884807534da
music21_1097.mid,Ab,1097,pop1k7:src_004:1097,data/pop1k7_official/Pop1K7/midi_analyzed/src_004/1097.mid,ae433bf1f1bcc2bf55de3009862e234ef47c64e4ed41894c4af2887a370009ae,data/pop1k7_official/Pop1K7/midi_synchronized/src_004/1097.mid,49d91331041f837b38172b8127a9bcbe50503454ef8ec6a82da46ad3c454f3db,73860eeff46275fe51aef06868b1253900e79b9c100b23c59ed4749f2890891c,8,4,music21.key.krumhanslschmuckler,music21.key.aardenessen,same_release_path_plus_note_hash_music21_consensus_v1,53664a7ef3eed4af690568e16a357a2f88698e7f0a05fe854316b884807534da
music21_1100.mid,C,1100,pop1k7:src_004:1100,data/pop1k7_official/Pop1K7/midi_analyzed/src_004/1100.mid,d06f5f0659e6b00e9f45cc622e6eca097f8eece2c5538eacbf2f3cda61912b38,data/pop1k7_official/Pop1K7/midi_synchronized/src_004/1100.mid,44a4cc6765200954409172851292ebd111f77da64e1698eaf00baea893c68867,97ce02da93bfd1421692783cc53f4560fd7884f50ae74ddb0b4fea60d61470df,0,0,music21.key.krumhanslschmuckler,music21.key.aardenessen,same_release_path_plus_note_hash_music21_consensus_v1,53664a7ef3eed4af690568e16a357a2f88698e7f0a05fe854316b884807534da
music21_1101.mid,f#,1101,pop1k7:src_004:1101,data/pop1k7_official/Pop1K7/midi_analyzed/src_004/1101.mid,440fff9593a47dd8d2707b9ce50209b60d5bd362cf9dc7b6cff7a971bc4b6815,data/pop1k7_official/Pop1K7/midi_synchronized/src_004/1101.mid,492bcbfb11c4d9883d7b773d8edadce012a56094a8d212d741321397184471c8,b3d42410fdab19602cd101d879f33a4fdcb62a864aabcf2a3388b1c5f98cce72,9,3,music21.key.krumhanslschmuckler,music21.key.aardenessen,same_release_path_plus_note_hash_music21_consensus_v1,53664a7ef3eed4af690568e16a357a2f88698e7f0a05fe854316b884807534da
music21_1102.mid,E,1102,pop1k7:src_004:1102,data/pop1k7_official/Pop1K7/midi_analyzed/src_004/1102.mid,41d848750135b6b051588ea906c77219562d23cedba60d28f9e6451490f0b32a,data/pop1k7_official/Pop1K7/midi_synchronized/src_004/1102.mid,2fec4a0d1280003e10d0b93e61b1453d9dd9d573eb79ace4e94aea3091ad9eb7,1ec5c471981e59665b0735ae25db4a470034f8ca4d5abd3ab736899e9c8976f8,4,-4,music21.key.krumhanslschmuckler,music21.key.aardenessen,same_release_path_plus_note_hash_music21_consensus_v1,53664a7ef3eed4af690568e16a357a2f88698e7f0a05fe854316b884807534da
music21_1103.mid,A,1103,pop1k7:src_004:1103,data/pop1k7_official/Pop1K7/midi_analyzed/src_004/1103.mid,3f949d91f5a1f76bed73f5f30d85a9ee806957235fdcdd996b60cc0a0cc86989,data/pop1k7_official/Pop1K7/midi_synchronized/src_004/1103.mid,606e0e0b0aa9a3ce68dcb26aacb0d3b764d7d7399e5c6bcc81ad235403c8d28f,c3952dcfffe65121a9bf0e65a89f73a6f659c78a32e4ee43e1874a25518b260e,9,3,music21.key.krumhanslschmuckler,music21.key.aardenessen,same_release_path_plus_note_hash_music21_consensus_v1,53664a7ef3eed4af690568e16a357a2f88698e7f0a05fe854316b884807534da
music21_1104.mid,F,1104,pop1k7:src_004:1104,data/pop1k7_official/Pop1K7/midi_analyzed/src_004/1104.mid,e677bfa16ddeb93902458b4ad8f03d89b289a20ab8c73a5bb4546bb5a9cd0412,data/pop1k7_official/Pop1K7/midi_synchronized/src_004/1104.mid,a5bdb91b5352c18a2484549ffec91b19d6b590ebbac95ca8511e11dce39400c9,232c89b7b95b7584b56dc71992cc87b80bb310e50e5d350623ea2a8f8386cbdd,5,-5,music21.key.krumhanslschmuckler,music21.key.aardenessen,same_release_path_plus_note_hash_music21_consensus_v1,53664a7ef3eed4af690568e16a357a2f88698e7f0a05fe854316b884807534da
music21_1105.mid,A,1105,pop1k7:src_004:1105,data/pop1k7_official/Pop1K7/midi_analyzed/src_004/1105.mid,58d5a8d999d643317db0b221932e964bb7225739d1f83e05e484dd79dd0e267b,data/pop1k7_official/Pop1K7/midi_synchronized/src_004/1105.mid,fa21cfc4c713938a913e02a8cee24544c83547750633ac8cdfb0959e5c42770c,522af6cb3c504e9c6d199899001fa1f71e460b2d3a6fc4c39631c55e7dfe96bd,9,3,music21.key.krumhanslschmuckler,music21.key.aardenessen,same_release_path_plus_note_hash_music21_consensus_v1,53664a7ef3eed4af690568e16a357a2f88698e7f0a05fe854316b884807534da
music21_1106.mid,G,1106,pop1k7:src_004:1106,data/pop1k7_official/Pop1K7/midi_analyzed/src_004/1106.mid,3662ed4f11f69ef1b953a597f6d2a020c5b462baedc7de201a662c1d136786a5,data/pop1k7_official/Pop1K7/midi_synchronized/src_004/1106.mid,e5e62a4896dc3630995a851a57ce99f920c18aca1f4cf083c8471f10a87d7d94,4fb8c113b0dfe74d66909d6d7ad0d398ac78d90883b9a0215f88d58018eab681,7,5,music21.key.krumhanslschmuckler,music21.key.aardenessen,same_release_path_plus_note_hash_music21_consensus_v1,53664a7ef3eed4af690568e16a357a2f88698e7f0a05fe854316b884807534da
music21_1107.mid,C,1107,pop1k7:src_004:1107,data/pop1k7_official/Pop1K7/midi_analyzed/src_004/1107.mid,a71a1d12d94c2940f326efd9c61fe712ba1feed1c11f813d7214b017fef961e1,data/pop1k7_official/Pop1K7/midi_synchronized/src_004/1107.mid,ac9f4cc5583ab0b61f8a002241232f3f85c4a54eccee830f19013ce8b408540b,d7cc072eb0293e16f976867f71e491de9331626f9f3125fe9dcf07a8d9edb1b9,0,0,music21.key.krumhanslschmuckler,music21.key.aardenessen,same_release_path_plus_note_hash_music21_consensus_v1,53664a7ef3eed4af690568e16a357a2f88698e7f0a05fe854316b884807534da
music21_1109.mid,e,1109,pop1k7:src_004:1109,data/pop1k7_official/Pop1K7/midi_analyzed/src_004/1109.mid,34d0fc6390b8fb47966eed01c173ebcb9142d50edf797affc5d9d640d50e58b6,data/pop1k7_official/Pop1K7/midi_synchronized/src_004/1109.mid,333d2edc801d3257bd31f785c0a4862dafb18786362d8a4d6ad7d6ddec69ff66,747e597c27883d7bc5b7a958dee6cd360c75bf469728bc9ef3635c0eccf06515,7,5,music21.key.krumhanslschmuckler,music21.key.aardenessen,same_release_path_plus_note_hash_music21_consensus_v1,53664a7ef3eed4af690568e16a357a2f88698e7f0a05fe854316b884807534da
music21_1111.mid,C,1111,pop1k7:src_004:1111,data/pop1k7_official/Pop1K7/midi_analyzed/src_004/1111.mid,d0d22b3d54ba4fce7e5ffff92538056da9a6f6714ebb64eeb66b8b49af0e38a6,data/pop1k7_official/Pop1K7/midi_synchronized/src_004/1111.mid,c58c90945fb20ed5f5c4ccffd7f3c9d23c0a42e60136e9f9e933134d4ffba83b,7c31de501d84452f9d7fd69649c7ebb13227032d2151bcad5b56c4067d8d404b,0,0,music21.key.krumhanslschmuckler,music21.key.aardenessen,same_release_path_plus_note_hash_music21_consensus_v1,53664a7ef3eed4af690568e16a357a2f88698e7f0a05fe854316b884807534da
music21_1112.mid,E,1112,pop1k7:src_004:1112,data/pop1k7_official/Pop1K7/midi_analyzed/src_004/1112.mid,6a736b88ece9108b0d78bc0f6bd7cd84486e211de15e6570b67a47b3314d590f,data/pop1k7_official/Pop1K7/midi_synchronized/src_004/1112.mid,fd6cbd7be6303b7a26d382c253a7678693e8c451b1b557608654ae238aa947e1,37728e84c0b5bb8810e95fa068d2d416c0c0e1b33c4ddd562559454fa1e07fb5,4,-4,music21.key.krumhanslschmuckler,music21.key.aardenessen,same_release_path_plus_note_hash_music21_consensus_v1,53664a7ef3eed4af690568e16a357a2f88698e7f0a05fe854316b884807534da
music21_1114.mid,Ab,1114,pop1k7:src_004:1114,data/pop1k7_official/Pop1K7/midi_analyzed/src_004/1114.mid,784bfa2d9caead2814000dc21ab78e2fe7d68ada0f92a3a46a3cfcde6e47357d,data/pop1k7_official/Pop1K7/midi_synchronized/src_004/1114.mid,452e081ad0e941642519be9adaeb0669f60957d4b5ebacbe81ecbbdc82ea476c,4142ef7f9fde354cad2d355b36b3f34f7e7653f9f7a70bf03f35e09baebda77a,8,4,music21.key.krumhanslschmuckler,music21.key.aardenessen,same_release_path_plus_note_hash_music21_consensus_v1,53664a7ef3eed4af690568e16a357a2f88698e7f0a05fe854316b884807534da
music21_1115.mid,D,1115,pop1k7:src_004:1115,data/pop1k7_official/Pop1K7/midi_analyzed/src_004/1115.mid,57e4957c39d19bf49104ddf144198942d75b8abff1440bb96753fe7a90897408,data/pop1k7_official/Pop1K7/midi_synchronized/src_004/1115.mid,1d231dc22511172729247e1da463a853bf77e984fa4e4bb5f373a59d6a54cbe7,36f490e98accee7e4da8eb9cc924a586b040fe4fa6395fccabfd3cb2771488ec,2,-2,music21.key.krumhanslschmuckler,music21.key.aardenessen,same_release_path_plus_note_hash_music21_consensus_v1,53664a7ef3eed4af690568e16a357a2f88698e7f0a05fe854316b884807534da
music21_1116.mid,E,1116,pop1k7:src_004:1116,data/pop1k7_official/Pop1K7/midi_analyzed/src_004/1116.mid,b383650bf4003b08ecf3eed2bd9a4d97f5b212d7bfacc61644e8082374716267,data/pop1k7_official/Pop1K7/midi_synchronized/src_004/1116.mid,6d591dee8caf4638077773b02fb462b29f35902cee6d1a3c5d1211f5f81e1d7e,4d0119200ce27a8ebdf08d7e337c727ad504816e065d84ab4c653eaa0086b67d,4,-4,music21.key.krumhanslschmuckler,music21.key.aardenessen,same_release_path_plus_note_hash_music21_consensus_v1,53664a7ef3eed4af690568e16a357a2f88698e7f0a05fe854316b884807534da
music21_1117.mid,f#,1117,pop1k7:src_004:1117,data/pop1k7_official/Pop1K7/midi_analyzed/src_004/1117.mid,151e62a7c738adb1e8c26cb09c74715544c336a862cca66141311fe5968d2bc4,data/pop1k7_official/Pop1K7/midi_synchronized/src_004/1117.mid,1f666497ed10129685d2e7701cbcc7a0a7b1aad60c842e8234ffdbad73344245,c8d08d91b517389d03b8dd7508b3c99d30197bdd8a09fda2098f44a3f84af2fd,9,3,music21.key.krumhanslschmuckler,music21.key.aardenessen,same_release_path_plus_note_hash_music21_consensus_v1,53664a7ef3eed4af690568e16a357a2f88698e7f0a05fe854316b884807534da
music21_1118.mid,G,1118,pop1k7:src_004:1118,data/pop1k7_official/Pop1K7/midi_analyzed/src_004/1118.mid,a8338b7cbd0ead7b94b53acce486ae5796fa96e1b0c805e454932f854d8f02d9,data/pop1k7_official/Pop1K7/midi_synchronized/src_004/1118.mid,099fc2c81706e458b52b797a9450e7f8c4106f18873e275b065fb4cb3b6dd8fc,1b274bda302b5c7c76232eaefce7f1ec02fe973fc0fa0aac1e2b76669bbc9bc6,7,5,music21.key.krumhanslschmuckler,music21.key.aardenessen,same_release_path_plus_note_hash_music21_consensus_v1,53664a7ef3eed4af690568e16a357a2f88698e7f0a05fe854316b884807534da
music21_1119.mid,A,1119,pop1k7:src_004:1119,data/pop1k7_official/Pop1K7/midi_analyzed/src_004/1119.mid,1396e50b9f644e386c62bbd7456e31c2fe9b81f8982f98efbb542c96abd7c7e5,data/pop1k7_official/Pop1K7/midi_synchronized/src_004/1119.mid,8c2cae5f84dc34351db521da82e16d693fcf826b9c9514470685ed03d949843e,1bc61d0adb30d4b1d4af4f09df6a9bb602ec10b6cf5881a55bc75c3d0bc72e0d,9,3,music21.key.krumhanslschmuckler,music21.key.aardenessen,same_release_path_plus_note_hash_music21_consensus_v1,53664a7ef3eed4af690568e16a357a2f88698e7f0a05fe854316b884807534da
music21_1121.mid,F#,1121,pop1k7:src_004:1121,data/pop1k7_official/Pop1K7/midi_analyzed/src_004/1121.mid,386d1fd0c9869ae4a426e16c12874607f03e7ae6b15e83a3ad5e6b35e16fe7cc,data/pop1k7_official/Pop1K7/midi_synchronized/src_004/1121.mid,3a20d50bdaf35b0793b1c838e1182eb8338e7d13ac888cc1ccc9abea515ce8b7,7c434202b72eb2c0a269004ab33c952da66a5ae6b799543c27551648f194f562,6,6,music21.key.krumhanslschmuckler,music21.key.aardenessen,same_release_path_plus_note_hash_music21_consensus_v1,53664a7ef3eed4af690568e16a357a2f88698e7f0a05fe854316b884807534da
music21_1122.mid,F,1122,pop1k7:src_004:1122,data/pop1k7_official/Pop1K7/midi_analyzed/src_004/1122.mid,332e3e0bde76291b58a48ef01cd46077dd82896dd795439463bbdbcdd7dff0ac,data/pop1k7_official/Pop1K7/midi_synchronized/src_004/1122.mid,ddd90146e5c7576fd75226f2f21e7852de301d44078c1d139ea96123dad841ed,57a6cd0227ae15f54f7600c5851c2276fda646ced22a1b2ab8d969af155d6dbc,5,-5,music21.key.krumhanslschmuckler,music21.key.aardenessen,same_release_path_plus_note_hash_music21_consensus_v1,53664a7ef3eed4af690568e16a357a2f88698e7f0a05fe854316b884807534da
music21_1123.mid,Ab,1123,pop1k7:src_004:1123,data/pop1k7_official/Pop1K7/midi_analyzed/src_004/1123.mid,1480bcfef9d04317373ef2dc4c37e6dec45d3e2b0e85078239966b43b36e9156,data/pop1k7_official/Pop1K7/midi_synchronized/src_004/1123.mid,ce62774da9af53faf35c529e39dc4fecace057ae9a80674da4f94ab12c9eaae1,745a2cccb2bf337745b8d46837ed97fdfbe34913678eaf0cd95b78d43b43bf37,8,4,music21.key.krumhanslschmuckler,music21.key.aardenessen,same_release_path_plus_note_hash_music21_consensus_v1,53664a7ef3eed4af690568e16a357a2f88698e7f0a05fe854316b884807534da
music21_1124.mid,Bb,1124,pop1k7:src_004:1124,data/pop1k7_official/Pop1K7/midi_analyzed/src_004/1124.mid,21050a3b096c1031288700a780bd551f30bbf8dbe19937d16b4511c25be6c789,data/pop1k7_official/Pop1K7/midi_synchronized/src_004/1124.mid,270e27b890a3daec2eba0b5ec4c813f3e09f7daa5b6a49023056c81eb70b1a76,ba3b4b61a0a23a3071d76a3dfee325581cd82b36c4edb3b7b5a391735c452ab0,10,2,music21.key.krumhanslschmuckler,music21.key.aardenessen,same_release_path_plus_note_hash_music21_consensus_v1,53664a7ef3eed4af690568e16a357a2f88698e7f0a05fe854316b884807534da
music21_1125.mid,A,1125,pop1k7:src_004:1125,data/pop1k7_official/Pop1K7/midi_analyzed/src_004/1125.mid,1b6ea267fc3897d255049ee5f25585c9145a2708da321ad3d7bdc2d1f8f93a4c,data/pop1k7_official/Pop1K7/midi_synchronized/src_004/1125.mid,69417091dd6a4ecfda668f153c0b5442d876eedfe07ef1a300b00158f96b8138,e25a17b0859a4b34fd1c3c54c1c232b52fac70227e5bdf8f501e000b961809bc,9,3,music21.key.krumhanslschmuckler,music21.key.aardenessen,same_release_path_plus_note_hash_music21_consensus_v1,53664a7ef3eed4af690568e16a357a2f88698e7f0a05fe854316b884807534da
music21_1126.mid,bb,1126,pop1k7:src_004:1126,data/pop1k7_official/Pop1K7/midi_analyzed/src_004/1126.mid,406421ff943c46c401d72daef25dfa24699982884f6e598053b0ca827e7926fd,data/pop1k7_official/Pop1K7/midi_synchronized/src_004/1126.mid,9d849cbc0f4dbc71180cd6e5f80b4503c174a2cf52600eaded57a1684b092c39,9dee16476545b6522567bbf3ca88e8302e317b810114cd6ef96120ed50e7f308,1,-1,music21.key.krumhanslschmuckler,music21.key.aardenessen,same_release_path_plus_note_hash_music21_consensus_v1,53664a7ef3eed4af690568e16a357a2f88698e7f0a05fe854316b884807534da
music21_1127.mid,C#,1127,pop1k7:src_004:1127,data/pop1k7_official/Pop1K7/midi_analyzed/src_004/1127.mid,63c06fdb806bb6ee179f039788840c6c353b0be8f24148b4c48b89c7d63a8deb,data/pop1k7_official/Pop1K7/midi_synchronized/src_004/1127.mid,69e411d89c1065631a468d56d85d61601e8ba219733100bb81c8d7b8f0b90c31,c2eb8cab3920f248d6c1e705a865146113717ab85ca8a4c9065c5ec3a0d38ff3,1,-1,music21.key.krumhanslschmuckler,music21.key.aardenessen,same_release_path_plus_note_hash_music21_consensus_v1,53664a7ef3eed4af690568e16a357a2f88698e7f0a05fe854316b884807534da
music21_1129.mid,d,1129,pop1k7:src_004:1129,data/pop1k7_official/Pop1K7/midi_analyzed/src_004/1129.mid,374b2b7e2432bdb4bc1a6b02e2d4b09572e78bdedbe50ba1947febfe41288305,data/pop1k7_official/Pop1K7/midi_synchronized/src_004/1129.mid,66d3910d5dd21f3fd40a49f94b92e7721dd840fd1e5976fb26964d90a3c814b8,a0a8eb569ffb127e18426f943a1ac28bad09202f72cf0588cc5d4c868e9c44a3,5,-5,music21.key.krumhanslschmuckler,music21.key.aardenessen,same_release_path_plus_note_hash_music21_consensus_v1,53664a7ef3eed4af690568e16a357a2f88698e7f0a05fe854316b884807534da
music21_1130.mid,Bb,1130,pop1k7:src_004:1130,data/pop1k7_official/Pop1K7/midi_analyzed/src_004/1130.mid,59cf430b6d828f2146e1b7ab2fcc9792ed8dbf7fc4a5155708b9358986610860,data/pop1k7_official/Pop1K7/midi_synchronized/src_004/1130.mid,fc42f8edd796195bda7f12d2c31dc8184c1d8f31344d3fc01a06fcce17471d53,a69e789bbac7da4d073208924cb1b0aa2f5b08abc66540546997b76b4a1ab148,10,2,music21.key.krumhanslschmuckler,music21.key.aardenessen,same_release_path_plus_note_hash_music21_consensus_v1,53664a7ef3eed4af690568e16a357a2f88698e7f0a05fe854316b884807534da
music21_1131.mid,Ab,1131,pop1k7:src_004:1131,data/pop1k7_official/Pop1K7/midi_analyzed/src_004/1131.mid,9d1549c18e2beac7d4c7cc3dbd5373e51e0e6678edca413b0672d43be03233e7,data/pop1k7_official/Pop1K7/midi_synchronized/src_004/1131.mid,eff72c642b79f846591ec8f62049cb47a638166fef56678f89ed93363a20c48b,29e0cefd557b43aa582942e43a6b110a2f3762d7018c283ae022d58e53c69170,8,4,music21.key.krumhanslschmuckler,music21.key.aardenessen,same_release_path_plus_note_hash_music21_consensus_v1,53664a7ef3eed4af690568e16a357a2f88698e7f0a05fe854316b884807534da
music21_1132.mid,Eb,1132,pop1k7:src_004:1132,data/pop1k7_official/Pop1K7/midi_analyzed/src_004/1132.mid,15a7d13fada70e8e297774237619c99c3da1977c108607a2d4ddd19fec98d99e,data/pop1k7_official/Pop1K7/midi_synchronized/src_004/1132.mid,bf61ce1fd9167ef14c9642eafb639505202b0b822fadb967e5dfb59e8f6b6b75,853051bdf8bc60c7f227201f644d6a541a197a0c06fa8dd51329eee9e8d4740c,3,-3,music21.key.krumhanslschmuckler,music21.key.aardenessen,same_release_path_plus_note_hash_music21_consensus_v1,53664a7ef3eed4af690568e16a357a2f88698e7f0a05fe854316b884807534da
music21_1133.mid,A,1133,pop1k7:src_004:1133,data/pop1k7_official/Pop1K7/midi_analyzed/src_004/1133.mid,d788a16217224952ded332c77d83dad84e59f207d78d8220ba3212b3939ac473,data/pop1k7_official/Pop1K7/midi_synchronized/src_004/1133.mid,0061405b3eff4dbdc487c7122b1c486ab85679339c7f1e00246e4badad7a0dac,ff0430c9745b8181a68ff1de667147f3672f37714da8ec50d89c39453cbbc1da,9,3,music21.key.krumhanslschmuckler,music21.key.aardenessen,same_release_path_plus_note_hash_music21_consensus_v1,53664a7ef3eed4af690568e16a357a2f88698e7f0a05fe854316b884807534da
music21_1134.mid,B,1134,pop1k7:src_004:1134,data/pop1k7_official/Pop1K7/midi_analyzed/src_004/1134.mid,b108e41e30d13d195f26638e3f036a9c20c32bef9947a2f5c75b1a91d4d7bd11,data/pop1k7_official/Pop1K7/midi_synchronized/src_004/1134.mid,93f028a4200c99297ea2b53164a94a6695d5f532cb2f57fff4c64115202e325b,001dc4fcab2a1274e2e46e05521f4546e292cbc57f7a11818f2da874c85115d1,11,1,music21.key.krumhanslschmuckler,music21.key.aardenessen,same_release_path_plus_note_hash_music21_consensus_v1,53664a7ef3eed4af690568e16a357a2f88698e7f0a05fe854316b884807534da
music21_1135.mid,G,1135,pop1k7:src_004:1135,data/pop1k7_official/Pop1K7/midi_analyzed/src_004/1135.mid,1769245b9932b9dd52e407a9d764cbff4c71df5c2588ba6aec1da5c59539d6b1,data/pop1k7_official/Pop1K7/midi_synchronized/src_004/1135.mid,aa505d3edea27d4ffeb23b7f22f3c918b3affad82881e7a448accab7b87c9eee,a895b5ca04bc9c595c198d25b1e981b6821aa929382370d4b2a8d4a06959dcb2,7,5,music21.key.krumhanslschmuckler,music21.key.aardenessen,same_release_path_plus_note_hash_music21_consensus_v1,53664a7ef3eed4af690568e16a357a2f88698e7f0a05fe854316b884807534da
music21_1136.mid,Ab,1136,pop1k7:src_004:1136,data/pop1k7_official/Pop1K7/midi_analyzed/src_004/1136.mid,a46ba66bd9b22e525b5522efb82f9ab975eb8a0af405fd037909b75c9a5bf79d,data/pop1k7_official/Pop1K7/midi_synchronized/src_004/1136.mid,75be6ca307414acf8cc6b7fd4835a19509fe4ec7e8d52fdd0f9be0e0dc5edeff,73feba81dec4b4380fce5e2a34e5f948b312be01a1a69c78af35ad1ec11de9d5,8,4,music21.key.krumhanslschmuckler,music21.key.aardenessen,same_release_path_plus_note_hash_music21_consensus_v1,53664a7ef3eed4af690568e16a357a2f88698e7f0a05fe854316b884807534da
music21_1137.mid,C,1137,pop1k7:src_004:1137,data/pop1k7_official/Pop1K7/midi_analyzed/src_004/1137.mid,fb4e58b3ff06f42db230f287548b797594bdafc5c3ec0a88d22e0287dae5fd2b,data/pop1k7_official/Pop1K7/midi_synchronized/src_004/1137.mid,e607a26689db6418cc2aed28cfb029bc3155d98d039a1792af7793426d6c993e,a477d2534595f9f09f9f71560407f1dee4538681d7631878b936a8babfba8331,0,0,music21.key.krumhanslschmuckler,music21.key.aardenessen,same_release_path_plus_note_hash_music21_consensus_v1,53664a7ef3eed4af690568e16a357a2f88698e7f0a05fe854316b884807534da
music21_1138.mid,F,1138,pop1k7:src_004:1138,data/pop1k7_official/Pop1K7/midi_analyzed/src_004/1138.mid,e6213dc6055edfbfbcc3e4efff1b3ca0a52c7d5b9fe5ebe6f369e27cd58c4a79,data/pop1k7_official/Pop1K7/midi_synchronized/src_004/1138.mid,075c9fb4bf1223a30ab08a576e70bdb4de23f0d7e51987e1a76d01f73e883cd2,1ec7839df33176fb22da058cc9493f72b8e062e0c5f11ba536fb3aa34ae6901a,5,-5,music21.key.krumhanslschmuckler,music21.key.aardenessen,same_release_path_plus_note_hash_music21_consensus_v1,53664a7ef3eed4af690568e16a357a2f88698e7f0a05fe854316b884807534da
music21_1139.mid,D,1139,pop1k7:src_004:1139,data/pop1k7_official/Pop1K7/midi_analyzed/src_004/1139.mid,4b50b6d0506a8e816505c273017a4fe6f5961ec66dbd36ef5d5e1ebd4cfe826e,data/pop1k7_official/Pop1K7/midi_synchronized/src_004/1139.mid,60f81f4f031d944dc2a280ea46efa669b7a789df9d5d8f16ae48473f4eed46c9,e2ae3fad9c79c51f6e2fb02c4b58b715dfc8d4bd043646288933e197330c3c2f,2,-2,music21.key.krumhanslschmuckler,music21.key.aardenessen,same_release_path_plus_note_hash_music21_consensus_v1,53664a7ef3eed4af690568e16a357a2f88698e7f0a05fe854316b884807534da
music21_1140.mid,Bb,1140,pop1k7:src_004:1140,data/pop1k7_official/Pop1K7/midi_analyzed/src_004/1140.mid,38397eaa28f8a872e15172c4e642c769fcb7ab3e58a22a5f455edb407271dff1,data/pop1k7_official/Pop1K7/midi_synchronized/src_004/1140.mid,29b86d20839fc551557e1f75460c5db708830701b94cb5d912db4b531316c112,dd37e2c640d0b8eaf79919cd147ea66e9555a0653e5a0d1f65adf4f277e08b46,10,2,music21.key.krumhanslschmuckler,music21.key.aardenessen,same_release_path_plus_note_hash_music21_consensus_v1,53664a7ef3eed4af690568e16a357a2f88698e7f0a05fe854316b884807534da
music21_1142.mid,B,1142,pop1k7:src_004:1142,data/pop1k7_official/Pop1K7/midi_analyzed/src_004/1142.mid,637f826102c805bfd370bb0bc0978c785530501d031a27ed0551d78cd5ad4a9a,data/pop1k7_official/Pop1K7/midi_synchronized/src_004/1142.mid,f525e5803b243006807fd3ad9fbce8b4a2d82bf030959949a090c51204e09f78,5603ca76edb64d15856e6c18cc682d00858259920b87a254dba567e7c43d078f,11,1,music21.key.krumhanslschmuckler,music21.key.aardenessen,same_release_path_plus_note_hash_music21_consensus_v1,53664a7ef3eed4af690568e16a357a2f88698e7f0a05fe854316b884807534da
music21_1143.mid,Eb,1143,pop1k7:src_004:1143,data/pop1k7_official/Pop1K7/midi_analyzed/src_004/1143.mid,98c7589a27ed9652cd2b79a77284ae13158421ed94ed05cfb2290998ee573441,data/pop1k7_official/Pop1K7/midi_synchronized/src_004/1143.mid,ab174f18d04abda83db09fec57476d39716c667eaf966d5a61684a57952cb5e2,bf2a105071f32fb42667b24202861d0b663c4b93f923a043bb5d56b8b641f4b6,3,-3,music21.key.krumhanslschmuckler,music21.key.aardenessen,same_release_path_plus_note_hash_music21_consensus_v1,53664a7ef3eed4af690568e16a357a2f88698e7f0a05fe854316b884807534da
music21_1144.mid,Ab,1144,pop1k7:src_004:1144,data/pop1k7_official/Pop1K7/midi_analyzed/src_004/1144.mid,410ee1f66f47d5217bdfdb154eefb2e2a0d6319d822352125ec47df42b58f7ce,data/pop1k7_official/Pop1K7/midi_synchronized/src_004/1144.mid,2179e32fbc4538b94282b341ae7037b1082f198705d403c2c542f1ad9ec21005,d27df4b67833fd1076543732ceec8bbf7095f0abd21cf8bd22016a52a6468d23,8,4,music21.key.krumhanslschmuckler,music21.key.aardenessen,same_release_path_plus_note_hash_music21_consensus_v1,53664a7ef3eed4af690568e16a357a2f88698e7f0a05fe854316b884807534da
music21_1145.mid,G,1145,pop1k7:src_004:1145,data/pop1k7_official/Pop1K7/midi_analyzed/src_004/1145.mid,9838f6cb13b4ecbeed9d51f7779161e7f7378e29416980ad4fb1dfbf776ecd6d,data/pop1k7_official/Pop1K7/midi_synchronized/src_004/1145.mid,3c09e4e53d3919c3a151fa9dd672aca81f3883116dbcd1d6977b697da02785e9,bab26f1908a6fca1086a3ccf4406bd8d9005e96ed25a37558329acd30760f455,7,5,music21.key.krumhanslschmuckler,music21.key.aardenessen,same_release_path_plus_note_hash_music21_consensus_v1,53664a7ef3eed4af690568e16a357a2f88698e7f0a05fe854316b884807534da
music21_1146.mid,C#,1146,pop1k7:src_004:1146,data/pop1k7_official/Pop1K7/midi_analyzed/src_004/1146.mid,284a85b491212abb3b342b1de3c27ec58570a3fe142f54af7c2ebeb54f4435e1,data/pop1k7_official/Pop1K7/midi_synchronized/src_004/1146.mid,3f3470efeb953991e9012c945f424d8c256aed9457330c388461db19adda2c2c,1afa70af4c08316e08ff243746be25c18b8f9c7bd9a7ab1575fd3a1ec2f5a300,1,-1,music21.key.krumhanslschmuckler,music21.key.aardenessen,same_release_path_plus_note_hash_music21_consensus_v1,53664a7ef3eed4af690568e16a357a2f88698e7f0a05fe854316b884807534da
music21_1147.mid,A,1147,pop1k7:src_004:1147,data/pop1k7_official/Pop1K7/midi_analyzed/src_004/1147.mid,f58ec14ddd214af750780675bd9c98cdbc1f624fe82283998ba8939652ddadfe,data/pop1k7_official/Pop1K7/midi_synchronized/src_004/1147.mid,3a111e0f68a492cb26332049727ad6bd819b7636fe5540d3ee5bbb466639b1e2,66e94e3aafe55e2806e090df4070f3d5ff48a2ef74d139e23080ac5e0ba25e9c,9,3,music21.key.krumhanslschmuckler,music21.key.aardenessen,same_release_path_plus_note_hash_music21_consensus_v1,53664a7ef3eed4af690568e16a357a2f88698e7f0a05fe854316b884807534da
music21_1148.mid,C,1148,pop1k7:src_004:1148,data/pop1k7_official/Pop1K7/midi_analyzed/src_004/1148.mid,5af28b9d582796a77b7caff06b62b5e67a3642bb544f8c7b37bca842a0cad611,data/pop1k7_official/Pop1K7/midi_synchronized/src_004/1148.mid,2f9f781e8ebad945948be699ea17823a92f841b9c38a6700af044fe8f380d0c0,7faeee4fd6f227e5f48e5a25a4238d05a40f62eb8a90fe5a2a8f02cc9f9739a9,0,0,music21.key.krumhanslschmuckler,music21.key.aardenessen,same_release_path_plus_note_hash_music21_consensus_v1,53664a7ef3eed4af690568e16a357a2f88698e7f0a05fe854316b884807534da
music21_1149.mid,Ab,1149,pop1k7:src_004:1149,data/pop1k7_official/Pop1K7/midi_analyzed/src_004/1149.mid,35d6717dda83c9d3ad72be2cb1b6a08b6d293b8ed01d02d3d3a34499532fcc0e,data/pop1k7_official/Pop1K7/midi_synchronized/src_004/1149.mid,6692d7595027348b0731382629b02b973843cc9ac6fd57910fcaaccb5d443d2e,f66d862d6f9239e446ee2549bb55177d44c8d248beec4ee4edaa2d6f61cd6569,8,4,music21.key.krumhanslschmuckler,music21.key.aardenessen,same_release_path_plus_note_hash_music21_consensus_v1,53664a7ef3eed4af690568e16a357a2f88698e7f0a05fe854316b884807534da
music21_1150.mid,Eb,1150,pop1k7:src_004:1150,data/pop1k7_official/Pop1K7/midi_analyzed/src_004/1150.mid,6bc4e93f521a1e966012d5deb9063ab3fce2c979c85856925d42e37708f741f1,data/pop1k7_official/Pop1K7/midi_synchronized/src_004/1150.mid,574a3495be8a736ee52354fa11833edea48f0a8540259fa5bf00e1622a489074,91ef0caf7661ed4c8362de73317d8db83bff9f31420bcb373859d5cb022ef093,3,-3,music21.key.krumhanslschmuckler,music21.key.aardenessen,same_release_path_plus_note_hash_music21_consensus_v1,53664a7ef3eed4af690568e16a357a2f88698e7f0a05fe854316b884807534da
music21_1151.mid,C,1151,pop1k7:src_004:1151,data/pop1k7_official/Pop1K7/midi_analyzed/src_004/1151.mid,daf4ab3bbfb5b67e8bb6d8b38138f33567609557718c9b79bbd49053d0159f26,data/pop1k7_official/Pop1K7/midi_synchronized/src_004/1151.mid,470f904cb836a011c5cbee0a8da789ba065d46e2ae6f940103780b9633f75225,d4394ac5498851daa502011bce610372207608f834fadd050175ba36c7dbef37,0,0,music21.key.krumhanslschmuckler,music21.key.aardenessen,same_release_path_plus_note_hash_music21_consensus_v1,53664a7ef3eed4af690568e16a357a2f88698e7f0a05fe854316b884807534da
music21_1152.mid,F#,1152,pop1k7:src_004:1152,data/pop1k7_official/Pop1K7/midi_analyzed/src_004/1152.mid,bd943205ed46d2188c1430932789f7614e364e77d937e76211b1f48f4799c480,data/pop1k7_official/Pop1K7/midi_synchronized/src_004/1152.mid,54301a35332b7fae7e5556639b199bf94dbf5a91729c93f54b472da616af7b72,c5c33f950b290819f9236dea3d61f25a5adb4498139bcf71ae9fd2e70474155c,6,6,music21.key.krumhanslschmuckler,music21.key.aardenessen,same_release_path_plus_note_hash_music21_consensus_v1,53664a7ef3eed4af690568e16a357a2f88698e7f0a05fe854316b884807534da
music21_1153.mid,B,1153,pop1k7:src_004:1153,data/pop1k7_official/Pop1K7/midi_analyzed/src_004/1153.mid,06a58b7e4038aa25d4078f5026b1d8f6ed7862ce6c83c094c85dffc619c1e94f,data/pop1k7_official/Pop1K7/midi_synchronized/src_004/1153.mid,69a3644a0e6ca29291b8ab4db215fb32025201dfe6dbf9c9d226c7d6c0b56ce0,1526c489cad50af0fb1c346b3f4465baa4d104dbd05df29a37357976b08b9433,11,1,music21.key.krumhanslschmuckler,music21.key.aardenessen,same_release_path_plus_note_hash_music21_consensus_v1,53664a7ef3eed4af690568e16a357a2f88698e7f0a05fe854316b884807534da
music21_1155.mid,C,1155,pop1k7:src_004:1155,data/pop1k7_official/Pop1K7/midi_analyzed/src_004/1155.mid,fd2c43c5e8b1f99c4ca8499a4166e5bb300f3fca2435a6905224691d66d86119,data/pop1k7_official/Pop1K7/midi_synchronized/src_004/1155.mid,82113c21ac2d847be465e465b3c26d952beb9b211b9b8887a56a90f325f5f367,5e693e1e94bc785448f70f9a7d6240e1d4e9b8a4cd98c71e8fac8ce406330504,0,0,music21.key.krumhanslschmuckler,music21.key.aardenessen,same_release_path_plus_note_hash_music21_consensus_v1,53664a7ef3eed4af690568e16a357a2f88698e7f0a05fe854316b884807534da
music21_1156.mid,D,1156,pop1k7:src_004:1156,data/pop1k7_official/Pop1K7/midi_analyzed/src_004/1156.mid,0c3d8b5bcc62f007d1e3ac9178e481a52185353156b5fc8897a8024bd7bd29bc,data/pop1k7_official/Pop1K7/midi_synchronized/src_004/1156.mid,467dfba393a178542869d2e88c2c13262823f214598460673d31ea02a52981a7,37209dec33ca995c71e2d1f273a5b328738567fa94861d8477050c4472efbe08,2,-2,music21.key.krumhanslschmuckler,music21.key.aardenessen,same_release_path_plus_note_hash_music21_consensus_v1,53664a7ef3eed4af690568e16a357a2f88698e7f0a05fe854316b884807534da
music21_1158.mid,Eb,1158,pop1k7:src_004:1158,data/pop1k7_official/Pop1K7/midi_analyzed/src_004/1158.mid,29b6d49e85926a4e0aec8eb0a003fe7ff63da0db80eea10b7eb3f6ba9598a371,data/pop1k7_official/Pop1K7/midi_synchronized/src_004/1158.mid,fc01ded8667c0787067bc1629bcf4b26db45a3f97064200cefc504360fa334f8,22fc70b51446cb32a69d5fc0c658b44bdd799454929e4921950ed16e8306025b,3,-3,music21.key.krumhanslschmuckler,music21.key.aardenessen,same_release_path_plus_note_hash_music21_consensus_v1,53664a7ef3eed4af690568e16a357a2f88698e7f0a05fe854316b884807534da
music21_1159.mid,C#,1159,pop1k7:src_004:1159,data/pop1k7_official/Pop1K7/midi_analyzed/src_004/1159.mid,7a1d5ae62a14bde564775606896b9f3387facdf58f72006acf17d3ebbcbed58e,data/pop1k7_official/Pop1K7/midi_synchronized/src_004/1159.mid,da9fd1a6ebb6cfbf97043fe1e66295816a74cfdc876601e2899ad74b6a90a11d,6eb83047906ec21bb2daff3e7717e8288b09a44063f077e78d48e0400aaddabe,1,-1,music21.key.krumhanslschmuckler,music21.key.aardenessen,same_release_path_plus_note_hash_music21_consensus_v1,53664a7ef3eed4af690568e16a357a2f88698e7f0a05fe854316b884807534da
music21_1161.mid,e,1161,pop1k7:src_004:1161,data/pop1k7_official/Pop1K7/midi_analyzed/src_004/1161.mid,d080721f273fe73d642c29e70bae22ab24a832598e739f210f9ac1f2de714b60,data/pop1k7_official/Pop1K7/midi_synchronized/src_004/1161.mid,2a08ba60ef2dc4e2c264eaf8578cbff13c861a99cc13adce16d62e0a7f854e68,7dca7cc8149522efa61d05779bb1b77b9c63a222c41fa37d1dfeb07754e86e6b,7,5,music21.key.krumhanslschmuckler,music21.key.aardenessen,same_release_path_plus_note_hash_music21_consensus_v1,53664a7ef3eed4af690568e16a357a2f88698e7f0a05fe854316b884807534da
music21_1162.mid,E,1162,pop1k7:src_004:1162,data/pop1k7_official/Pop1K7/midi_analyzed/src_004/1162.mid,5e7791375a042398d187ac5622a744800d820e3bf1c415fad2f6da77b84d5691,data/pop1k7_official/Pop1K7/midi_synchronized/src_004/1162.mid,0185db1792ba7bd9330dde3a4dede1bad2487c53173cd59d1f842c5751937f20,5939a2aa59a338b1479a5b3f15cd9602eecc23b01519cb3ff6e045ab4250cd08,4,-4,music21.key.krumhanslschmuckler,music21.key.aardenessen,same_release_path_plus_note_hash_music21_consensus_v1,53664a7ef3eed4af690568e16a357a2f88698e7f0a05fe854316b884807534da
music21_1166.mid,Eb,1166,pop1k7:src_004:1166,data/pop1k7_official/Pop1K7/midi_analyzed/src_004/1166.mid,964f8df6069ce896d073b5aae1312c35f826dac574b139fb992148731f5d220f,data/pop1k7_official/Pop1K7/midi_synchronized/src_004/1166.mid,58236d965d2d83281fdaf9262e921c7b54df02c1ba54a1f326e48f108aaebe85,6475dc7922fc53870fa1b060c630a8408e09bcbfe7449c5209157020ee6ca630,3,-3,music21.key.krumhanslschmuckler,music21.key.aardenessen,same_release_path_plus_note_hash_music21_consensus_v1,53664a7ef3eed4af690568e16a357a2f88698e7f0a05fe854316b884807534da
music21_1167.mid,G,1167,pop1k7:src_004:1167,data/pop1k7_official/Pop1K7/midi_analyzed/src_004/1167.mid,6bca7b72160afe54408cfa747cf068ebff9b809c7fae8ac80b6a09c3ed96649c,data/pop1k7_official/Pop1K7/midi_synchronized/src_004/1167.mid,76a1d690d7660bc978c069ab441371999013e94ad2de3722526efdd3a8f6f4f7,c7123835dfa1bf1f196bac02d9a02ed9b2cb5b52a2878adca53a7bd7aa4f565b,7,5,music21.key.krumhanslschmuckler,music21.key.aardenessen,same_release_path_plus_note_hash_music21_consensus_v1,53664a7ef3eed4af690568e16a357a2f88698e7f0a05fe854316b884807534da
music21_1169.mid,F#,1169,pop1k7:src_004:1169,data/pop1k7_official/Pop1K7/midi_analyzed/src_004/1169.mid,495849c3f9ca86040bde7843b1f5dbce2a00a2c70a25a75a750e7e98b46e682f,data/pop1k7_official/Pop1K7/midi_synchronized/src_004/1169.mid,777c5d3eac3367c98f7c3af4c5d41537029a099c63d8d4cdd8424c8707995f20,3f347a1d93a9655be7bf18c6aafaa04290033a1a4e506fb02553dc5529c87fa8,6,6,music21.key.krumhanslschmuckler,music21.key.aardenessen,same_release_path_plus_note_hash_music21_consensus_v1,53664a7ef3eed4af690568e16a357a2f88698e7f0a05fe854316b884807534da
music21_1170.mid,A,1170,pop1k7:src_004:1170,data/pop1k7_official/Pop1K7/midi_analyzed/src_004/1170.mid,e4df125839f8aacf91e4aa2ad0c55be3194aa73352915c9c1d275a039df1c0be,data/pop1k7_official/Pop1K7/midi_synchronized/src_004/1170.mid,fb445b8f15e58e49c51914c4dba0d8bb09e73fb5cf0be51df530108bdf70d78f,4a81277bf4c1ea4a93bc762f1209df96ca5c51e96146f0f286575ede5583cf82,9,3,music21.key.krumhanslschmuckler,music21.key.aardenessen,same_release_path_plus_note_hash_music21_consensus_v1,53664a7ef3eed4af690568e16a357a2f88698e7f0a05fe854316b884807534da
music21_1172.mid,E,1172,pop1k7:src_004:1172,data/pop1k7_official/Pop1K7/midi_analyzed/src_004/1172.mid,5b45cad1fecb3eb5c14abc2383e28d9c8e13dfe32bf10687b5f3e391535033e9,data/pop1k7_official/Pop1K7/midi_synchronized/src_004/1172.mid,98b61997da3418df8c1eba1e6ff8a3b9dc9f68d74542b146bb948c288bb24119,7a571ccd8f298b61e378b13760150a8faced118886a63c7872965973a16776c4,4,-4,music21.key.krumhanslschmuckler,music21.key.aardenessen,same_release_path_plus_note_hash_music21_consensus_v1,53664a7ef3eed4af690568e16a357a2f88698e7f0a05fe854316b884807534da
music21_1173.mid,F,1173,pop1k7:src_004:1173,data/pop1k7_official/Pop1K7/midi_analyzed/src_004/1173.mid,9b9fc2ad53d703768f4713f316f9d9b3501dde998e7cb9a84c3c342c0aca13d1,data/pop1k7_official/Pop1K7/midi_synchronized/src_004/1173.mid,d8e7b64557be68f0eced1dc58154636aab91d960987912506f216e392c8cd505,f6bfd8128482551714198b9b67dbd010287a2765cdfe94f01b0c203982295afa,5,-5,music21.key.krumhanslschmuckler,music21.key.aardenessen,same_release_path_plus_note_hash_music21_consensus_v1,53664a7ef3eed4af690568e16a357a2f88698e7f0a05fe854316b884807534da
music21_1174.mid,E,1174,pop1k7:src_004:1174,data/pop1k7_official/Pop1K7/midi_analyzed/src_004/1174.mid,a3870f25d0757ffcba18c3a20f2a984fa6e7e8eb6e01bbf41b8e3e7391ec9793,data/pop1k7_official/Pop1K7/midi_synchronized/src_004/1174.mid,ce406dc9a16962b5a5bfa67b76c13cb591f8ae0758dec72c9d52271d94e105b6,26b170f54144afeb4a66ee35d13601797e92f12bf98f1e8d7f2111704159dc62,4,-4,music21.key.krumhanslschmuckler,music21.key.aardenessen,same_release_path_plus_note_hash_music21_consensus_v1,53664a7ef3eed4af690568e16a357a2f88698e7f0a05fe854316b884807534da
music21_1176.mid,F#,1176,pop1k7:src_004:1176,data/pop1k7_official/Pop1K7/midi_analyzed/src_004/1176.mid,cf54f35c19abf7bb874ef453a17ebe096ca1db81910e4e4ba5b48a071da1861a,data/pop1k7_official/Pop1K7/midi_synchronized/src_004/1176.mid,750bdae6ef5beca0db4d020dfa92c8fa063a006447079688dffd0b889d4f5771,39572562b0aec37ae0ca2fe7f4435c01c8192e33e30694c9bf81440a167b2cc2,6,6,music21.key.krumhanslschmuckler,music21.key.aardenessen,same_release_path_plus_note_hash_music21_consensus_v1,53664a7ef3eed4af690568e16a357a2f88698e7f0a05fe854316b884807534da
music21_1177.mid,F#,1177,pop1k7:src_004:1177,data/pop1k7_official/Pop1K7/midi_analyzed/src_004/1177.mid,a094c28555a352589cb614a0dc9ce48c237fdd204c03879d9d5bf2fcf63e5fdd,data/pop1k7_official/Pop1K7/midi_synchronized/src_004/1177.mid,819f92c1bf0ef72755165063ae8d19b42e0a6161ae92aafd9ffeba80e3a812e6,e6270b0b53dd9c68be5bed7e1f90069096750c1b3a7cbda2323938a16358ca10,6,6,music21.key.krumhanslschmuckler,music21.key.aardenessen,same_release_path_plus_note_hash_music21_consensus_v1,53664a7ef3eed4af690568e16a357a2f88698e7f0a05fe854316b884807534da
music21_1179.mid,A,1179,pop1k7:src_004:1179,data/pop1k7_official/Pop1K7/midi_analyzed/src_004/1179.mid,9bcd6c4594d5321a4d049e542f8310857eb1af9dbccdd5fbbe4df3572da4666e,data/pop1k7_official/Pop1K7/midi_synchronized/src_004/1179.mid,4721601f2a41b1ca4647d04b0a34828eea13aa70c9498e54b29a1049b7ecd9ee,4c42091d38d00b62846767a6263ca3a8f9f21c78fc45b38344a798d9fc9119c9,9,3,music21.key.krumhanslschmuckler,music21.key.aardenessen,same_release_path_plus_note_hash_music21_consensus_v1,53664a7ef3eed4af690568e16a357a2f88698e7f0a05fe854316b884807534da
music21_1180.mid,Ab,1180,pop1k7:src_004:1180,data/pop1k7_official/Pop1K7/midi_analyzed/src_004/1180.mid,a6c6dfb753111bdc38f356db21d40b1c88a6d54ec64e0f9eda2a39a08726df6a,data/pop1k7_official/Pop1K7/midi_synchronized/src_004/1180.mid,a42f9553db29ddd9cef10af21e4f4e60c5031b84e72564eaf09a8fce7d1d761f,c8686d6718cc879520826f0d5ce19f96cee19d4c511eee0234801592f1381a41,8,4,music21.key.krumhanslschmuckler,music21.key.aardenessen,same_release_path_plus_note_hash_music21_consensus_v1,53664a7ef3eed4af690568e16a357a2f88698e7f0a05fe854316b884807534da
music21_1181.mid,F#,1181,pop1k7:src_004:1181,data/pop1k7_official/Pop1K7/midi_analyzed/src_004/1181.mid,dd577d96f84ba5fe246c5b636a25e8b739d56245facad2c875aca38aeee6354e,data/pop1k7_official/Pop1K7/midi_synchronized/src_004/1181.mid,8dcc588c88fe8828b0143ca4fc65995e11af635ea740edc9431b98e4d5408d9c,f81d16e61a21ef6fd2c903ae7424e9f90eb653b104a29c7bb22e36c50125825f,6,6,music21.key.krumhanslschmuckler,music21.key.aardenessen,same_release_path_plus_note_hash_music21_consensus_v1,53664a7ef3eed4af690568e16a357a2f88698e7f0a05fe854316b884807534da
music21_1182.mid,F,1182,pop1k7:src_004:1182,data/pop1k7_official/Pop1K7/midi_analyzed/src_004/1182.mid,6f5dff331955e288bdc823e7fd678225e659244def026a26f598613c16345548,data/pop1k7_official/Pop1K7/midi_synchronized/src_004/1182.mid,905c28f97feb5a61331cc22c6867f652accc47b30cd57e4b6f4ee737e21f5a0f,b33c9967ab785dca68995190620da2e1d6bb06c551ae6c5655998d4363511707,5,-5,music21.key.krumhanslschmuckler,music21.key.aardenessen,same_release_path_plus_note_hash_music21_consensus_v1,53664a7ef3eed4af690568e16a357a2f88698e7f0a05fe854316b884807534da
music21_1183.mid,C,1183,pop1k7:src_004:1183,data/pop1k7_official/Pop1K7/midi_analyzed/src_004/1183.mid,84dd96a6b7f533d4fd5f3cc4c8cd4ba0ecf3e91d2d30c5bb779f3504fa9006af,data/pop1k7_official/Pop1K7/midi_synchronized/src_004/1183.mid,30ccffcbb354460b805f6ad8a0e2051d4ade11f2e58a69487da0e5c5b0566188,e8531e2aec3a424dfb5cbd2e6724cdf836baaae42ab4d6528d7ff18e79588ff0,0,0,music21.key.krumhanslschmuckler,music21.key.aardenessen,same_release_path_plus_note_hash_music21_consensus_v1,53664a7ef3eed4af690568e16a357a2f88698e7f0a05fe854316b884807534da
music21_1185.mid,Ab,1185,pop1k7:src_004:1185,data/pop1k7_official/Pop1K7/midi_analyzed/src_004/1185.mid,3afaf8119b886793f39879cda6eb11cc2e265acb3da3ac19a59f5f69dea08a20,data/pop1k7_official/Pop1K7/midi_synchronized/src_004/1185.mid,d8927f566d33c10abfe9cd538841e8d203d46d70b8b9eaa07946fe59870ec0c7,04b112d9ce93004a3b04b489d741beec7fb44691771284ec557f73ae7e93ace5,8,4,music21.key.krumhanslschmuckler,music21.key.aardenessen,same_release_path_plus_note_hash_music21_consensus_v1,53664a7ef3eed4af690568e16a357a2f88698e7f0a05fe854316b884807534da
music21_1187.mid,Eb,1187,pop1k7:src_004:1187,data/pop1k7_official/Pop1K7/midi_analyzed/src_004/1187.mid,8c47744e75e2b7dc719d96cbe6591fc6183a4bd23438db5bd983136e205f28cd,data/pop1k7_official/Pop1K7/midi_synchronized/src_004/1187.mid,8ff2c44301e5b96115e72cefc66597b8bbd8d4001b58100aa02f388433f255df,d399320bc62fcba13e52a64c804d1c3ee1c879530137d5b16de07ab5e754697d,3,-3,music21.key.krumhanslschmuckler,music21.key.aardenessen,same_release_path_plus_note_hash_music21_consensus_v1,53664a7ef3eed4af690568e16a357a2f88698e7f0a05fe854316b884807534da
music21_1188.mid,G,1188,pop1k7:src_004:1188,data/pop1k7_official/Pop1K7/midi_analyzed/src_004/1188.mid,91c3e36c51977bc0127299053bd4a41686a552c53e3d3fd8a67eada71233169c,data/pop1k7_official/Pop1K7/midi_synchronized/src_004/1188.mid,e34e2c9c3d11140b79ecffadcfc10225f52f3e353b85e983a1e438ba2ca49b77,534f1ee42a01e2a8f58f10f16d9901e8e8de522b0220f637d39d7324f9c5e234,7,5,music21.key.krumhanslschmuckler,music21.key.aardenessen,same_release_path_plus_note_hash_music21_consensus_v1,53664a7ef3eed4af690568e16a357a2f88698e7f0a05fe854316b884807534da
music21_1189.mid,A,1189,pop1k7:src_004:1189,data/pop1k7_official/Pop1K7/midi_analyzed/src_004/1189.mid,20c9ae345a657f04af0588df9b1b962fc46f64f25899d78afcb9d17707c2e3fd,data/pop1k7_official/Pop1K7/midi_synchronized/src_004/1189.mid,885ff674ad65d90e0c230c0217ee2d0baa467759ab28fb7f18ff4dab12237be3,df880c22f0877a80577fd83e7fc49ee936ccb804b1d4cab3d4a53c43f325c602,9,3,music21.key.krumhanslschmuckler,music21.key.aardenessen,same_release_path_plus_note_hash_music21_consensus_v1,53664a7ef3eed4af690568e16a357a2f88698e7f0a05fe854316b884807534da
music21_1190.mid,Ab,1190,pop1k7:src_004:1190,data/pop1k7_official/Pop1K7/midi_analyzed/src_004/1190.mid,b60bc905d204bf1caa7cf5554d359df1801fab55db56ad6bb24cc968e0b6b9b1,data/pop1k7_official/Pop1K7/midi_synchronized/src_004/1190.mid,8f33d5408365e16431c08bd95bcef89c6387b0eed8fc0d0e199db542864c2315,e827e431f2f57f22c490b30c3fbf44a2a62a490a1727295c3f49ff9d5380fe38,8,4,music21.key.krumhanslschmuckler,music21.key.aardenessen,same_release_path_plus_note_hash_music21_consensus_v1,53664a7ef3eed4af690568e16a357a2f88698e7f0a05fe854316b884807534da
music21_1191.mid,A,1191,pop1k7:src_004:1191,data/pop1k7_official/Pop1K7/midi_analyzed/src_004/1191.mid,775c1720bae95b22a729ccb613c0cba2710aa042cd92d9effbbe40a6e8a62368,data/pop1k7_official/Pop1K7/midi_synchronized/src_004/1191.mid,0a17767e5ee690d19d173e01b0e2b433a97c9f92799dbb3f3253a28f87a90133,b5610082dbd5aee7041a77c3ccefc963de39ffaeff74da6ee7115d824dff94e1,9,3,music21.key.krumhanslschmuckler,music21.key.aardenessen,same_release_path_plus_note_hash_music21_consensus_v1,53664a7ef3eed4af690568e16a357a2f88698e7f0a05fe854316b884807534da
music21_1192.mid,G,1192,pop1k7:src_004:1192,data/pop1k7_official/Pop1K7/midi_analyzed/src_004/1192.mid,00b9b1e88b3db6572e30c9699592030b3c87d9051acdaddd8ce199a9d46bed81,data/pop1k7_official/Pop1K7/midi_synchronized/src_004/1192.mid,47fa769ad67598ce7bc78f0db3af771e9a71b720d7ce0e9bf929c4c6c81030b1,dcfa2ce5172d926ed0ae6c34a3a17d4ee7f4dcfa53214cdbe8c6145e9899b08c,7,5,music21.key.krumhanslschmuckler,music21.key.aardenessen,same_release_path_plus_note_hash_music21_consensus_v1,53664a7ef3eed4af690568e16a357a2f88698e7f0a05fe854316b884807534da
music21_1193.mid,A,1193,pop1k7:src_004:1193,data/pop1k7_official/Pop1K7/midi_analyzed/src_004/1193.mid,5d72cee86cb376da04a6734a0301986aa9addda61810058f05df670328b566c4,data/pop1k7_official/Pop1K7/midi_synchronized/src_004/1193.mid,1ef0e740bc5f8f2528bedd9a9bd05f4b8a8f40a59ffeb06d90331b88610394b6,b4c3f5980d1afa4d7b0fce508fc57c7ceed7cbb829185daa054b2a0a4997d572,9,3,music21.key.krumhanslschmuckler,music21.key.aardenessen,same_release_path_plus_note_hash_music21_consensus_v1,53664a7ef3eed4af690568e16a357a2f88698e7f0a05fe854316b884807534da
music21_1195.mid,D,1195,pop1k7:src_004:1195,data/pop1k7_official/Pop1K7/midi_analyzed/src_004/1195.mid,552aff671b7d211ab2dd16be161e2df2a459ed7c542d5d807b4a2ffd459e1dfd,data/pop1k7_official/Pop1K7/midi_synchronized/src_004/1195.mid,01d369e28a73939c3c07ee7461e6ec4f59e9739a979ab1bad10fb112cec6a2f4,e802780c5f3167b238f9e87808712b2499ddd3c65bc4e0a30839e8cca352c114,2,-2,music21.key.krumhanslschmuckler,music21.key.aardenessen,same_release_path_plus_note_hash_music21_consensus_v1,53664a7ef3eed4af690568e16a357a2f88698e7f0a05fe854316b884807534da
music21_1196.mid,C,1196,pop1k7:src_004:1196,data/pop1k7_official/Pop1K7/midi_analyzed/src_004/1196.mid,de38fa26a5a57009b787f52013e6392c253a6728d7885f3e31f6aeb6aeae63bb,data/pop1k7_official/Pop1K7/midi_synchronized/src_004/1196.mid,39fa35a54679085808e4d9709157262057c9d71a99f4cb60186521524c768711,48b27d73c564889fed09d46c8339de08859f217cb6dce737415e9a8573a4aa64,0,0,music21.key.krumhanslschmuckler,music21.key.aardenessen,same_release_path_plus_note_hash_music21_consensus_v1,53664a7ef3eed4af690568e16a357a2f88698e7f0a05fe854316b884807534da
music21_1197.mid,C,1197,pop1k7:src_004:1197,data/pop1k7_official/Pop1K7/midi_analyzed/src_004/1197.mid,091f6008403a7d263d11bb68c73b5e8369e9a6ec8e57786412acebc922ffcc9d,data/pop1k7_official/Pop1K7/midi_synchronized/src_004/1197.mid,096958f607f1ea021eb85715b16cd6384cebab925cee3c3067d709feb96e0ca7,f9a2ca0c14361cf6619d8e520f8953da6e25a27e088ae3bd4c3dfc812f6c61cb,0,0,music21.key.krumhanslschmuckler,music21.key.aardenessen,same_release_path_plus_note_hash_music21_consensus_v1,53664a7ef3eed4af690568e16a357a2f88698e7f0a05fe854316b884807534da
music21_1198.mid,Eb,1198,pop1k7:src_004:1198,data/pop1k7_official/Pop1K7/midi_analyzed/src_004/1198.mid,6f90b34d72fffde94ff296e03000d50b1453d3ac57b0de3df0c1f07c15c451b9,data/pop1k7_official/Pop1K7/midi_synchronized/src_004/1198.mid,f696331d357895705ac8f6711184350e5c974fe851d4dfc367b061347b9c0d8f,52293afd0606abb24d4d463f5e950fa2096c0d55c8e5cf8cc82c4370e09994ab,3,-3,music21.key.krumhanslschmuckler,music21.key.aardenessen,same_release_path_plus_note_hash_music21_consensus_v1,53664a7ef3eed4af690568e16a357a2f88698e7f0a05fe854316b884807534da
music21_1199.mid,Eb,1199,pop1k7:src_004:1199,data/pop1k7_official/Pop1K7/midi_analyzed/src_004/1199.mid,d3590aced7fda683f1259b7cb43e6fd71ef1d939fed7dd83287dee946b5ef4df,data/pop1k7_official/Pop1K7/midi_synchronized/src_004/1199.mid,569806ca0c7e914207c7aa459310f8ac44fa00c94ec19a2c60b225b2fdcda4f6,eb19730c28c90ae7d08db3e400cb09b8585394ef3f15ed83fb87b49a156eaf04,3,-3,music21.key.krumhanslschmuckler,music21.key.aardenessen,same_release_path_plus_note_hash_music21_consensus_v1,53664a7ef3eed4af690568e16a357a2f88698e7f0a05fe854316b884807534da
music21_1200.mid,D,1200,pop1k7:src_004:1200,data/pop1k7_official/Pop1K7/midi_analyzed/src_004/1200.mid,b4997558f4e4776aa24e34f04a919192efee41a5eb1bd6f71ec30cf0f4d36d0a,data/pop1k7_official/Pop1K7/midi_synchronized/src_004/1200.mid,99f46f7bd6d743f5c33e0ac493f07d6d641adb99d6299e17f906781774c90169,a2d28d511de13f8451c341b39847848b0f588ce98f52ed5c31ac3b893ba6e47a,2,-2,music21.key.krumhanslschmuckler,music21.key.aardenessen,same_release_path_plus_note_hash_music21_consensus_v1,53664a7ef3eed4af690568e16a357a2f88698e7f0a05fe854316b884807534da
music21_1201.mid,B,1201,pop1k7:src_004:1201,data/pop1k7_official/Pop1K7/midi_analyzed/src_004/1201.mid,ec7424e8bb7973ecea0895935506722b90f5e6b086491a47b31ad19b73ed792a,data/pop1k7_official/Pop1K7/midi_synchronized/src_004/1201.mid,8edb8e3ba4aa62210a3ad69945d14f6dfa961a5fc9ad89738eb09fc3aa7d6e6d,b65f7ce95fde120014cc61d0330e0181994e4843f91113e85c958525ab030170,11,1,music21.key.krumhanslschmuckler,music21.key.aardenessen,same_release_path_plus_note_hash_music21_consensus_v1,53664a7ef3eed4af690568e16a357a2f88698e7f0a05fe854316b884807534da
music21_1202.mid,D,1202,pop1k7:src_004:1202,data/pop1k7_official/Pop1K7/midi_analyzed/src_004/1202.mid,ad9800fc9ae64516ecf0711edc9ea99ebd5a44f615ecf3b351195eafba153872,data/pop1k7_official/Pop1K7/midi_synchronized/src_004/1202.mid,fb964d092ca99d75648b8e61b4a9b14c409fd5c8bf53f2121531473b38caf8f9,6dc33962f67c96b816c89c882f376a5fcb336e703b3b7587251a9a7d0d200a7d,2,-2,music21.key.krumhanslschmuckler,music21.key.aardenessen,same_release_path_plus_note_hash_music21_consensus_v1,53664a7ef3eed4af690568e16a357a2f88698e7f0a05fe854316b884807534da
music21_1203.mid,E,1203,pop1k7:src_004:1203,data/pop1k7_official/Pop1K7/midi_analyzed/src_004/1203.mid,f35d05a82d00c55689db5be4906cb43f46f0bff165dcba600d972d1eebbd13d0,data/pop1k7_official/Pop1K7/midi_synchronized/src_004/1203.mid,e4bb3c8c285f60c8598ea1a2a75b0c8e9206b2128f0ec5afbc50e38f6b9dcb1c,671ee5fdc2b6efed6435e44d024a412513e92d3335695cc3293691ec7bc2f49b,4,-4,music21.key.krumhanslschmuckler,music21.key.aardenessen,same_release_path_plus_note_hash_music21_consensus_v1,53664a7ef3eed4af690568e16a357a2f88698e7f0a05fe854316b884807534da
music21_1205.mid,Bb,1205,pop1k7:src_004:1205,data/pop1k7_official/Pop1K7/midi_analyzed/src_004/1205.mid,89414566e76e9533a7b24f5d0eb05888bf5a9ea2a9cad9d85beffa97fd0f599d,data/pop1k7_official/Pop1K7/midi_synchronized/src_004/1205.mid,458b449d2c789d2634850bf9b18eccc94ee0a1703f0ed6fb37a0c98c4f9b7dc5,8cf9249572dd7666ec51e223c0cc492763517b15d972210e28affb5122f0d3d9,10,2,music21.key.krumhanslschmuckler,music21.key.aardenessen,same_release_path_plus_note_hash_music21_consensus_v1,53664a7ef3eed4af690568e16a357a2f88698e7f0a05fe854316b884807534da
music21_1206.mid,G,1206,pop1k7:src_004:1206,data/pop1k7_official/Pop1K7/midi_analyzed/src_004/1206.mid,b05ec891ca01a72441584c38a4246e1cec84a0604330edf0e1b662d91f7f41b5,data/pop1k7_official/Pop1K7/midi_synchronized/src_004/1206.mid,0ddbffaa99df9073f26486fc779c4209bc47b2abfef0048d76a3f433277bc93e,18cb33acd5fb852aa0a4bec5937a06cd782f6d23802f283cb984fa8bdc345789,7,5,music21.key.krumhanslschmuckler,music21.key.aardenessen,same_release_path_plus_note_hash_music21_consensus_v1,53664a7ef3eed4af690568e16a357a2f88698e7f0a05fe854316b884807534da
music21_1207.mid,D,1207,pop1k7:src_004:1207,data/pop1k7_official/Pop1K7/midi_analyzed/src_004/1207.mid,97469fc7bd01d88766da27d6e282656d637877c7cf34903a8aac3f901d7d7b07,data/pop1k7_official/Pop1K7/midi_synchronized/src_004/1207.mid,3fe9dd6781566a632c3359387c86832b2f89e17451581a77fefef512cf20d2a2,ed496019289d102b90bd129efd5bf260b086b462409d5cbcbbbd351505b4d41b,2,-2,music21.key.krumhanslschmuckler,music21.key.aardenessen,same_release_path_plus_note_hash_music21_consensus_v1,53664a7ef3eed4af690568e16a357a2f88698e7f0a05fe854316b884807534da
music21_1208.mid,D,1208,pop1k7:src_004:1208,data/pop1k7_official/Pop1K7/midi_analyzed/src_004/1208.mid,5bdac8fec04f03a41fe7e5fc2d91db07f82f100b8565236c680b8139691f493c,data/pop1k7_official/Pop1K7/midi_synchronized/src_004/1208.mid,c4677979d5eb975f505c9f2f269f0666c3bad0b97e24ef15bca69a63191fd7f2,75ebd1b9e484037330866b1efc48924cb7f772a7822306e313281833b0921857,2,-2,music21.key.krumhanslschmuckler,music21.key.aardenessen,same_release_path_plus_note_hash_music21_consensus_v1,53664a7ef3eed4af690568e16a357a2f88698e7f0a05fe854316b884807534da
music21_1209.mid,A,1209,pop1k7:src_004:1209,data/pop1k7_official/Pop1K7/midi_analyzed/src_004/1209.mid,da4ea10142ac4b1addf0f8c22b274b82b812971b5ac14eb1c3b5d5e95e74f43a,data/pop1k7_official/Pop1K7/midi_synchronized/src_004/1209.mid,85f645a7f86d1519767cd4a9fe9639e9b2fc4e5cb6bd3a061d48239b2f794c7f,1e89e72370581478864f0e43f3d74af5ff1b4213bd4eea6afd3bea1e23a2c319,9,3,music21.key.krumhanslschmuckler,music21.key.aardenessen,same_release_path_plus_note_hash_music21_consensus_v1,53664a7ef3eed4af690568e16a357a2f88698e7f0a05fe854316b884807534da
music21_1210.mid,Bb,1210,pop1k7:src_004:1210,data/pop1k7_official/Pop1K7/midi_analyzed/src_004/1210.mid,8d073173c5a91c252b0ecd749246c818d3df3c56311567a1d9f1ba0a350cf0b1,data/pop1k7_official/Pop1K7/midi_synchronized/src_004/1210.mid,6f5a29b72f0ac4359776ffae72af763f48dabe8ade3ce8e0cfff1ea40476574d,3154ebe2254381ebdfd2c602cc95c1f3b7bbedae082ce897c337fb2ee20c242e,10,2,music21.key.krumhanslschmuckler,music21.key.aardenessen,same_release_path_plus_note_hash_music21_consensus_v1,53664a7ef3eed4af690568e16a357a2f88698e7f0a05fe854316b884807534da
music21_1211.mid,a,1211,pop1k7:src_004:1211,data/pop1k7_official/Pop1K7/midi_analyzed/src_004/1211.mid,de87704e219ae2d7a32ffcc4e9922ab67e0be631ea5c2e3b2e465593c64c3d88,data/pop1k7_official/Pop1K7/midi_synchronized/src_004/1211.mid,f46369cbc69765f04334dcc01f1a1030c5d63dd97296ce2671c1600eab0bfd46,a5e5881a6f3d0aae337fcc14bec22de2789ac00cb3de8fc34791313286ef9db9,0,0,music21.key.krumhanslschmuckler,music21.key.aardenessen,same_release_path_plus_note_hash_music21_consensus_v1,53664a7ef3eed4af690568e16a357a2f88698e7f0a05fe854316b884807534da
music21_1212.mid,C,1212,pop1k7:src_004:1212,data/pop1k7_official/Pop1K7/midi_analyzed/src_004/1212.mid,ce43cd88d8106eefbe5c07209b7c8aae576e47bb3fe63434a7e328ab76c0c335,data/pop1k7_official/Pop1K7/midi_synchronized/src_004/1212.mid,13d63fb054d43e6ec723b07a387381dd7aad6c98b3afe5736564081dedaea0ed,3a5806ecd4e8cfc2c5800fa81fee4c3967a887c41ada8130f7bebc855fcaf378,0,0,music21.key.krumhanslschmuckler,music21.key.aardenessen,same_release_path_plus_note_hash_music21_consensus_v1,53664a7ef3eed4af690568e16a357a2f88698e7f0a05fe854316b884807534da
music21_1213.mid,C,1213,pop1k7:src_004:1213,data/pop1k7_official/Pop1K7/midi_analyzed/src_004/1213.mid,53e88b38f679ecb0985653a3b5c6acbf147107bfc0a46152590add8f4645f586,data/pop1k7_official/Pop1K7/midi_synchronized/src_004/1213.mid,e39e882527852cae7309c12b4724c357f260a5d3aa5e509af195159b57f4b9ee,3ad14ce750878b9c20e7cdb9c55d9677f27e480c79a13feafbee6c2ebfdbe698,0,0,music21.key.krumhanslschmuckler,music21.key.aardenessen,same_release_path_plus_note_hash_music21_consensus_v1,53664a7ef3eed4af690568e16a357a2f88698e7f0a05fe854316b884807534da
music21_1215.mid,C#,1215,pop1k7:src_004:1215,data/pop1k7_official/Pop1K7/midi_analyzed/src_004/1215.mid,a51bbf17d7ed7b4f4291a695f45b5b5a03ca8bda9e11db70ec8cad31d28cf938,data/pop1k7_official/Pop1K7/midi_synchronized/src_004/1215.mid,3c738175ef1cf1558942a158f1ac8f021c2369f8b422ee8225b328fe6877c13d,c32e3f6337d6da71136b871ad8c915fc4e1f3d7690fb835eb578330b799e49ec,1,-1,music21.key.krumhanslschmuckler,music21.key.aardenessen,same_release_path_plus_note_hash_music21_consensus_v1,53664a7ef3eed4af690568e16a357a2f88698e7f0a05fe854316b884807534da
music21_1216.mid,E,1216,pop1k7:src_004:1216,data/pop1k7_official/Pop1K7/midi_analyzed/src_004/1216.mid,32cece63cf3cfa69cd50d1e18ae0762e7870d986281470d1799fdad86639943c,data/pop1k7_official/Pop1K7/midi_synchronized/src_004/1216.mid,95df2f9b27a25f3f804bf05f91b92af73ba534d3a9cb7528ebaf288d5c451975,4406703a18deebcd7d5ffcbba45c9e5fc94f5bc933c6b049794977640e5c2c63,4,-4,music21.key.krumhanslschmuckler,music21.key.aardenessen,same_release_path_plus_note_hash_music21_consensus_v1,53664a7ef3eed4af690568e16a357a2f88698e7f0a05fe854316b884807534da
music21_1218.mid,C,1218,pop1k7:src_004:1218,data/pop1k7_official/Pop1K7/midi_analyzed/src_004/1218.mid,0a92f3f9800fdd927dcaaa581f20092242be508990a704d09e4f508d81be2b8d,data/pop1k7_official/Pop1K7/midi_synchronized/src_004/1218.mid,457c27147372d0dac63fef0dfad2e21c184e1c5c3f0178c0809f55552147352b,62e18c8623b84d467c40372eb306fc4251ebdce539d129c7c8f2c252ee8545e4,0,0,music21.key.krumhanslschmuckler,music21.key.aardenessen,same_release_path_plus_note_hash_music21_consensus_v1,53664a7ef3eed4af690568e16a357a2f88698e7f0a05fe854316b884807534da
music21_1219.mid,D,1219,pop1k7:src_004:1219,data/pop1k7_official/Pop1K7/midi_analyzed/src_004/1219.mid,b12928041744ecef7d74e8d27898a1c9ac9bf50bda61252d85a9508e9b2c993b,data/pop1k7_official/Pop1K7/midi_synchronized/src_004/1219.mid,8164357fab81e6328044ad3426b59460ac38be5c55f2e32e71701dfe60d4f0f8,dda1aeb53e65be92036b0b464c9a79c5261440b44fb519b4356d1980d449b93d,2,-2,music21.key.krumhanslschmuckler,music21.key.aardenessen,same_release_path_plus_note_hash_music21_consensus_v1,53664a7ef3eed4af690568e16a357a2f88698e7f0a05fe854316b884807534da
music21_1220.mid,d,1220,pop1k7:src_004:1220,data/pop1k7_official/Pop1K7/midi_analyzed/src_004/1220.mid,47007d553233c38ef9748eab1f7ec6d4754fd44baa79681149954457d30f265d,data/pop1k7_official/Pop1K7/midi_synchronized/src_004/1220.mid,6acd9c53c77e7e792f2c645626cfab7c60c5eaf49ddc24611a88050d367922f7,845ce7808b8bc01ab06a8dda14c2298b787f6083b3664c669cc6dd3a74258267,5,-5,music21.key.krumhanslschmuckler,music21.key.aardenessen,same_release_path_plus_note_hash_music21_consensus_v1,53664a7ef3eed4af690568e16a357a2f88698e7f0a05fe854316b884807534da
music21_1221.mid,e,1221,pop1k7:src_004:1221,data/pop1k7_official/Pop1K7/midi_analyzed/src_004/1221.mid,8ead3a9762558be8b24f3a22f2ab4397151c6bd500c14980105b3a1d1d45b619,data/pop1k7_official/Pop1K7/midi_synchronized/src_004/1221.mid,8067b3e0fe5185c331f5f3a7e460d6726c678d8ab2ea92ce0523f23f78ff4c30,9be759224dfaa73ce277b65d65ee04ecca876ccb5f408274003b5f06e38a1914,7,5,music21.key.krumhanslschmuckler,music21.key.aardenessen,same_release_path_plus_note_hash_music21_consensus_v1,53664a7ef3eed4af690568e16a357a2f88698e7f0a05fe854316b884807534da
music21_1222.mid,A,1222,pop1k7:src_004:1222,data/pop1k7_official/Pop1K7/midi_analyzed/src_004/1222.mid,d60b55b7358800878568f6c53e179a4029b8d68697d3135a83ca9be2f041940c,data/pop1k7_official/Pop1K7/midi_synchronized/src_004/1222.mid,039f9b536f5a60018d0570b44a21afca9b84c5036e890a8317c465fc16a69c24,2ac155fc9e1ff2c525d4e3201382133a362c56be3558bb0f09bd4f6e6a1a11aa,9,3,music21.key.krumhanslschmuckler,music21.key.aardenessen,same_release_path_plus_note_hash_music21_consensus_v1,53664a7ef3eed4af690568e16a357a2f88698e7f0a05fe854316b884807534da
music21_1223.mid,C#,1223,pop1k7:src_004:1223,data/pop1k7_official/Pop1K7/midi_analyzed/src_004/1223.mid,de7511e049b91b4d87194841afb52633fb1f16ee52019c9f7d771fd5dcaa2bdb,data/pop1k7_official/Pop1K7/midi_synchronized/src_004/1223.mid,75405a886b7e8be6d79c2ca0c722e2cc060c6cc98e4afb6ea02c1987f46e86a3,ca44e7c329c05eee74373c236d39da4fbccc82ed8d18826d748aa2acb035dde9,1,-1,music21.key.krumhanslschmuckler,music21.key.aardenessen,same_release_path_plus_note_hash_music21_consensus_v1,53664a7ef3eed4af690568e16a357a2f88698e7f0a05fe854316b884807534da
music21_1224.mid,Ab,1224,pop1k7:src_004:1224,data/pop1k7_official/Pop1K7/midi_analyzed/src_004/1224.mid,9c8754e8c3d08c59f763ad634c925b61ff145647cfc19784b422a5ed51f58c81,data/pop1k7_official/Pop1K7/midi_synchronized/src_004/1224.mid,c74175f5941f5b1f20eaae9c9b39ae938623e2efe7a479592dd5b25db719ad83,f6af6d868d06be3c50c3264a63c2f72ce605d40fdb2cc05765df984550dd2297,8,4,music21.key.krumhanslschmuckler,music21.key.aardenessen,same_release_path_plus_note_hash_music21_consensus_v1,53664a7ef3eed4af690568e16a357a2f88698e7f0a05fe854316b884807534da
music21_1225.mid,F,1225,pop1k7:src_004:1225,data/pop1k7_official/Pop1K7/midi_analyzed/src_004/1225.mid,b9c6f679ca8367e87b05dac676ecab05464918ef6271c36d90a69ec1b85a159c,data/pop1k7_official/Pop1K7/midi_synchronized/src_004/1225.mid,9962d2ff5d418b9ee7e42f9a4e9956ce3ca7c4b952b804ecdaedf31e983cbd72,8ef30eb8e6b31aac143da544f1832fbe4eaed95916d388abcf9572295d995fc0,5,-5,music21.key.krumhanslschmuckler,music21.key.aardenessen,same_release_path_plus_note_hash_music21_consensus_v1,53664a7ef3eed4af690568e16a357a2f88698e7f0a05fe854316b884807534da
music21_1226.mid,E,1226,pop1k7:src_004:1226,data/pop1k7_official/Pop1K7/midi_analyzed/src_004/1226.mid,1e64af7c79c43f5dfd780a746d8a36daecaee1bd516845dd17e820703825027d,data/pop1k7_official/Pop1K7/midi_synchronized/src_004/1226.mid,c7845cbaaa058967286ad5638933a42bd67e1dfade35ba29a376380e52aceaf9,107687c4d7f623eca27fa84019a86b6b73bab0f538845f4c3893f05e0445da50,4,-4,music21.key.krumhanslschmuckler,music21.key.aardenessen,same_release_path_plus_note_hash_music21_consensus_v1,53664a7ef3eed4af690568e16a357a2f88698e7f0a05fe854316b884807534da
music21_1227.mid,C,1227,pop1k7:src_004:1227,data/pop1k7_official/Pop1K7/midi_analyzed/src_004/1227.mid,d95f2a7c9fca1f04a400e8ff30d7413f0435f1007b6071d0a453b7a89dc4168b,data/pop1k7_official/Pop1K7/midi_synchronized/src_004/1227.mid,3f5d9850506cd316717049347e0e61d3e076f874b3d07447e48014264a2b7bc3,5542df3d0e8dd084c042ded3c3e7e9c3d607c9b2b7057dffcb6d8c1392bc9c00,0,0,music21.key.krumhanslschmuckler,music21.key.aardenessen,same_release_path_plus_note_hash_music21_consensus_v1,53664a7ef3eed4af690568e16a357a2f88698e7f0a05fe854316b884807534da
music21_1228.mid,F,1228,pop1k7:src_004:1228,data/pop1k7_official/Pop1K7/midi_analyzed/src_004/1228.mid,236adfa8f384b5582e8bc4c7058de763f46c31a2da1e154f768a343e7f85fcec,data/pop1k7_official/Pop1K7/midi_synchronized/src_004/1228.mid,31b21c1cf1afaf7cee773eab450fa08874f47cf0a37e29040f9f2a1e1e17f1d4,c54d660a319b892da2da2ea46da98ac6f8f664eb6443f741d68305241f9592e3,5,-5,music21.key.krumhanslschmuckler,music21.key.aardenessen,same_release_path_plus_note_hash_music21_consensus_v1,53664a7ef3eed4af690568e16a357a2f88698e7f0a05fe854316b884807534da
music21_1229.mid,D,1229,pop1k7:src_004:1229,data/pop1k7_official/Pop1K7/midi_analyzed/src_004/1229.mid,78d5cf0c2ad9f36e3d1e924f9710b8c1bb07234d36667d3ad9ee51bcbc167c02,data/pop1k7_official/Pop1K7/midi_synchronized/src_004/1229.mid,a4998443260664e43148d7c5dbe5d03f86cdecaa48269b39c22e89b19c72f70e,e3a902554549fd5e182da8d26d2424cac30ab042522b075e51d46102ee8185e1,2,-2,music21.key.krumhanslschmuckler,music21.key.aardenessen,same_release_path_plus_note_hash_music21_consensus_v1,53664a7ef3eed4af690568e16a357a2f88698e7f0a05fe854316b884807534da
music21_1230.mid,D,1230,pop1k7:src_004:1230,data/pop1k7_official/Pop1K7/midi_analyzed/src_004/1230.mid,7686953d371723559deaab890028c82b82a9455ccbe8ca689a81be7968105b27,data/pop1k7_official/Pop1K7/midi_synchronized/src_004/1230.mid,0bc612f8066b1680277dc4eb81e8fffa2e29febc7aae6cb625c792624d8b99b9,f0051b33099bede8953d9aa228c66c4e126bac03ad81c5ea28c10016a475961a,2,-2,music21.key.krumhanslschmuckler,music21.key.aardenessen,same_release_path_plus_note_hash_music21_consensus_v1,53664a7ef3eed4af690568e16a357a2f88698e7f0a05fe854316b884807534da
music21_1231.mid,F#,1231,pop1k7:src_004:1231,data/pop1k7_official/Pop1K7/midi_analyzed/src_004/1231.mid,ea72abb40fd682f8ec37c24af5e9938e298b6eb4a04b2723bcc4293c53cda681,data/pop1k7_official/Pop1K7/midi_synchronized/src_004/1231.mid,cfdb5adb8542661a1b647cb12de862de63f28f75d3f85eaba0c5fc3ceef18df0,3edadbfe5ca33b71b01733efea9fe4743918a860fc6d603af0b9ab0d9a8b38d7,6,6,music21.key.krumhanslschmuckler,music21.key.aardenessen,same_release_path_plus_note_hash_music21_consensus_v1,53664a7ef3eed4af690568e16a357a2f88698e7f0a05fe854316b884807534da
music21_1233.mid,G,1233,pop1k7:src_004:1233,data/pop1k7_official/Pop1K7/midi_analyzed/src_004/1233.mid,23bef2931460c3c135be1522ea1e1225a03da850520f2a9b3acfdfa8f9a2bda1,data/pop1k7_official/Pop1K7/midi_synchronized/src_004/1233.mid,0710d44bd538ddf98273fe3736d4a41a972af2a5d1804cbcd3624e2745904f7e,37680720ebc8309eca522435e68a12210de6a1c00a45880e51f6814df0dcc57b,7,5,music21.key.krumhanslschmuckler,music21.key.aardenessen,same_release_path_plus_note_hash_music21_consensus_v1,53664a7ef3eed4af690568e16a357a2f88698e7f0a05fe854316b884807534da
music21_1234.mid,F#,1234,pop1k7:src_004:1234,data/pop1k7_official/Pop1K7/midi_analyzed/src_004/1234.mid,2ae7020fc084130acca203f28e822c067448880d8cceecd3fa83dfd4e9987854,data/pop1k7_official/Pop1K7/midi_synchronized/src_004/1234.mid,12aa4c63097a0fcc5453277917c0e8b12adf4edd7646f351b9c323064704a664,f06db7405fcd28d9ae01ddd074f91e39530b762e492e1e526bead87fae6ee83a,6,6,music21.key.krumhanslschmuckler,music21.key.aardenessen,same_release_path_plus_note_hash_music21_consensus_v1,53664a7ef3eed4af690568e16a357a2f88698e7f0a05fe854316b884807534da
music21_1235.mid,F#,1235,pop1k7:src_004:1235,data/pop1k7_official/Pop1K7/midi_analyzed/src_004/1235.mid,b34715db504d8d38b848fd00d0d4b9f99b720ae2bb27231d50bfe95097593976,data/pop1k7_official/Pop1K7/midi_synchronized/src_004/1235.mid,d58e785cda1ef46cbb2350b325fef2dea086aaf5148ae07f1eb4f286db29a542,9cd7d5d2b52c73661ef97656755125636e535b19f856e23ae713580017c7fec0,6,6,music21.key.krumhanslschmuckler,music21.key.aardenessen,same_release_path_plus_note_hash_music21_consensus_v1,53664a7ef3eed4af690568e16a357a2f88698e7f0a05fe854316b884807534da
music21_1236.mid,Eb,1236,pop1k7:src_004:1236,data/pop1k7_official/Pop1K7/midi_analyzed/src_004/1236.mid,abc9a590cbdee92e04d8cc4277d773b7f50cf771edabc8823e03fa59211a3e12,data/pop1k7_official/Pop1K7/midi_synchronized/src_004/1236.mid,45d3ee864a35ece2ab489ec7317ece342445b05516506545c1bdffea5ecf9331,e4fcb20b1ec652c8bdfbbc0a30efda46a94f79810498d0cea0f65db6e23afe0f,3,-3,music21.key.krumhanslschmuckler,music21.key.aardenessen,same_release_path_plus_note_hash_music21_consensus_v1,53664a7ef3eed4af690568e16a357a2f88698e7f0a05fe854316b884807534da
music21_1237.mid,F,1237,pop1k7:src_004:1237,data/pop1k7_official/Pop1K7/midi_analyzed/src_004/1237.mid,7e961840aeb03b82cf3e762cdaad285f4d2a9102dd904f83b9fe184cee7a563e,data/pop1k7_official/Pop1K7/midi_synchronized/src_004/1237.mid,50361449f69c4f556122b0d3b39614e8a089043e346a735160e9ac4b246f80c6,67babb304b1023944425767032992c5921c71eb96971b5706066233274a412c3,5,-5,music21.key.krumhanslschmuckler,music21.key.aardenessen,same_release_path_plus_note_hash_music21_consensus_v1,53664a7ef3eed4af690568e16a357a2f88698e7f0a05fe854316b884807534da
music21_1239.mid,D,1239,pop1k7:src_004:1239,data/pop1k7_official/Pop1K7/midi_analyzed/src_004/1239.mid,a12e59bac1a690b72c15a7f0a6157da6fec1b9ba70961b39c8d8e02c0790e441,data/pop1k7_official/Pop1K7/midi_synchronized/src_004/1239.mid,6bfdd2ddf1b03fb58b684b9c7407a5fb16cd30281f0b93b2d360ed0df0741dea,dd656dac375fb6389097d5b1a19623e222f9bc79a1f49d2788a002350ea690e1,2,-2,music21.key.krumhanslschmuckler,music21.key.aardenessen,same_release_path_plus_note_hash_music21_consensus_v1,53664a7ef3eed4af690568e16a357a2f88698e7f0a05fe854316b884807534da
music21_1240.mid,d,1240,pop1k7:src_004:1240,data/pop1k7_official/Pop1K7/midi_analyzed/src_004/1240.mid,1e578173deb2b70b3c4653062aa2f4ce334334f0d20524dc6b597f9778e54259,data/pop1k7_official/Pop1K7/midi_synchronized/src_004/1240.mid,68dc3be6aa7949b5a3ec3f03ec17bd24f983681220cae357afda5befbd7e69ae,4916f6639aa63c65b5afbf59c6f0d9631727b72a0ca6a829ad669116306b9075,5,-5,music21.key.krumhanslschmuckler,music21.key.aardenessen,same_release_path_plus_note_hash_music21_consensus_v1,53664a7ef3eed4af690568e16a357a2f88698e7f0a05fe854316b884807534da
music21_1242.mid,a,1242,pop1k7:src_004:1242,data/pop1k7_official/Pop1K7/midi_analyzed/src_004/1242.mid,525b4215be0e177b251fa83553252c8e94f24453deb0fbb39b9aeddc78f52752,data/pop1k7_official/Pop1K7/midi_synchronized/src_004/1242.mid,545a0d1e55902913c3406bf1c061053e404b8b7ffa2955d73c95feb2fe3469e0,4b57bfafba570644e11b74dc6b235467049d689e17e320a1b9c03b7d9464739f,0,0,music21.key.krumhanslschmuckler,music21.key.aardenessen,same_release_path_plus_note_hash_music21_consensus_v1,53664a7ef3eed4af690568e16a357a2f88698e7f0a05fe854316b884807534da
music21_1243.mid,C,1243,pop1k7:src_004:1243,data/pop1k7_official/Pop1K7/midi_analyzed/src_004/1243.mid,9d557f1fcead731b55ecf4e401d656a501873e6c561476493d25eeb9e1d131f0,data/pop1k7_official/Pop1K7/midi_synchronized/src_004/1243.mid,3a1348593ce2b37edb2399ff466ce1b40b78462aea812e675788a446ba0a43a6,17ed4c39be8ebc6b4476df4353488e53dd9a44e7f6b6502780102dfe247ae70f,0,0,music21.key.krumhanslschmuckler,music21.key.aardenessen,same_release_path_plus_note_hash_music21_consensus_v1,53664a7ef3eed4af690568e16a357a2f88698e7f0a05fe854316b884807534da
music21_1244.mid,F#,1244,pop1k7:src_004:1244,data/pop1k7_official/Pop1K7/midi_analyzed/src_004/1244.mid,52e0717c78354aafe75a75b6d9cfefe6d84d95c45f2e7d1b78c47abfef337906,data/pop1k7_official/Pop1K7/midi_synchronized/src_004/1244.mid,58eb6f04e681a7973b475885ad6dfa796a697efc7e81c7055727726b3f70bc94,fe23f5704a41a1b041ff3994f743dcdc1a9375237312cf9556e8edd3aa5113ca,6,6,music21.key.krumhanslschmuckler,music21.key.aardenessen,same_release_path_plus_note_hash_music21_consensus_v1,53664a7ef3eed4af690568e16a357a2f88698e7f0a05fe854316b884807534da
music21_1245.mid,g,1245,pop1k7:src_004:1245,data/pop1k7_official/Pop1K7/midi_analyzed/src_004/1245.mid,8d25a6070d9693f00ec2b42a8ba96fcf3366423bca6edf08321bbb78c72e73c6,data/pop1k7_official/Pop1K7/midi_synchronized/src_004/1245.mid,b04a3beb84dd4191edc892bd857cd425f59848d8355ffa503e231f81eecf1e80,c04b9a410e954f69fa81e44f9479d599501def19e4d99e9eb7c774bab103b60a,10,2,music21.key.krumhanslschmuckler,music21.key.aardenessen,same_release_path_plus_note_hash_music21_consensus_v1,53664a7ef3eed4af690568e16a357a2f88698e7f0a05fe854316b884807534da
music21_1246.mid,G,1246,pop1k7:src_004:1246,data/pop1k7_official/Pop1K7/midi_analyzed/src_004/1246.mid,5358e000ee6a42b444a17d372810da068d620a60dda571d3036d0fc5b5c40b4a,data/pop1k7_official/Pop1K7/midi_synchronized/src_004/1246.mid,fd14c0d90a58006faa5ecc6c9bdf02d87c51219e57b799119f8e09df363f6e9e,6dda2b0266fd3abb62ac351c783476b69bf961a30efc5e1b4ea5e7615bdacf1d,7,5,music21.key.krumhanslschmuckler,music21.key.aardenessen,same_release_path_plus_note_hash_music21_consensus_v1,53664a7ef3eed4af690568e16a357a2f88698e7f0a05fe854316b884807534da
music21_1247.mid,f,1247,pop1k7:src_004:1247,data/pop1k7_official/Pop1K7/midi_analyzed/src_004/1247.mid,acf6f195dc5275d04d6e43eae98c0bed68dffb33f7d4aa973b3a4d27e5ed11f2,data/pop1k7_official/Pop1K7/midi_synchronized/src_004/1247.mid,5a42491d5679900f12dcc5a0c644c1b531c38f00fec1a3dc68761f1ea38cd54c,5ac1918126be4c60faa6e8dcb1a4d5755a35a7640de79890ce4c8f6b0c48c36f,8,4,music21.key.krumhanslschmuckler,music21.key.aardenessen,same_release_path_plus_note_hash_music21_consensus_v1,53664a7ef3eed4af690568e16a357a2f88698e7f0a05fe854316b884807534da
music21_1249.mid,Eb,1249,pop1k7:src_004:1249,data/pop1k7_official/Pop1K7/midi_analyzed/src_004/1249.mid,220b5f52c11e8df39213ecdae786bcf3e31e660ef975d03b9bc4e57974348b9b,data/pop1k7_official/Pop1K7/midi_synchronized/src_004/1249.mid,d9720b3b6706ccb841fbde2690c06e870488045c7396c69c7132ab449572572b,7d3ee923e2a509c6ded064aaf4a79f89056bdb24ee8d1214101e53375149b9da,3,-3,music21.key.krumhanslschmuckler,music21.key.aardenessen,same_release_path_plus_note_hash_music21_consensus_v1,53664a7ef3eed4af690568e16a357a2f88698e7f0a05fe854316b884807534da
music21_1252.mid,G,1252,pop1k7:src_004:1252,data/pop1k7_official/Pop1K7/midi_analyzed/src_004/1252.mid,8891af7f7734082062c9f66b1ec7a06ca8b74693911abf96b2ef548e284f4da5,data/pop1k7_official/Pop1K7/midi_synchronized/src_004/1252.mid,e6bb6e38882ebf7ebead17fb683e61f9474cfbcd6dff4370228a0362c11f49c1,f42e1e7d7a9aea88804e0f4480b467223bbb0b4bbf847cf4ae3016a408ed383d,7,5,music21.key.krumhanslschmuckler,music21.key.aardenessen,same_release_path_plus_note_hash_music21_consensus_v1,53664a7ef3eed4af690568e16a357a2f88698e7f0a05fe854316b884807534da
music21_1253.mid,Ab,1253,pop1k7:src_004:1253,data/pop1k7_official/Pop1K7/midi_analyzed/src_004/1253.mid,464ff8d1e6711b9822c54746bd9b1a171f7b8ea13cf3b8b44478a8a08e9f2180,data/pop1k7_official/Pop1K7/midi_synchronized/src_004/1253.mid,5565133630dc6bbe5da1314f0e27b8dbdca4cd26cd567a7a8619d517ba1a6d6c,8d1c834b39cdafb435a7d7aa1b66eb11bee50fd3e8089b19f4ae451bbd15d8f1,8,4,music21.key.krumhanslschmuckler,music21.key.aardenessen,same_release_path_plus_note_hash_music21_consensus_v1,53664a7ef3eed4af690568e16a357a2f88698e7f0a05fe854316b884807534da
music21_1254.mid,c,1254,pop1k7:src_004:1254,data/pop1k7_official/Pop1K7/midi_analyzed/src_004/1254.mid,caee7d38de6dd5ffec86574074850cf4e3cd619f2f4caa44f47aa499c51d9758,data/pop1k7_official/Pop1K7/midi_synchronized/src_004/1254.mid,1af0607b2698f29c3209ae52d9db1f1c66d55a97e8a04cb3ff363cf4aa106e5c,e1e06b1a88df2e25c0c545feb6d6be62b3ec66cbcc3419e680bafb845c74f8bf,3,-3,music21.key.krumhanslschmuckler,music21.key.aardenessen,same_release_path_plus_note_hash_music21_consensus_v1,53664a7ef3eed4af690568e16a357a2f88698e7f0a05fe854316b884807534da
music21_1255.mid,C,1255,pop1k7:src_004:1255,data/pop1k7_official/Pop1K7/midi_analyzed/src_004/1255.mid,2c4693d300bfb4d865f64eea3304e22da338f6099ffbcc3fdad92b1e3fb1b4e5,data/pop1k7_official/Pop1K7/midi_synchronized/src_004/1255.mid,2c987e3b292db9020bf0f44371ea9207c5dc73deef070a59a5d83454fa32c532,f67163dd853f99d6ac4bafd7056015c08f9b132b09caf6a50802b387740474be,0,0,music21.key.krumhanslschmuckler,music21.key.aardenessen,same_release_path_plus_note_hash_music21_consensus_v1,53664a7ef3eed4af690568e16a357a2f88698e7f0a05fe854316b884807534da
music21_1256.mid,A,1256,pop1k7:src_004:1256,data/pop1k7_official/Pop1K7/midi_analyzed/src_004/1256.mid,12b454a8b1bb6ee7e9e0efbeef60bc3cea2058ab77d809fa83988d22d1b99744,data/pop1k7_official/Pop1K7/midi_synchronized/src_004/1256.mid,74326336ce2c783ef6ef1917618b5cc408a404abc50d87ceac40072a00da9402,4ff7f8e095a40a8513c067c323f074af69ac713a18e221f2ce33526dbf58c8df,9,3,music21.key.krumhanslschmuckler,music21.key.aardenessen,same_release_path_plus_note_hash_music21_consensus_v1,53664a7ef3eed4af690568e16a357a2f88698e7f0a05fe854316b884807534da
music21_1257.mid,B,1257,pop1k7:src_004:1257,data/pop1k7_official/Pop1K7/midi_analyzed/src_004/1257.mid,5f63751aa65ad7fe10f455e4d827144f7d479fc74dcea08c3e29aae61cd3d8f4,data/pop1k7_official/Pop1K7/midi_synchronized/src_004/1257.mid,762aae7bd18882197dcffad99cdd316dbd56bc3d1e5eeb2dbce73923fab48014,eeddc7f4d845799a915080fb9abf2045a0f7596b2418794f9755a2b2bc9d13cd,11,1,music21.key.krumhanslschmuckler,music21.key.aardenessen,same_release_path_plus_note_hash_music21_consensus_v1,53664a7ef3eed4af690568e16a357a2f88698e7f0a05fe854316b884807534da
music21_1259.mid,C,1259,pop1k7:src_004:1259,data/pop1k7_official/Pop1K7/midi_analyzed/src_004/1259.mid,3ff8918d101ed3af060426ee414fd27a966980138bb3d4de288b01e51daa23cc,data/pop1k7_official/Pop1K7/midi_synchronized/src_004/1259.mid,446cb92415fe78ee5c2d9c086e87a3a4fae38c4f318e655077b59a80b5787dcd,ca5271a5306ea5c2a8fae8ea5e622daba5eb97ce372bd0578a47d9da65971674,0,0,music21.key.krumhanslschmuckler,music21.key.aardenessen,same_release_path_plus_note_hash_music21_consensus_v1,53664a7ef3eed4af690568e16a357a2f88698e7f0a05fe854316b884807534da
music21_1260.mid,G,1260,pop1k7:src_004:1260,data/pop1k7_official/Pop1K7/midi_analyzed/src_004/1260.mid,67f4f3e37419202348032a929e97ee58f7f804895faa39f82e7e41a53c7f8c68,data/pop1k7_official/Pop1K7/midi_synchronized/src_004/1260.mid,9666f28d1dacbef6daf8b49c2e095480d2ea1f4e5402d2d5a260de3f1bc9c706,0143e25ce3499b2827aec9780b70cb51a62692aef43c00e9922d77d9e0c2bec7,7,5,music21.key.krumhanslschmuckler,music21.key.aardenessen,same_release_path_plus_note_hash_music21_consensus_v1,53664a7ef3eed4af690568e16a357a2f88698e7f0a05fe854316b884807534da
music21_1262.mid,Bb,1262,pop1k7:src_004:1262,data/pop1k7_official/Pop1K7/midi_analyzed/src_004/1262.mid,b7231936bc7fcb6f60f9006af12e9a355e81cfc59bcaa6c9b067f0e9daa41f44,data/pop1k7_official/Pop1K7/midi_synchronized/src_004/1262.mid,68e61d9e4d1e8a56416872e25291a828871e189bd27da714b08635cf95cb4eeb,45320c9080c225960818214e23e3d1ccf9134a546f33fa9516167403d2786cde,10,2,music21.key.krumhanslschmuckler,music21.key.aardenessen,same_release_path_plus_note_hash_music21_consensus_v1,53664a7ef3eed4af690568e16a357a2f88698e7f0a05fe854316b884807534da
music21_1263.mid,f,1263,pop1k7:src_004:1263,data/pop1k7_official/Pop1K7/midi_analyzed/src_004/1263.mid,00bdfef95b7913e332ef1e6b64a5a31870693f4399a3b28d7c2be7f3307f170e,data/pop1k7_official/Pop1K7/midi_synchronized/src_004/1263.mid,6729cdc7f5d111a563f457138349773c8b926e3176cd732f866b14650a8b568c,7dff1e0eb2d56b2c90927ecc37c9a771d04b16f78e7787f60bfdbe8c3ac62482,8,4,music21.key.krumhanslschmuckler,music21.key.aardenessen,same_release_path_plus_note_hash_music21_consensus_v1,53664a7ef3eed4af690568e16a357a2f88698e7f0a05fe854316b884807534da
music21_1265.mid,d,1265,pop1k7:src_004:1265,data/pop1k7_official/Pop1K7/midi_analyzed/src_004/1265.mid,de1b077fe53e3e6fb98258f8b38e9a58ef9eab44b14cc0030ebb0d18dbcc8c75,data/pop1k7_official/Pop1K7/midi_synchronized/src_004/1265.mid,85ef573c2c0f9b28879908bce1407888e8d968d7aa203898fe29d65719d2faba,8908f4cc21e65fcedc12025eb9e9c077ec739862facc303fadf745e62ae3d414,5,-5,music21.key.krumhanslschmuckler,music21.key.aardenessen,same_release_path_plus_note_hash_music21_consensus_v1,53664a7ef3eed4af690568e16a357a2f88698e7f0a05fe854316b884807534da
music21_1266.mid,G,1266,pop1k7:src_004:1266,data/pop1k7_official/Pop1K7/midi_analyzed/src_004/1266.mid,9f94512e55dc119a0da1779a63311108f96ac52a88d212294de80f6ed5c9479a,data/pop1k7_official/Pop1K7/midi_synchronized/src_004/1266.mid,9c7308c99e05fcb9baff5a1816dbc7a3a0f0da3319cd019a37aa55d9f1a90d88,ed9d95cd209fe3a12eb2f09e20eef195e0914f4ced25c402ea66bd93a05081ff,7,5,music21.key.krumhanslschmuckler,music21.key.aardenessen,same_release_path_plus_note_hash_music21_consensus_v1,53664a7ef3eed4af690568e16a357a2f88698e7f0a05fe854316b884807534da
music21_1267.mid,C#,1267,pop1k7:src_004:1267,data/pop1k7_official/Pop1K7/midi_analyzed/src_004/1267.mid,4f8ae16bbaf54e62e73282aa07edf08bd9f1b91708210706523bb0e652d6f217,data/pop1k7_official/Pop1K7/midi_synchronized/src_004/1267.mid,4c0ba437125e29ee03c372c5d930c1cdd947b9c29bc867570785da22b3a8da38,574914356c79533c3055bb557be52359ff015a60a90863d2ba77194fefc092de,1,-1,music21.key.krumhanslschmuckler,music21.key.aardenessen,same_release_path_plus_note_hash_music21_consensus_v1,53664a7ef3eed4af690568e16a357a2f88698e7f0a05fe854316b884807534da
music21_1269.mid,Bb,1269,pop1k7:src_004:1269,data/pop1k7_official/Pop1K7/midi_analyzed/src_004/1269.mid,c7c30fa478c654ffc0daed22a251ec3ceba164ed14fade91f4c2f4a6c468dec6,data/pop1k7_official/Pop1K7/midi_synchronized/src_004/1269.mid,0803702f6d7ac28997b06819364fa10e8e3bad338a23ef200e1c56645a714a12,b9f1b92d6b38e47032e0a8e1e1026a865af544184de745a34f37408674540f49,10,2,music21.key.krumhanslschmuckler,music21.key.aardenessen,same_release_path_plus_note_hash_music21_consensus_v1,53664a7ef3eed4af690568e16a357a2f88698e7f0a05fe854316b884807534da
music21_1270.mid,F,1270,pop1k7:src_004:1270,data/pop1k7_official/Pop1K7/midi_analyzed/src_004/1270.mid,d8381634e19d516a68db55de0c45232adf1c3ecb742c0e0665c398b6af46d74a,data/pop1k7_official/Pop1K7/midi_synchronized/src_004/1270.mid,71bc8e6aac8bfeb8d56d4329f96b5bdd3901242d57c18aebf3fef9419e3af337,215634127264651dcd21223505a9ed02b190ada072a824dc7347135a08867465,5,-5,music21.key.krumhanslschmuckler,music21.key.aardenessen,same_release_path_plus_note_hash_music21_consensus_v1,53664a7ef3eed4af690568e16a357a2f88698e7f0a05fe854316b884807534da
music21_1271.mid,F#,1271,pop1k7:src_004:1271,data/pop1k7_official/Pop1K7/midi_analyzed/src_004/1271.mid,9ffcb00728b5681c89fd83638d621f9b56d7ae0da295abddbc9f6b5f26a07b2d,data/pop1k7_official/Pop1K7/midi_synchronized/src_004/1271.mid,19d5a1e2b76c0a3df5845dc4e6d32a3a72986fbc05be71cc353966f179a24ff6,2c8479acca87f6815323891001e21dd8c59a0582d7f533b1b8279020f85b9d42,6,6,music21.key.krumhanslschmuckler,music21.key.aardenessen,same_release_path_plus_note_hash_music21_consensus_v1,53664a7ef3eed4af690568e16a357a2f88698e7f0a05fe854316b884807534da
music21_1272.mid,E,1272,pop1k7:src_004:1272,data/pop1k7_official/Pop1K7/midi_analyzed/src_004/1272.mid,94ceb7e5e1e4e69a543180896500a6083021d55509999205bce911cb421cf508,data/pop1k7_official/Pop1K7/midi_synchronized/src_004/1272.mid,591b4e3bcc22161095bba2a1b1fe6c56356569bef348c7b847d84b8d924cec98,42260d57ab8a6edfa64615a9361fd2ad86724ec0cc401503811366aa890bab95,4,-4,music21.key.krumhanslschmuckler,music21.key.aardenessen,same_release_path_plus_note_hash_music21_consensus_v1,53664a7ef3eed4af690568e16a357a2f88698e7f0a05fe854316b884807534da
music21_1273.mid,C#,1273,pop1k7:src_004:1273,data/pop1k7_official/Pop1K7/midi_analyzed/src_004/1273.mid,1141a7f08378986051e655eace609a817ef5280306078fe443600f184a95bde7,data/pop1k7_official/Pop1K7/midi_synchronized/src_004/1273.mid,50b5c18ebfd965805b12935673414635c153a4cf86b5eb0987557cd5d481efc3,b487e95c7be4797e1e995716589007202e75f6c1ebbcfe562b5f93b1a622a1c7,1,-1,music21.key.krumhanslschmuckler,music21.key.aardenessen,same_release_path_plus_note_hash_music21_consensus_v1,53664a7ef3eed4af690568e16a357a2f88698e7f0a05fe854316b884807534da
music21_1274.mid,E,1274,pop1k7:src_004:1274,data/pop1k7_official/Pop1K7/midi_analyzed/src_004/1274.mid,bd3f3a5a272bef53ed609e094be5b615653286827781da9a542b8a0a75f1b88a,data/pop1k7_official/Pop1K7/midi_synchronized/src_004/1274.mid,5a225d680eed279d4de904441a5a05c2f3315d84dec1516232fb80d83374c8ba,5b42cad2c7aab7ddbb23170a0b402a367fcdca7e8048cf57960c9cdc494bff2b,4,-4,music21.key.krumhanslschmuckler,music21.key.aardenessen,same_release_path_plus_note_hash_music21_consensus_v1,53664a7ef3eed4af690568e16a357a2f88698e7f0a05fe854316b884807534da
music21_1275.mid,E,1275,pop1k7:src_004:1275,data/pop1k7_official/Pop1K7/midi_analyzed/src_004/1275.mid,e2f7a9021890253ee634b6b88f86050cc0300bd474cc402ce1ac8d983b32cb0f,data/pop1k7_official/Pop1K7/midi_synchronized/src_004/1275.mid,d5bffbbf71bc8a0989b99c23926a2c487d3a100097b715d4a72453e1eaa10f86,3c5cc486b983d3191b69b378d731909661a9282d7b1ab56004c8c7f561dc1007,4,-4,music21.key.krumhanslschmuckler,music21.key.aardenessen,same_release_path_plus_note_hash_music21_consensus_v1,53664a7ef3eed4af690568e16a357a2f88698e7f0a05fe854316b884807534da
music21_1276.mid,G,1276,pop1k7:src_004:1276,data/pop1k7_official/Pop1K7/midi_analyzed/src_004/1276.mid,d98746ebed5d07c9839f6457c334c949b6a22c7437383a7958a88395e89c9064,data/pop1k7_official/Pop1K7/midi_synchronized/src_004/1276.mid,51befbde3d875149f1ae901ee9717c35a551a4b3e6d3e1aa126be75ea7100ff2,b7a39c27a6f5ce18e32336ff5fc3d4d7e0ee8e90f3e06a8130ec2ae67f92c165,7,5,music21.key.krumhanslschmuckler,music21.key.aardenessen,same_release_path_plus_note_hash_music21_consensus_v1,53664a7ef3eed4af690568e16a357a2f88698e7f0a05fe854316b884807534da
music21_1277.mid,C,1277,pop1k7:src_004:1277,data/pop1k7_official/Pop1K7/midi_analyzed/src_004/1277.mid,741c9cf2667f585e868629a74682796c8822597f66e153105f74ef0ab3c02ec0,data/pop1k7_official/Pop1K7/midi_synchronized/src_004/1277.mid,5acc48ad75a53c175a80f901ffb9404d178680bdaca706314f0ee7aec8714404,657cc3abe2ee1c9f1d51b51e42288c98535ecdf71608c06bf09c9cb07634b216,0,0,music21.key.krumhanslschmuckler,music21.key.aardenessen,same_release_path_plus_note_hash_music21_consensus_v1,53664a7ef3eed4af690568e16a357a2f88698e7f0a05fe854316b884807534da
music21_1279.mid,Eb,1279,pop1k7:src_004:1279,data/pop1k7_official/Pop1K7/midi_analyzed/src_004/1279.mid,ffc74a6e37a8938448bb445db78cb19685db9f80396852e54762fb1662a240eb,data/pop1k7_official/Pop1K7/midi_synchronized/src_004/1279.mid,f5629726cf2f031c6974d6990276c8bafebd22158b0877f3efb758112ee5ef5a,8a4c9fa949d5562252754e7e34cb6bb6f73329274d663d61c74d6ee969e30e96,3,-3,music21.key.krumhanslschmuckler,music21.key.aardenessen,same_release_path_plus_note_hash_music21_consensus_v1,53664a7ef3eed4af690568e16a357a2f88698e7f0a05fe854316b884807534da
music21_1281.mid,B,1281,pop1k7:src_004:1281,data/pop1k7_official/Pop1K7/midi_analyzed/src_004/1281.mid,f398d228fde2efbd119b94fe5dd8ce43f373e4985c60d352a3b5b2f624058ccc,data/pop1k7_official/Pop1K7/midi_synchronized/src_004/1281.mid,686fc096fd5fd16957f41eff2508d14ba727af19acf2b329be1c1009e51f2b61,5b0fa050ac0d3af1be63ff3130850df8a5fd7de168ef18c8ee83c9cc11a8ce79,11,1,music21.key.krumhanslschmuckler,music21.key.aardenessen,same_release_path_plus_note_hash_music21_consensus_v1,53664a7ef3eed4af690568e16a357a2f88698e7f0a05fe854316b884807534da
music21_1282.mid,C,1282,pop1k7:src_004:1282,data/pop1k7_official/Pop1K7/midi_analyzed/src_004/1282.mid,d9de548503a7c3eadf56b3849b0c4b5e67d038a9360d26cc9b7ea593e364673f,data/pop1k7_official/Pop1K7/midi_synchronized/src_004/1282.mid,dbb2925d06baf2e7f819808cfed487215eb0654aeb9af7a45631d4c66f1d7f0b,dbf35ae8053269ec086a75f71159949cd29f1523b633b07eea00a1716be5eef5,0,0,music21.key.krumhanslschmuckler,music21.key.aardenessen,same_release_path_plus_note_hash_music21_consensus_v1,53664a7ef3eed4af690568e16a357a2f88698e7f0a05fe854316b884807534da
music21_1283.mid,F,1283,pop1k7:src_004:1283,data/pop1k7_official/Pop1K7/midi_analyzed/src_004/1283.mid,cc967399ec96eab3e2ce111ed543d949fd3bc551deee7a60c776c0644b1b93c7,data/pop1k7_official/Pop1K7/midi_synchronized/src_004/1283.mid,aa5442f0c3347b8e21a56dede78d126f9fbae77eee0cb1fb53823a0938863658,e9f387aa0764d0adb3951a100ab409657ab8cf1992ca66e45d0c2b2859549a3c,5,-5,music21.key.krumhanslschmuckler,music21.key.aardenessen,same_release_path_plus_note_hash_music21_consensus_v1,53664a7ef3eed4af690568e16a357a2f88698e7f0a05fe854316b884807534da
music21_1284.mid,c#,1284,pop1k7:src_004:1284,data/pop1k7_official/Pop1K7/midi_analyzed/src_004/1284.mid,6d4091844a34ff0765893029233a4bad79a143749a2c38e2c718c4047394a5f7,data/pop1k7_official/Pop1K7/midi_synchronized/src_004/1284.mid,3bec0f436b6fa57c383beb845890dde575988d220607706e28e4f335e1c1f044,f8abd4ad883bd368951a5d8c558080f5b9a2e2c976e92a06adfb8fcd253e347e,4,-4,music21.key.krumhanslschmuckler,music21.key.aardenessen,same_release_path_plus_note_hash_music21_consensus_v1,53664a7ef3eed4af690568e16a357a2f88698e7f0a05fe854316b884807534da
music21_1285.mid,E,1285,pop1k7:src_004:1285,data/pop1k7_official/Pop1K7/midi_analyzed/src_004/1285.mid,bb006efd54c5ce00668465a606b33891444bc710f52bc879fa23bdaba4d382c1,data/pop1k7_official/Pop1K7/midi_synchronized/src_004/1285.mid,a9ce94f168d4b68923f762e968515289ea08086035e2262798675c78fae93072,781beb5215d2723f8f84ffce912bf9117a462fa89e896331879a45f75c3859dd,4,-4,music21.key.krumhanslschmuckler,music21.key.aardenessen,same_release_path_plus_note_hash_music21_consensus_v1,53664a7ef3eed4af690568e16a357a2f88698e7f0a05fe854316b884807534da
music21_1286.mid,Bb,1286,pop1k7:src_004:1286,data/pop1k7_official/Pop1K7/midi_analyzed/src_004/1286.mid,d7a58f6d4b3706db0079b06e413e6ed9861e22bb10d36ece79d63824a022422e,data/pop1k7_official/Pop1K7/midi_synchronized/src_004/1286.mid,58a577a69b8a81d97c5a9c0de7d33300d7af30b835ca3d555e7a657fd08a1687,eb890e70ad915447382e08026fe3550fe519ca15a49109c0ebc8fd7c28230550,10,2,music21.key.krumhanslschmuckler,music21.key.aardenessen,same_release_path_plus_note_hash_music21_consensus_v1,53664a7ef3eed4af690568e16a357a2f88698e7f0a05fe854316b884807534da
music21_1287.mid,d,1287,pop1k7:src_004:1287,data/pop1k7_official/Pop1K7/midi_analyzed/src_004/1287.mid,e8b4ebc7275b76ffd1de521d857d74dc2294eae90287f53363e4690a90a1da78,data/pop1k7_official/Pop1K7/midi_synchronized/src_004/1287.mid,78cacc37e06cc114b553f256e80093f1ab4c8ffdcf3eca4260a33b95f28a2370,0e86db0f19c9d84e1436f2feeb5259dcd25413b28efac47d7bb5997bc97d29ca,5,-5,music21.key.krumhanslschmuckler,music21.key.aardenessen,same_release_path_plus_note_hash_music21_consensus_v1,53664a7ef3eed4af690568e16a357a2f88698e7f0a05fe854316b884807534da
music21_1288.mid,G,1288,pop1k7:src_004:1288,data/pop1k7_official/Pop1K7/midi_analyzed/src_004/1288.mid,780b40a37ad1b8bdca74bc17aa497a7e3d8c160250dbbac77f1dc2845e90dae3,data/pop1k7_official/Pop1K7/midi_synchronized/src_004/1288.mid,d9ea825345e5277238bf15c2390081ff1b37ab0530a401b5ad7e58cdd358113f,524e451d3fabd5d8158d1e5302a2d2f6698656d7d44b451fd88ea858b891c9d7,7,5,music21.key.krumhanslschmuckler,music21.key.aardenessen,same_release_path_plus_note_hash_music21_consensus_v1,53664a7ef3eed4af690568e16a357a2f88698e7f0a05fe854316b884807534da
music21_1290.mid,D,1290,pop1k7:src_004:1290,data/pop1k7_official/Pop1K7/midi_analyzed/src_004/1290.mid,80879a5060943519647d8422481cd7bf6fe4d94466551033e66e963a519c42e3,data/pop1k7_official/Pop1K7/midi_synchronized/src_004/1290.mid,39e466ab9874bb459a28404855658f1556ae8facc7cc449a8315052a881a1e2a,fd087a59aa11b3669ddb809063a0b5df2b546e94df04984e78b422f082132787,2,-2,music21.key.krumhanslschmuckler,music21.key.aardenessen,same_release_path_plus_note_hash_music21_consensus_v1,53664a7ef3eed4af690568e16a357a2f88698e7f0a05fe854316b884807534da
music21_1292.mid,Bb,1292,pop1k7:src_004:1292,data/pop1k7_official/Pop1K7/midi_analyzed/src_004/1292.mid,b5e3e0f717f0ff69aa148255b1b8d13faefe6756abbe5481e835b9f54187ac6d,data/pop1k7_official/Pop1K7/midi_synchronized/src_004/1292.mid,ec3463b0aa200f98348f0226e95feb2ea3f51027dcc1c5a8f7247391ce824029,01868cef7b0b7100bd67e212143afaf1e51ebe054c155086737cf0fffc85cd2f,10,2,music21.key.krumhanslschmuckler,music21.key.aardenessen,same_release_path_plus_note_hash_music21_consensus_v1,53664a7ef3eed4af690568e16a357a2f88698e7f0a05fe854316b884807534da
music21_1294.mid,G,1294,pop1k7:src_004:1294,data/pop1k7_official/Pop1K7/midi_analyzed/src_004/1294.mid,4475bdcea8b57d8feae5ff3e075594288b0f698b737877bda3b2a857f724df20,data/pop1k7_official/Pop1K7/midi_synchronized/src_004/1294.mid,6d1500cd37365f10e085cc97923ec6af82e380803b01b7a0670b628b61ba2ee9,aff4796f3b9d3bbb3e3708e718a1c6e4b1d6a94b8256b3d5269fa86a96b080bb,7,5,music21.key.krumhanslschmuckler,music21.key.aardenessen,same_release_path_plus_note_hash_music21_consensus_v1,53664a7ef3eed4af690568e16a357a2f88698e7f0a05fe854316b884807534da
music21_1295.mid,bb,1295,pop1k7:src_004:1295,data/pop1k7_official/Pop1K7/midi_analyzed/src_004/1295.mid,2ef633b41cd2b6022325acb37b44685a306b0b6d11e87c4c3dc947288c76e5a1,data/pop1k7_official/Pop1K7/midi_synchronized/src_004/1295.mid,4bf6e57f6421e1f165144e4c0957c7935875ff90124001e5c446652551649cd0,34fbe330e8fc204066fba0e61d8ba3081578c5e0b601b4a65fda6e5df227e72c,1,-1,music21.key.krumhanslschmuckler,music21.key.aardenessen,same_release_path_plus_note_hash_music21_consensus_v1,53664a7ef3eed4af690568e16a357a2f88698e7f0a05fe854316b884807534da
music21_1296.mid,A,1296,pop1k7:src_004:1296,data/pop1k7_official/Pop1K7/midi_analyzed/src_004/1296.mid,5276225cebccc11af09563fad74f55b0d73fcc4f08ad415881ac555a5fc7d8c1,data/pop1k7_official/Pop1K7/midi_synchronized/src_004/1296.mid,ca59be6a51e6800b769a6d15ef490168e9d909cc378d99aecbc50bdfabc85645,073566ad70918577fd08d49ba6cc870aeea0e693719a0d8535366749792547e2,9,3,music21.key.krumhanslschmuckler,music21.key.aardenessen,same_release_path_plus_note_hash_music21_consensus_v1,53664a7ef3eed4af690568e16a357a2f88698e7f0a05fe854316b884807534da
music21_1297.mid,F#,1297,pop1k7:src_004:1297,data/pop1k7_official/Pop1K7/midi_analyzed/src_004/1297.mid,565a681eaa1fc17bb7ce9735bbf0de7310edc3e421d909fa42ccefc0f8d11116,data/pop1k7_official/Pop1K7/midi_synchronized/src_004/1297.mid,fae44293507b3cd144e5e789759b6cd52a36d5a979d6e5cb362b061608e5e676,9fcb2ca6cc9292432eae50a9cfabb4aff8d3f2323013b3dc2638c8dc40af6ced,6,6,music21.key.krumhanslschmuckler,music21.key.aardenessen,same_release_path_plus_note_hash_music21_consensus_v1,53664a7ef3eed4af690568e16a357a2f88698e7f0a05fe854316b884807534da
music21_1298.mid,Bb,1298,pop1k7:src_004:1298,data/pop1k7_official/Pop1K7/midi_analyzed/src_004/1298.mid,3b336aa30e88398950d242608ed188afcbe040255ceae37e8c1e93204f98340f,data/pop1k7_official/Pop1K7/midi_synchronized/src_004/1298.mid,c56ca1ec2bdd63e40124180ee64dff70b1b81441ca4d3b24b9c49b67d8a9f9f9,9130e2c9707d566fa75488abc9690bc51107808c1c46ce3c9eceda0cc10b6927,10,2,music21.key.krumhanslschmuckler,music21.key.aardenessen,same_release_path_plus_note_hash_music21_consensus_v1,53664a7ef3eed4af690568e16a357a2f88698e7f0a05fe854316b884807534da
music21_1300.mid,B,1300,pop1k7:src_004:1300,data/pop1k7_official/Pop1K7/midi_analyzed/src_004/1300.mid,1e0d8eb281e685df076e222b8454098c1162797b88411b1a55e3e9e60bab383c,data/pop1k7_official/Pop1K7/midi_synchronized/src_004/1300.mid,4d19b06610574b045fa66a8ecb654fea644b295dbef63bbacebe7da9e3141613,2703ae7b8546fbe9e04b548c192b13e7ff9af94af9cb2b7106b861d20feb82f8,11,1,music21.key.krumhanslschmuckler,music21.key.aardenessen,same_release_path_plus_note_hash_music21_consensus_v1,53664a7ef3eed4af690568e16a357a2f88698e7f0a05fe854316b884807534da
music21_1301.mid,C,1301,pop1k7:src_004:1301,data/pop1k7_official/Pop1K7/midi_analyzed/src_004/1301.mid,df92398fbcae61bb9fb3b5fae50c1b3a8e645585fd271a98e483381ccb91487a,data/pop1k7_official/Pop1K7/midi_synchronized/src_004/1301.mid,1896230b56926102bc36ec3b0f553f34990ee5ab78d2d5ec97f70a4edeb33e4e,7b7abf9bfeb3918e28b394fc265a455cd31eb05617f7e3fd3d6c0431c0c1e698,0,0,music21.key.krumhanslschmuckler,music21.key.aardenessen,same_release_path_plus_note_hash_music21_consensus_v1,53664a7ef3eed4af690568e16a357a2f88698e7f0a05fe854316b884807534da
music21_1302.mid,Eb,1302,pop1k7:src_004:1302,data/pop1k7_official/Pop1K7/midi_analyzed/src_004/1302.mid,66f66cbd4e25b0a069a2c9afdbeb449d1ce45ad592c2b627247ec482c1f2230c,data/pop1k7_official/Pop1K7/midi_synchronized/src_004/1302.mid,e1bc6decc4242a895963a2355eae65dda540e155c3852391b39367c8320a5eac,889542416c0bad33044eb7d0a2013dd571d45fbae5f6d7eac0a310f63d46e17a,3,-3,music21.key.krumhanslschmuckler,music21.key.aardenessen,same_release_path_plus_note_hash_music21_consensus_v1,53664a7ef3eed4af690568e16a357a2f88698e7f0a05fe854316b884807534da
music21_1303.mid,Bb,1303,pop1k7:src_004:1303,data/pop1k7_official/Pop1K7/midi_analyzed/src_004/1303.mid,ba5b35fb3f50fd2254c28588e4fbab47e8a0f2700d4a0ab2e5d54c9855eac924,data/pop1k7_official/Pop1K7/midi_synchronized/src_004/1303.mid,27c3127039f32c426a18dfe41902bf5466164932064b712f1d652a63df43be9d,b9f616eb5a5b45da80ed1474f6790c554aacc2559efb88b8dca273a0a3ba5584,10,2,music21.key.krumhanslschmuckler,music21.key.aardenessen,same_release_path_plus_note_hash_music21_consensus_v1,53664a7ef3eed4af690568e16a357a2f88698e7f0a05fe854316b884807534da
music21_1304.mid,F#,1304,pop1k7:src_004:1304,data/pop1k7_official/Pop1K7/midi_analyzed/src_004/1304.mid,d7b5c1141bffdf1daffcfd69692f5ce387987a746c427309f6bc65708869f181,data/pop1k7_official/Pop1K7/midi_synchronized/src_004/1304.mid,62261dc80e825ae70ec01f77f102465e0790e41d228ef8491ca817086185fafb,279ea0daf1e10a4a392797bb8f72d248144bc4869b1cbbcf2874283d78f151b3,6,6,music21.key.krumhanslschmuckler,music21.key.aardenessen,same_release_path_plus_note_hash_music21_consensus_v1,53664a7ef3eed4af690568e16a357a2f88698e7f0a05fe854316b884807534da
music21_1306.mid,g,1306,pop1k7:src_004:1306,data/pop1k7_official/Pop1K7/midi_analyzed/src_004/1306.mid,6d97e66d73814f9c1d86897cc4ed2827a0bec58b14116f4ab421e37d05ce6b89,data/pop1k7_official/Pop1K7/midi_synchronized/src_004/1306.mid,00760c40a433e536f69bfaa51da53a18369c60c5b5f77419d5878a1d9ba5f3dc,9a4f9bc4c4bf72fdfa5d3fedd12ed99ca2a682593f2ec04fd8a3eca681932e8a,10,2,music21.key.krumhanslschmuckler,music21.key.aardenessen,same_release_path_plus_note_hash_music21_consensus_v1,53664a7ef3eed4af690568e16a357a2f88698e7f0a05fe854316b884807534da
music21_1307.mid,eb,1307,pop1k7:src_004:1307,data/pop1k7_official/Pop1K7/midi_analyzed/src_004/1307.mid,d56cb7962a3a249d04499e126c9bacef14d460a9b1606e5a40ddd52a0b9846fc,data/pop1k7_official/Pop1K7/midi_synchronized/src_004/1307.mid,e37c12469a8e18ff7747951bae6f0dddef1ae606af04e7e9c61d440d33eb31f9,a5f6b3b19daf80fbe2406c3c65ec42a2f640a3300559f261c8db20d4a0a21864,6,6,music21.key.krumhanslschmuckler,music21.key.aardenessen,same_release_path_plus_note_hash_music21_consensus_v1,53664a7ef3eed4af690568e16a357a2f88698e7f0a05fe854316b884807534da
music21_1308.mid,Ab,1308,pop1k7:src_004:1308,data/pop1k7_official/Pop1K7/midi_analyzed/src_004/1308.mid,f1bb2580ad52f144c8142da98b8d7923ee0f61586cace51da19c8ce52817dc65,data/pop1k7_official/Pop1K7/midi_synchronized/src_004/1308.mid,59175336dee63eab5b64522feb0aa4ac8cc194a0d930423e81a34415396afbde,c20bf763364cd55f1398aa3507f389d2a6ee5802ad65a24ef78350905d2301ca,8,4,music21.key.krumhanslschmuckler,music21.key.aardenessen,same_release_path_plus_note_hash_music21_consensus_v1,53664a7ef3eed4af690568e16a357a2f88698e7f0a05fe854316b884807534da
music21_1310.mid,bb,1310,pop1k7:src_004:1310,data/pop1k7_official/Pop1K7/midi_analyzed/src_004/1310.mid,6457c1eb59c72e910ee8acf0a33fa909c062511247c4c41a5cebd551ca0702ab,data/pop1k7_official/Pop1K7/midi_synchronized/src_004/1310.mid,8efba91411e9379c54d15f57b91d79a403c3a683272941ad16b7d3759d5f971a,5407b1df35588cc441c16e717ccc1fe8aa4b08359c76ce3f35a776f79e615681,1,-1,music21.key.krumhanslschmuckler,music21.key.aardenessen,same_release_path_plus_note_hash_music21_consensus_v1,53664a7ef3eed4af690568e16a357a2f88698e7f0a05fe854316b884807534da
music21_1311.mid,a,1311,pop1k7:src_004:1311,data/pop1k7_official/Pop1K7/midi_analyzed/src_004/1311.mid,65bc6bd8e29c93aebffd7d03dc6ecdb517f41ff5852a51f630483b42a95f8985,data/pop1k7_official/Pop1K7/midi_synchronized/src_004/1311.mid,3d0a1a8365ee08a0f4a3f06910e7a24dbe06618611355af45ac3a12b67ed1f55,e015e3793cff36f206a8d12609a39bcf3d915a0ed6bb47ac0e503471e60b9c1a,0,0,music21.key.krumhanslschmuckler,music21.key.aardenessen,same_release_path_plus_note_hash_music21_consensus_v1,53664a7ef3eed4af690568e16a357a2f88698e7f0a05fe854316b884807534da
music21_1312.mid,g,1312,pop1k7:src_004:1312,data/pop1k7_official/Pop1K7/midi_analyzed/src_004/1312.mid,9f984437083dc786774dff4a567504b6b3164de6862e1595851a29a192693a04,data/pop1k7_official/Pop1K7/midi_synchronized/src_004/1312.mid,fb88e720bffd79a5fb85231c221c459751808da0cca75e353d8d75ddb2510666,94011d0d654ac2306d78d1a848fbb1ca26a16196258f1a3f1f484e65d22ffa96,10,2,music21.key.krumhanslschmuckler,music21.key.aardenessen,same_release_path_plus_note_hash_music21_consensus_v1,53664a7ef3eed4af690568e16a357a2f88698e7f0a05fe854316b884807534da
music21_1313.mid,a,1313,pop1k7:src_004:1313,data/pop1k7_official/Pop1K7/midi_analyzed/src_004/1313.mid,a2b742f4bda70345fcb7e0e086684912e284c19d54f6be80cab4dba5ac17bd79,data/pop1k7_official/Pop1K7/midi_synchronized/src_004/1313.mid,6dad03114aa3350ad04cb36f0bfc2a6cb485f5f80082d37240c60d6dcaa7eb3e,5a11e0e58a24917488eda1938ee779f47819e1b55a48c3e12ad137f678c9b790,0,0,music21.key.krumhanslschmuckler,music21.key.aardenessen,same_release_path_plus_note_hash_music21_consensus_v1,53664a7ef3eed4af690568e16a357a2f88698e7f0a05fe854316b884807534da
music21_1314.mid,C#,1314,pop1k7:src_004:1314,data/pop1k7_official/Pop1K7/midi_analyzed/src_004/1314.mid,d330918788938725c4590defca136a1a30b9fd00c7cbc8b1ed96bae1c0d2a627,data/pop1k7_official/Pop1K7/midi_synchronized/src_004/1314.mid,ffc3bbcc954d962717b69c947a768bfe4463e34b747e470ad42a77e8bed3ce3c,f3cb27cba085cdaa8c4afd59cf0be36a92690c80da15709712ea2633d5994d9b,1,-1,music21.key.krumhanslschmuckler,music21.key.aardenessen,same_release_path_plus_note_hash_music21_consensus_v1,53664a7ef3eed4af690568e16a357a2f88698e7f0a05fe854316b884807534da
music21_1315.mid,F#,1315,pop1k7:src_004:1315,data/pop1k7_official/Pop1K7/midi_analyzed/src_004/1315.mid,5391d0fbaf2a9546ff4186909ef9801113a4b3976d12f0952522fe6751d98f80,data/pop1k7_official/Pop1K7/midi_synchronized/src_004/1315.mid,8b9793442616b61d51573dbf95334819025ee8aaca9e69c24f31528399ff765d,7bd3aac23c182b63e8170891d7b5de23510524e94c6b1f085e80ae1bcba5d6fb,6,6,music21.key.krumhanslschmuckler,music21.key.aardenessen,same_release_path_plus_note_hash_music21_consensus_v1,53664a7ef3eed4af690568e16a357a2f88698e7f0a05fe854316b884807534da
music21_1316.mid,E,1316,pop1k7:src_004:1316,data/pop1k7_official/Pop1K7/midi_analyzed/src_004/1316.mid,007513d8e21a5dce1ebc6f65ac2575d24b5966eb454aa254049a1f8dd62a2736,data/pop1k7_official/Pop1K7/midi_synchronized/src_004/1316.mid,597bcd0fb24460dc3b32f5e963b6afdee69c45440824c6e29d0075a79eb41d0d,e0064a6d5cb3892b39655e0ea639a9c965b960b36e06cb71d4462faf831abcd4,4,-4,music21.key.krumhanslschmuckler,music21.key.aardenessen,same_release_path_plus_note_hash_music21_consensus_v1,53664a7ef3eed4af690568e16a357a2f88698e7f0a05fe854316b884807534da
music21_1319.mid,f,1319,pop1k7:src_004:1319,data/pop1k7_official/Pop1K7/midi_analyzed/src_004/1319.mid,fc9097e74cf7ead9bc61e8b2e82f378a175a68e858f495a75d1fab18f588587d,data/pop1k7_official/Pop1K7/midi_synchronized/src_004/1319.mid,3d4af864a0b84d5ec155fcdacce6fad66971b806399b35573165267e6f71af0b,82e3d9b37527c1911dc3dc51d28350f98c38393ab09d8eb64ee31003edf12c50,8,4,music21.key.krumhanslschmuckler,music21.key.aardenessen,same_release_path_plus_note_hash_music21_consensus_v1,53664a7ef3eed4af690568e16a357a2f88698e7f0a05fe854316b884807534da
music21_1320.mid,eb,1320,pop1k7:src_004:1320,data/pop1k7_official/Pop1K7/midi_analyzed/src_004/1320.mid,fa3112b222a887681e4a2709a3933e274e24a2a061ebb474dc4f77c6ad5e6144,data/pop1k7_official/Pop1K7/midi_synchronized/src_004/1320.mid,0ee935e7d3ab4b8cec955cffcb8827bdbc33137f9e8f396c153398da80398472,d27c542db471405e29fe2de0186e5b69b4b25a9b7660c1287a92812be17114bb,6,6,music21.key.krumhanslschmuckler,music21.key.aardenessen,same_release_path_plus_note_hash_music21_consensus_v1,53664a7ef3eed4af690568e16a357a2f88698e7f0a05fe854316b884807534da
music21_1322.mid,D,1322,pop1k7:src_004:1322,data/pop1k7_official/Pop1K7/midi_analyzed/src_004/1322.mid,c92153333ebba2f80289ef18f23da9c412b273b6a3b584411a0d89f80395abf1,data/pop1k7_official/Pop1K7/midi_synchronized/src_004/1322.mid,fc3f79bd426d2fa262d0fe9717e10d315c6e2e7be86a937337e1a70493b92e6b,57cba0af5f9ed8c1bce2ead51de8cab35ff451df86a8827b1cd42d080fb36eeb,2,-2,music21.key.krumhanslschmuckler,music21.key.aardenessen,same_release_path_plus_note_hash_music21_consensus_v1,53664a7ef3eed4af690568e16a357a2f88698e7f0a05fe854316b884807534da
music21_1324.mid,C,1324,pop1k7:src_004:1324,data/pop1k7_official/Pop1K7/midi_analyzed/src_004/1324.mid,b5c73a0ee925b7310722060c5fb7f82052ca12adac628f883bb69f8b845c7ae8,data/pop1k7_official/Pop1K7/midi_synchronized/src_004/1324.mid,95e0a25ec7dcae95f7ef2a72102e76fe690944c6587be65d3e8577fd3f6f790c,c3ae45065240ec4125e28376c5d4d068df33352143476707fb3678927d6b29db,0,0,music21.key.krumhanslschmuckler,music21.key.aardenessen,same_release_path_plus_note_hash_music21_consensus_v1,53664a7ef3eed4af690568e16a357a2f88698e7f0a05fe854316b884807534da
music21_1325.mid,C,1325,pop1k7:src_004:1325,data/pop1k7_official/Pop1K7/midi_analyzed/src_004/1325.mid,7236445d0982cd3256ce817656c6d4ef55ac7f6965cc0bec7f6423570e6e22cd,data/pop1k7_official/Pop1K7/midi_synchronized/src_004/1325.mid,d424f08c88889f4add3aac9533f8fec5a344977df3d21409f8a80161d716c381,d54465f7d564949291f44b2dcbb53095fd23cfdded462ca533e7c9e97c1d06f4,0,0,music21.key.krumhanslschmuckler,music21.key.aardenessen,same_release_path_plus_note_hash_music21_consensus_v1,53664a7ef3eed4af690568e16a357a2f88698e7f0a05fe854316b884807534da
music21_1326.mid,D,1326,pop1k7:src_004:1326,data/pop1k7_official/Pop1K7/midi_analyzed/src_004/1326.mid,1171c0bb4789470871db6dc090cd2c2d968542f1ed9c398cc9ebc276abcd03c8,data/pop1k7_official/Pop1K7/midi_synchronized/src_004/1326.mid,8d356611e7e5660f3329f674e38b43138f0b94bf3e7cbd683982838fe9715b34,a138e2ddfc71cc696b3a99cfde59f1401e4b207d0047fde183c2aa841e1fbca4,2,-2,music21.key.krumhanslschmuckler,music21.key.aardenessen,same_release_path_plus_note_hash_music21_consensus_v1,53664a7ef3eed4af690568e16a357a2f88698e7f0a05fe854316b884807534da
music21_1329.mid,D,1329,pop1k7:src_004:1329,data/pop1k7_official/Pop1K7/midi_analyzed/src_004/1329.mid,0ede5338b89878e19907914fa8ebdc5755831277c1d0cb14f62a14df4da6903d,data/pop1k7_official/Pop1K7/midi_synchronized/src_004/1329.mid,3b5695e4873fd795f287d65f0fd3fbb246f26d535a0ab0adc82f1c236765617a,ac418ea2004709d02f51aa563d4ab83f5267eba44e993e63f915664cac0a1225,2,-2,music21.key.krumhanslschmuckler,music21.key.aardenessen,same_release_path_plus_note_hash_music21_consensus_v1,53664a7ef3eed4af690568e16a357a2f88698e7f0a05fe854316b884807534da
music21_1331.mid,A,1331,pop1k7:src_004:1331,data/pop1k7_official/Pop1K7/midi_analyzed/src_004/1331.mid,365276b51169d3f6f733defcac0afac686f0118832f6c4c2fc95e8fdd4d70dc3,data/pop1k7_official/Pop1K7/midi_synchronized/src_004/1331.mid,6cb1e0856b7053664ab8fef238a76dd84e150496c077427a99a0279134f88d1d,90381471822a129b4d59188364dfae10f73d70b30d07a7019cd337ca7fbb6044,9,3,music21.key.krumhanslschmuckler,music21.key.aardenessen,same_release_path_plus_note_hash_music21_consensus_v1,53664a7ef3eed4af690568e16a357a2f88698e7f0a05fe854316b884807534da
music21_1332.mid,C,1332,pop1k7:src_004:1332,data/pop1k7_official/Pop1K7/midi_analyzed/src_004/1332.mid,ee4c285a9714cf524e8e0063ceacc14465babb331c58d337ee289950fff59007,data/pop1k7_official/Pop1K7/midi_synchronized/src_004/1332.mid,9477f0fd5e50b0fc92eb10df4c923ceda2067ebd3785cebe24ede01cae1e5d9d,b52308dddbc1b8926083c1bfc63377fd2d1157edcde68e192cf336295095ee05,0,0,music21.key.krumhanslschmuckler,music21.key.aardenessen,same_release_path_plus_note_hash_music21_consensus_v1,53664a7ef3eed4af690568e16a357a2f88698e7f0a05fe854316b884807534da
music21_1333.mid,E,1333,pop1k7:src_004:1333,data/pop1k7_official/Pop1K7/midi_analyzed/src_004/1333.mid,068115fbaae91fbd9a245c5498464a497fa292fe895b3fa9eeb3e67b0063ebf8,data/pop1k7_official/Pop1K7/midi_synchronized/src_004/1333.mid,a596b46ff2061b2675acfe91c864e514d326e457f3c7c2cd8a4f85d75a4f5725,8fbcb0a7de61521406886abaa048cb287a48fa88f16a6a450d015ae3bd43477b,4,-4,music21.key.krumhanslschmuckler,music21.key.aardenessen,same_release_path_plus_note_hash_music21_consensus_v1,53664a7ef3eed4af690568e16a357a2f88698e7f0a05fe854316b884807534da
music21_1335.mid,C#,1335,pop1k7:src_004:1335,data/pop1k7_official/Pop1K7/midi_analyzed/src_004/1335.mid,b227814aa2f48d93bcf82fde6237e83f90c15711aadffd27bc69dbcdb68d08bc,data/pop1k7_official/Pop1K7/midi_synchronized/src_004/1335.mid,1f92428112439bd8efb1b393fdfb370785147709f57b4c235caf1ec2c51920d9,f4d3f8d221a8275e9aa319bce89fc9b3cf46126aa768be1811166e97f229dacb,1,-1,music21.key.krumhanslschmuckler,music21.key.aardenessen,same_release_path_plus_note_hash_music21_consensus_v1,53664a7ef3eed4af690568e16a357a2f88698e7f0a05fe854316b884807534da
music21_1337.mid,Ab,1337,pop1k7:src_004:1337,data/pop1k7_official/Pop1K7/midi_analyzed/src_004/1337.mid,e8e7ec78e4d37377b47af4b718ceb1aff146be444476c0d691588258c40eb165,data/pop1k7_official/Pop1K7/midi_synchronized/src_004/1337.mid,707328ddfea83d18bb4d171a06c462b5575da9ce25fee4155b7d1104a930261e,fb8ff598b5e73c0c9e9150df7fb2278b951ba0d1c13fee83820bf601f10b3fcd,8,4,music21.key.krumhanslschmuckler,music21.key.aardenessen,same_release_path_plus_note_hash_music21_consensus_v1,53664a7ef3eed4af690568e16a357a2f88698e7f0a05fe854316b884807534da
music21_1338.mid,D,1338,pop1k7:src_004:1338,data/pop1k7_official/Pop1K7/midi_analyzed/src_004/1338.mid,ae19e2f517e7c2d62867bb81c0bf9e34112124cf049d128ad52be588f79839ff,data/pop1k7_official/Pop1K7/midi_synchronized/src_004/1338.mid,0b7c94ce31bed1bc9751136b3a2f44c389a6daae02b06600dfc128e2fd75c91b,dd66974e86bb02c0faface84618eee7312437e2d5a74000bffdbaebadc2b7973,2,-2,music21.key.krumhanslschmuckler,music21.key.aardenessen,same_release_path_plus_note_hash_music21_consensus_v1,53664a7ef3eed4af690568e16a357a2f88698e7f0a05fe854316b884807534da
music21_1339.mid,G,1339,pop1k7:src_004:1339,data/pop1k7_official/Pop1K7/midi_analyzed/src_004/1339.mid,2c9730cd94b7ea22bf3910688d08288d618461f3c7a34989c01a08f2a99b0013,data/pop1k7_official/Pop1K7/midi_synchronized/src_004/1339.mid,737b7d1019daa781e8a375b2724d32c2fc6fa634e7d14ba465b11c6b55f277a4,161e32241e052b0a1efe0039f95d3558f8d40793733347dc9c4c23a6ac496ae0,7,5,music21.key.krumhanslschmuckler,music21.key.aardenessen,same_release_path_plus_note_hash_music21_consensus_v1,53664a7ef3eed4af690568e16a357a2f88698e7f0a05fe854316b884807534da
music21_1340.mid,G,1340,pop1k7:src_004:1340,data/pop1k7_official/Pop1K7/midi_analyzed/src_004/1340.mid,b9a589b8c0bf9dadfa16be20a55a7f042ace7a59f69464619fa724881ef0c58e,data/pop1k7_official/Pop1K7/midi_synchronized/src_004/1340.mid,eea3abf1a0ab6e91fc19df2b1bcc5c070a26adf645f129d77c5f62e0265b3a67,3b0fb7fe388646b88d7f9cf33d162087316bc0e936991a28df34038f57f8d66c,7,5,music21.key.krumhanslschmuckler,music21.key.aardenessen,same_release_path_plus_note_hash_music21_consensus_v1,53664a7ef3eed4af690568e16a357a2f88698e7f0a05fe854316b884807534da
music21_1341.mid,d,1341,pop1k7:src_004:1341,data/pop1k7_official/Pop1K7/midi_analyzed/src_004/1341.mid,9915361abcf38f81669d056d92e909c7368cb60802c07b83594bf72d3038c282,data/pop1k7_official/Pop1K7/midi_synchronized/src_004/1341.mid,ceadd1c7a228e3ba07311425f770cbce420137fc9e3055aaebc118d1e4ee7232,78f56b06d347fb04ab4298589c3609af36aa848a36eeba51f3f30e2f414f128c,5,-5,music21.key.krumhanslschmuckler,music21.key.aardenessen,same_release_path_plus_note_hash_music21_consensus_v1,53664a7ef3eed4af690568e16a357a2f88698e7f0a05fe854316b884807534da
music21_1342.mid,E,1342,pop1k7:src_004:1342,data/pop1k7_official/Pop1K7/midi_analyzed/src_004/1342.mid,a9b0e767d7a946863b1da69debfaf49f09f2e7f18c240c33bec6652266368b63,data/pop1k7_official/Pop1K7/midi_synchronized/src_004/1342.mid,2eeb3e4f4e7a5277e23afa50e6eb68a6289382a40ae677e832573746a8c7e2f7,6dbdd007fcb289b96945758f889d2013bbfb0c7754b426c0b51d107ffc555141,4,-4,music21.key.krumhanslschmuckler,music21.key.aardenessen,same_release_path_plus_note_hash_music21_consensus_v1,53664a7ef3eed4af690568e16a357a2f88698e7f0a05fe854316b884807534da
music21_1343.mid,B,1343,pop1k7:src_004:1343,data/pop1k7_official/Pop1K7/midi_analyzed/src_004/1343.mid,c42796225b3f8c90b34675050063138ac7b92327a11840772e831804bf569c3b,data/pop1k7_official/Pop1K7/midi_synchronized/src_004/1343.mid,a0adcdba6e62d61dd21c4f5be0e9d5ad33f8bbe82c45d8834c35cc2f83dc03bf,5eff6e5524e61ec0925de9322f234d63595129b46d9126ef6edcc3ed44205b5e,11,1,music21.key.krumhanslschmuckler,music21.key.aardenessen,same_release_path_plus_note_hash_music21_consensus_v1,53664a7ef3eed4af690568e16a357a2f88698e7f0a05fe854316b884807534da
music21_1344.mid,Bb,1344,pop1k7:src_004:1344,data/pop1k7_official/Pop1K7/midi_analyzed/src_004/1344.mid,21015898308123d4962ff05e5759047f6a61bb4431f925caddd2f37c301a0120,data/pop1k7_official/Pop1K7/midi_synchronized/src_004/1344.mid,73c9b515aa97398055d48ce92ddc124f6c2606c0e377df1610c960e7707482f1,ac18a4516969d2b8f82048c51840a123f31e41e8f104a57aa0b478236d49a932,10,2,music21.key.krumhanslschmuckler,music21.key.aardenessen,same_release_path_plus_note_hash_music21_consensus_v1,53664a7ef3eed4af690568e16a357a2f88698e7f0a05fe854316b884807534da
music21_1345.mid,C#,1345,pop1k7:src_004:1345,data/pop1k7_official/Pop1K7/midi_analyzed/src_004/1345.mid,98e3c7914020b3f0bce6240d1020f781c7c4c58640aaf3816e4802c6c3de3935,data/pop1k7_official/Pop1K7/midi_synchronized/src_004/1345.mid,0a62f2e3b71cb4369e96de18e5bb2c92b38b84a1ba3048535492383c0c534f54,5540772539562e4b99a7c398de936257827749bbf61b23345e83091faede4cf6,1,-1,music21.key.krumhanslschmuckler,music21.key.aardenessen,same_release_path_plus_note_hash_music21_consensus_v1,53664a7ef3eed4af690568e16a357a2f88698e7f0a05fe854316b884807534da
music21_1347.mid,F,1347,pop1k7:src_004:1347,data/pop1k7_official/Pop1K7/midi_analyzed/src_004/1347.mid,925d448e2250a980d74a6374d27295bb423f638719d4baa8fef6d59dac279f27,data/pop1k7_official/Pop1K7/midi_synchronized/src_004/1347.mid,5efd871c2a75c838932754093bc240aebbf3200f8df1a8b96b9cb46b91ee5c35,74f16e40ad806bc24e8c3b28fffccdc074cb485d3b0abaf54a6fbc10af2628cd,5,-5,music21.key.krumhanslschmuckler,music21.key.aardenessen,same_release_path_plus_note_hash_music21_consensus_v1,53664a7ef3eed4af690568e16a357a2f88698e7f0a05fe854316b884807534da
music21_1348.mid,D,1348,pop1k7:src_004:1348,data/pop1k7_official/Pop1K7/midi_analyzed/src_004/1348.mid,4b2f1f87f18902ad83eb0cb21fb15500d5468e42880c34bef0125b57d5e6e4ec,data/pop1k7_official/Pop1K7/midi_synchronized/src_004/1348.mid,d670fdd7411bfa791aadeb6be0eb97a84f152075dca465c6757da6e21da52e25,9276c235fc40462687ac333fb2152188615a43640f504a93f39f26af0b881729,2,-2,music21.key.krumhanslschmuckler,music21.key.aardenessen,same_release_path_plus_note_hash_music21_consensus_v1,53664a7ef3eed4af690568e16a357a2f88698e7f0a05fe854316b884807534da
music21_1349.mid,C#,1349,pop1k7:src_004:1349,data/pop1k7_official/Pop1K7/midi_analyzed/src_004/1349.mid,8c2d4b334037a919572e900007775357e88abf213a2bbca584ee15767c80d9b3,data/pop1k7_official/Pop1K7/midi_synchronized/src_004/1349.mid,b0e529f28f4c3c4b0bdafe21ad6727431b11d365e34bbf86fbdd02e364b7b0cb,fe2f351e506b69a9443537126d65cbc7c8e4d39055361fa4d92c2f25fadfff63,1,-1,music21.key.krumhanslschmuckler,music21.key.aardenessen,same_release_path_plus_note_hash_music21_consensus_v1,53664a7ef3eed4af690568e16a357a2f88698e7f0a05fe854316b884807534da
music21_1351.mid,Bb,1351,pop1k7:src_004:1351,data/pop1k7_official/Pop1K7/midi_analyzed/src_004/1351.mid,c0e9ae21236bd23bdba3ee5f507c6c99f8b8e075682edfc689ac65c2845ba981,data/pop1k7_official/Pop1K7/midi_synchronized/src_004/1351.mid,4a937c3ff1bdb63b509c3a77575b364841e76a381f22b9b2c4f8bbe693c71d39,c5a4b09d514d6330735eb33c0ae8e71f5011ac07f04182d9fc6fcfe0027c8af0,10,2,music21.key.krumhanslschmuckler,music21.key.aardenessen,same_release_path_plus_note_hash_music21_consensus_v1,53664a7ef3eed4af690568e16a357a2f88698e7f0a05fe854316b884807534da
music21_1352.mid,ab,1352,pop1k7:src_004:1352,data/pop1k7_official/Pop1K7/midi_analyzed/src_004/1352.mid,70078bc2c994d640ab6073c946a4b77ee26b50a2dbd971d5560d3e3ae28d280a,data/pop1k7_official/Pop1K7/midi_synchronized/src_004/1352.mid,58a7dd9775015470eb56baab92ebe715133500e8a5396b8f7893ae80a8f766c6,670070f3276eb73d18b1ce672dc259b0e29a8eceb153cab94eef5f4bedac08e5,11,1,music21.key.krumhanslschmuckler,music21.key.aardenessen,same_release_path_plus_note_hash_music21_consensus_v1,53664a7ef3eed4af690568e16a357a2f88698e7f0a05fe854316b884807534da
music21_1357.mid,C#,1357,pop1k7:src_004:1357,data/pop1k7_official/Pop1K7/midi_analyzed/src_004/1357.mid,a796ffd7135976962c45b22ed3518e5f920d17f1ebc8271ffe7d365268ce9bdc,data/pop1k7_official/Pop1K7/midi_synchronized/src_004/1357.mid,39148ab2568a6fe349c21cc705a784a9771985770994cfcdba5dfecae41ededd,5102ab980dd4f0f11c1c1cca8e166638f7b3c6f0ddd575a7cdbc22998bc6ff1a,1,-1,music21.key.krumhanslschmuckler,music21.key.aardenessen,same_release_path_plus_note_hash_music21_consensus_v1,53664a7ef3eed4af690568e16a357a2f88698e7f0a05fe854316b884807534da
music21_1358.mid,C,1358,pop1k7:src_004:1358,data/pop1k7_official/Pop1K7/midi_analyzed/src_004/1358.mid,fd9744123e39f4e3022541573bb2f1482650bac78e4a1d9434ff354cc6e68f02,data/pop1k7_official/Pop1K7/midi_synchronized/src_004/1358.mid,f755892753b7965ae7f4494b602ba1c18ccbef319866b007736a900bc724ea03,6fb815677ce2410b51c27bd911dd6e84004f25a58f53f087b847cff8727a824b,0,0,music21.key.krumhanslschmuckler,music21.key.aardenessen,same_release_path_plus_note_hash_music21_consensus_v1,53664a7ef3eed4af690568e16a357a2f88698e7f0a05fe854316b884807534da
music21_1360.mid,C,1360,pop1k7:src_004:1360,data/pop1k7_official/Pop1K7/midi_analyzed/src_004/1360.mid,bc0cecece82b41715db47f9144b89c2048e3270f6e08796a799b629fa1354dab,data/pop1k7_official/Pop1K7/midi_synchronized/src_004/1360.mid,8fba5bc714574d4eb1ad8d9073b3d832a40f77e4c5cf26966f3ececa7a74ebae,3eec2dc7aeb3eda5635ba27130ad5c27225838312deb2bc1aeff0a447d229b80,0,0,music21.key.krumhanslschmuckler,music21.key.aardenessen,same_release_path_plus_note_hash_music21_consensus_v1,53664a7ef3eed4af690568e16a357a2f88698e7f0a05fe854316b884807534da
music21_1362.mid,Bb,1362,pop1k7:src_004:1362,data/pop1k7_official/Pop1K7/midi_analyzed/src_004/1362.mid,bb631323b7ed04abcec061aece28f1d2fe2a54499a3d1aa10d35f16a47194f16,data/pop1k7_official/Pop1K7/midi_synchronized/src_004/1362.mid,527a1b13a914e14b8a97cf7680699b3f076499db3f95772799261ab85f474c29,59616670e9d51437fafc26cb5fa8ba92655920c264cb739022a60bd02feb267e,10,2,music21.key.krumhanslschmuckler,music21.key.aardenessen,same_release_path_plus_note_hash_music21_consensus_v1,53664a7ef3eed4af690568e16a357a2f88698e7f0a05fe854316b884807534da
music21_1363.mid,ab,1363,pop1k7:src_004:1363,data/pop1k7_official/Pop1K7/midi_analyzed/src_004/1363.mid,a77cd4e0f1b224acdeb4e6c61fdf1aee34a27342d1ab6262795efd781dd48985,data/pop1k7_official/Pop1K7/midi_synchronized/src_004/1363.mid,65974bc93034e4eb4ffdc416bd3669371db8ebda966f865c23955c33f1b49499,255cec9d67d00fdb81d088e401b1075d6c4f6e4bb1d261d0d8e301b0b78eec51,11,1,music21.key.krumhanslschmuckler,music21.key.aardenessen,same_release_path_plus_note_hash_music21_consensus_v1,53664a7ef3eed4af690568e16a357a2f88698e7f0a05fe854316b884807534da
music21_1365.mid,B,1365,pop1k7:src_004:1365,data/pop1k7_official/Pop1K7/midi_analyzed/src_004/1365.mid,e5a97d4337f8d019b8490650ed70ee8843ab06499ceea14655619d114747f5c3,data/pop1k7_official/Pop1K7/midi_synchronized/src_004/1365.mid,20f975ae65bc0e92002ae91c239b43f5ca044f9d03dfdfaaa3178890ff1202aa,af39de2d90070f5de08b2e957f964e973c78b2dfef56fe25d4f687e326b6e556,11,1,music21.key.krumhanslschmuckler,music21.key.aardenessen,same_release_path_plus_note_hash_music21_consensus_v1,53664a7ef3eed4af690568e16a357a2f88698e7f0a05fe854316b884807534da
music21_1366.mid,D,1366,pop1k7:src_004:1366,data/pop1k7_official/Pop1K7/midi_analyzed/src_004/1366.mid,b7b0ec8eb30ed96084abeb03e99894b8b823cba18e1e5263f11dd6d68318f65e,data/pop1k7_official/Pop1K7/midi_synchronized/src_004/1366.mid,6fe11ba3065c4749ff96cbdd1d9136b4ad229dfd2a866e7dce7bb4a7d26d30b8,a1486dbeba008c490de1d05c9abf3d063d86de8c78441d0dfec603c7a610e52f,2,-2,music21.key.krumhanslschmuckler,music21.key.aardenessen,same_release_path_plus_note_hash_music21_consensus_v1,53664a7ef3eed4af690568e16a357a2f88698e7f0a05fe854316b884807534da
music21_1367.mid,c#,1367,pop1k7:src_004:1367,data/pop1k7_official/Pop1K7/midi_analyzed/src_004/1367.mid,599842a81f8d6fba7fe6c5e2e1c17a6bab2f8d0631060b366d77b44699df4eb9,data/pop1k7_official/Pop1K7/midi_synchronized/src_004/1367.mid,825ba2d389b4bfa70bfa43dbec7578322ce42637ce6951cef2b912eaded5705c,90a7d5f5046b9e11e6249977ccd5ed89de8f1395fa915c280adf1b20a312c8f2,4,-4,music21.key.krumhanslschmuckler,music21.key.aardenessen,same_release_path_plus_note_hash_music21_consensus_v1,53664a7ef3eed4af690568e16a357a2f88698e7f0a05fe854316b884807534da
music21_1368.mid,F,1368,pop1k7:src_004:1368,data/pop1k7_official/Pop1K7/midi_analyzed/src_004/1368.mid,e7327463960792f928475fe97e33b881526ce109fd854ad465e914eec1e7017a,data/pop1k7_official/Pop1K7/midi_synchronized/src_004/1368.mid,f4976193ef2acefa8dfd0c2c0c72b07bf9528094a5ae6be78827aab96c5f77e7,6fc140749a759f363b7fc4c9354ac6d7b971c5528ba20066e83325dca3e47152,5,-5,music21.key.krumhanslschmuckler,music21.key.aardenessen,same_release_path_plus_note_hash_music21_consensus_v1,53664a7ef3eed4af690568e16a357a2f88698e7f0a05fe854316b884807534da
music21_1369.mid,G,1369,pop1k7:src_004:1369,data/pop1k7_official/Pop1K7/midi_analyzed/src_004/1369.mid,1957bf5a40f84858da4a976bcd501790836818dae45908221af4f15dd1cffaed,data/pop1k7_official/Pop1K7/midi_synchronized/src_004/1369.mid,bf0d7e5c8119ee0a2fc9b14f6d33e9923ef71c10f905a58b8c3b5a8c31edf4d8,7f9164e402b45baa40548ab0f9fd81059d86ae8ba9dbe85f792d5bf73a4ccfa3,7,5,music21.key.krumhanslschmuckler,music21.key.aardenessen,same_release_path_plus_note_hash_music21_consensus_v1,53664a7ef3eed4af690568e16a357a2f88698e7f0a05fe854316b884807534da
music21_1370.mid,C,1370,pop1k7:src_004:1370,data/pop1k7_official/Pop1K7/midi_analyzed/src_004/1370.mid,bc35dbdb78e3dbb1a3f9f20e7b1470a51319b23f78216f4f1ee3b790cbb749ff,data/pop1k7_official/Pop1K7/midi_synchronized/src_004/1370.mid,f535d2eaa193741383de7a93015e4cadf88f07d142c816aa50629b5fb0dab0e6,942f1ed578f7c6d6b5ffaa720fb3ec2a32742092f6c293137309f5a00c883acb,0,0,music21.key.krumhanslschmuckler,music21.key.aardenessen,same_release_path_plus_note_hash_music21_consensus_v1,53664a7ef3eed4af690568e16a357a2f88698e7f0a05fe854316b884807534da
music21_1371.mid,D,1371,pop1k7:src_004:1371,data/pop1k7_official/Pop1K7/midi_analyzed/src_004/1371.mid,06bddacbfb67742b331d913377bd1f95f0d07e7b9d544190334770d45db63dec,data/pop1k7_official/Pop1K7/midi_synchronized/src_004/1371.mid,59655eb9e0b8e8c8aabc91b2b032fe03ed15b4c04722974da12a92afab0357bd,4529a4ab92069dda8fdafef636fea30c4af76672d62fb4bbad769beff7bf187d,2,-2,music21.key.krumhanslschmuckler,music21.key.aardenessen,same_release_path_plus_note_hash_music21_consensus_v1,53664a7ef3eed4af690568e16a357a2f88698e7f0a05fe854316b884807534da
music21_1374.mid,G,1374,pop1k7:src_004:1374,data/pop1k7_official/Pop1K7/midi_analyzed/src_004/1374.mid,8ac5b57110b9adfda88bd3eb56b74141175fbc03df9856466fdb9330625e9762,data/pop1k7_official/Pop1K7/midi_synchronized/src_004/1374.mid,bdaba6365eb003c0859ab178f1dc0bf8ffe44f6f3ce906eb02529b0d4e98a1c4,cf033f4e413b7b149165364d4aa07c2c4f6e0afefcb4c9d7507adb2ab027d6ab,7,5,music21.key.krumhanslschmuckler,music21.key.aardenessen,same_release_path_plus_note_hash_music21_consensus_v1,53664a7ef3eed4af690568e16a357a2f88698e7f0a05fe854316b884807534da
music21_1375.mid,B,1375,pop1k7:src_004:1375,data/pop1k7_official/Pop1K7/midi_analyzed/src_004/1375.mid,ce73bdbf4e60dcaef9099c0d30f21bf77ac2bce229be3d3fb71a44df5ac89c17,data/pop1k7_official/Pop1K7/midi_synchronized/src_004/1375.mid,d33746214947d51c783f8f9ce99d3914c1189e2947c8ac710c4aee7ba7ab3741,48dd0954809a6e63d690f4e449391c9217dff2e1b28fb36aeaf400d79c4313e2,11,1,music21.key.krumhanslschmuckler,music21.key.aardenessen,same_release_path_plus_note_hash_music21_consensus_v1,53664a7ef3eed4af690568e16a357a2f88698e7f0a05fe854316b884807534da
music21_1376.mid,A,1376,pop1k7:src_004:1376,data/pop1k7_official/Pop1K7/midi_analyzed/src_004/1376.mid,9cf703f3c3b4ae6b9e4a7c60f607a649b11d314ce4ac965a7cd9cd13dbd39540,data/pop1k7_official/Pop1K7/midi_synchronized/src_004/1376.mid,4d86a9f545aa8e7041d1d4e5ca3f9423c943428f3097189573daa30a703501e6,7ab075bf85bf3b39fd2f544a4f8486c88046f76d20e177d087b7aabc43fd4409,9,3,music21.key.krumhanslschmuckler,music21.key.aardenessen,same_release_path_plus_note_hash_music21_consensus_v1,53664a7ef3eed4af690568e16a357a2f88698e7f0a05fe854316b884807534da
music21_1377.mid,E,1377,pop1k7:src_004:1377,data/pop1k7_official/Pop1K7/midi_analyzed/src_004/1377.mid,d94cc1d09e35bde6e818747169ad4f06005759da461d9f57bdd8f7132b796875,data/pop1k7_official/Pop1K7/midi_synchronized/src_004/1377.mid,b316a9144544bab1ebcc598fb2ef2c016b9539364c6a384835d1980ba80594bb,3cce7f5e7967b26c5d1ae5f4b1bed42dd9fecd03a401b8d5694734931610c323,4,-4,music21.key.krumhanslschmuckler,music21.key.aardenessen,same_release_path_plus_note_hash_music21_consensus_v1,53664a7ef3eed4af690568e16a357a2f88698e7f0a05fe854316b884807534da
music21_1378.mid,F#,1378,pop1k7:src_004:1378,data/pop1k7_official/Pop1K7/midi_analyzed/src_004/1378.mid,fbed59f9404056eb2532c476934676acdfcd865d851c2386be99287346b2b954,data/pop1k7_official/Pop1K7/midi_synchronized/src_004/1378.mid,923339a23aee808e048d405842c3144571eb61d5553e8918b0d44a21a6359b65,4db4a3add6cc18579bf283aa838a731a020cf7fc26993032c4b07214bbb15dea,6,6,music21.key.krumhanslschmuckler,music21.key.aardenessen,same_release_path_plus_note_hash_music21_consensus_v1,53664a7ef3eed4af690568e16a357a2f88698e7f0a05fe854316b884807534da
music21_1379.mid,g,1379,pop1k7:src_004:1379,data/pop1k7_official/Pop1K7/midi_analyzed/src_004/1379.mid,76f77cf994b3fc699457359eb2a3dc5255802eb0dfe17c0c3717c073e0fdd4f7,data/pop1k7_official/Pop1K7/midi_synchronized/src_004/1379.mid,55a3b2f7098fade321ebc3d4aac78bd0f08500c004fcbfefa63f7aa9e80da3fe,cb9698e7b198d915354d2adee3933e7d9031447e20507488328f76ec0f6158f6,10,2,music21.key.krumhanslschmuckler,music21.key.aardenessen,same_release_path_plus_note_hash_music21_consensus_v1,53664a7ef3eed4af690568e16a357a2f88698e7f0a05fe854316b884807534da
music21_1381.mid,f,1381,pop1k7:src_004:1381,data/pop1k7_official/Pop1K7/midi_analyzed/src_004/1381.mid,a017b213157d1506063a694a4b5433a3ad9d5d5fdb74cc1c9a865751ee7f2d3a,data/pop1k7_official/Pop1K7/midi_synchronized/src_004/1381.mid,d2634aafbe0ef3c741c5a2f88e008fbd9510a426533f594d00538642cb31a4c4,421f0f142ac4ee158c8dea0ac2fb5df1961f58564d4f912ee0c7852d65e0e3e9,8,4,music21.key.krumhanslschmuckler,music21.key.aardenessen,same_release_path_plus_note_hash_music21_consensus_v1,53664a7ef3eed4af690568e16a357a2f88698e7f0a05fe854316b884807534da
music21_1383.mid,C,1383,pop1k7:src_004:1383,data/pop1k7_official/Pop1K7/midi_analyzed/src_004/1383.mid,69075d933a363ee7a8e676066afa25780d4111249ed054283cf8ba27cfb7ded4,data/pop1k7_official/Pop1K7/midi_synchronized/src_004/1383.mid,4e5ee0ffd272757dd15a47d15d3cd9fa8a7f6102af800186ee1c6f8ba661d696,ff42d6144c658f8bb9fa937c3aacbd64e9f39b3edb11d778a7a8f685d967a192,0,0,music21.key.krumhanslschmuckler,music21.key.aardenessen,same_release_path_plus_note_hash_music21_consensus_v1,53664a7ef3eed4af690568e16a357a2f88698e7f0a05fe854316b884807534da
music21_1384.mid,Bb,1384,pop1k7:src_004:1384,data/pop1k7_official/Pop1K7/midi_analyzed/src_004/1384.mid,082a519568a69e0f15953be9a03726dcb145ef8333375041e222e1d403909672,data/pop1k7_official/Pop1K7/midi_synchronized/src_004/1384.mid,53a0d07525eb5e97dc7cbb8df2a52e86d3d80fad8b1d2ebd90894ad1c7cd8289,a8501b764cbb21009a16eb6811eba342148e58618a001a20b85876b3656d83f8,10,2,music21.key.krumhanslschmuckler,music21.key.aardenessen,same_release_path_plus_note_hash_music21_consensus_v1,53664a7ef3eed4af690568e16a357a2f88698e7f0a05fe854316b884807534da
music21_1386.mid,D,1386,pop1k7:src_004:1386,data/pop1k7_official/Pop1K7/midi_analyzed/src_004/1386.mid,86d683bf92c5309d6b8323afd668462ff416e45ca1b0ed5266a1264965b318a2,data/pop1k7_official/Pop1K7/midi_synchronized/src_004/1386.mid,23d0897d849ef94def7affbabf6236f63535ea1656fa9f91d1fa127c5b11224f,a12353dc9c05391b5ed47308c239be4bec0c12aa0972a9a7f2d4d0d5f302dd76,2,-2,music21.key.krumhanslschmuckler,music21.key.aardenessen,same_release_path_plus_note_hash_music21_consensus_v1,53664a7ef3eed4af690568e16a357a2f88698e7f0a05fe854316b884807534da
music21_1387.mid,e,1387,pop1k7:src_004:1387,data/pop1k7_official/Pop1K7/midi_analyzed/src_004/1387.mid,b18fa3f801ce055647e3120da244c235df746095c9b9e135edd4e5834bc5c068,data/pop1k7_official/Pop1K7/midi_synchronized/src_004/1387.mid,91b2a31f2c2821904398467890a34671bbdd623808279c899edbb2aac82beed2,d590daf78619072009e112093ea0be883c4fd1fb367208de5022d514d5748ba1,7,5,music21.key.krumhanslschmuckler,music21.key.aardenessen,same_release_path_plus_note_hash_music21_consensus_v1,53664a7ef3eed4af690568e16a357a2f88698e7f0a05fe854316b884807534da
music21_1388.mid,F,1388,pop1k7:src_004:1388,data/pop1k7_official/Pop1K7/midi_analyzed/src_004/1388.mid,5c97aa35433639b35ee7c2a72aeb76eef89a37b7a5c9da7882b0df4b73eecee0,data/pop1k7_official/Pop1K7/midi_synchronized/src_004/1388.mid,ddbd943eae22be7564a0e26846f26422dcb434218fedcfa2e40e22e3f37d0522,69d80d3f5f1939652c3597d5844fde22840927bb952d49d3517fa9fea70fc732,5,-5,music21.key.krumhanslschmuckler,music21.key.aardenessen,same_release_path_plus_note_hash_music21_consensus_v1,53664a7ef3eed4af690568e16a357a2f88698e7f0a05fe854316b884807534da
music21_1389.mid,A,1389,pop1k7:src_004:1389,data/pop1k7_official/Pop1K7/midi_analyzed/src_004/1389.mid,bab8a67b4e3a2868ad799a33b84d9634d0f9bf7f4c6bef3931a18a7f842e129c,data/pop1k7_official/Pop1K7/midi_synchronized/src_004/1389.mid,3ae588561f1af6b83987b4eb702d1a89562c6498170eb399315e8df2bbadd082,586d41d4a53560d027428c19f8cbe210c0e2685cdbb865edf6d0b23a0c779b25,9,3,music21.key.krumhanslschmuckler,music21.key.aardenessen,same_release_path_plus_note_hash_music21_consensus_v1,53664a7ef3eed4af690568e16a357a2f88698e7f0a05fe854316b884807534da
music21_1391.mid,G,1391,pop1k7:src_004:1391,data/pop1k7_official/Pop1K7/midi_analyzed/src_004/1391.mid,a3056031956f40eb9ac97ba5c117b4e022a0626e6dc976d557028d005f98abb5,data/pop1k7_official/Pop1K7/midi_synchronized/src_004/1391.mid,34144e29ed82f03d0b4f5c034ffd786c3498c175c5f971b12ff9e8de4b2a4aa0,39eaaed6cf5ed6fa188460226cdc57c41dbeb98a541a9aaaaaf1c8204b79a8f9,7,5,music21.key.krumhanslschmuckler,music21.key.aardenessen,same_release_path_plus_note_hash_music21_consensus_v1,53664a7ef3eed4af690568e16a357a2f88698e7f0a05fe854316b884807534da
music21_1392.mid,B,1392,pop1k7:src_004:1392,data/pop1k7_official/Pop1K7/midi_analyzed/src_004/1392.mid,172ec40c7a208eef24ed0a69d08aa06647bd0db7ac4e2a650bec9f214eca6e6b,data/pop1k7_official/Pop1K7/midi_synchronized/src_004/1392.mid,ff72b04e1a33ec77822a9fe2ddd3778d3b8212c93c782a2aa154a8320eff66fb,eff25de21aa88745853e575a08701701cda6a48c8c656be8d433f4ffeea6e130,11,1,music21.key.krumhanslschmuckler,music21.key.aardenessen,same_release_path_plus_note_hash_music21_consensus_v1,53664a7ef3eed4af690568e16a357a2f88698e7f0a05fe854316b884807534da
music21_1393.mid,C,1393,pop1k7:src_004:1393,data/pop1k7_official/Pop1K7/midi_analyzed/src_004/1393.mid,d4b12560e066655bf3dd3ae7c67a122dd168d13760e9cbcd7fef0d125157da01,data/pop1k7_official/Pop1K7/midi_synchronized/src_004/1393.mid,40ed01f12d24c1905817c548d2559b848c4cdf164cb7d90c68d78463a6c3d148,8bb482c7a343eb39505a57e9d4ec84a73170424333ba0acdd52940626ee4cb2f,0,0,music21.key.krumhanslschmuckler,music21.key.aardenessen,same_release_path_plus_note_hash_music21_consensus_v1,53664a7ef3eed4af690568e16a357a2f88698e7f0a05fe854316b884807534da
music21_1394.mid,d,1394,pop1k7:src_004:1394,data/pop1k7_official/Pop1K7/midi_analyzed/src_004/1394.mid,519d94b7e7948c7aaba0ecd60421d1f040b48776535fbddb4f26f5b50ecc538c,data/pop1k7_official/Pop1K7/midi_synchronized/src_004/1394.mid,09f5eaced6ca20ded0512a4a0ed4076ce73ba1bf2d9b94718fabe35ffef34c99,783ecd50d0301e459ba9f64b646d43b096104c5f1bc088a3c61d977073040469,5,-5,music21.key.krumhanslschmuckler,music21.key.aardenessen,same_release_path_plus_note_hash_music21_consensus_v1,53664a7ef3eed4af690568e16a357a2f88698e7f0a05fe854316b884807534da
music21_1395.mid,c#,1395,pop1k7:src_004:1395,data/pop1k7_official/Pop1K7/midi_analyzed/src_004/1395.mid,152ad285354627e6a81fa0d5712ee6ced4580c2595bfd232069b7716bf746fb7,data/pop1k7_official/Pop1K7/midi_synchronized/src_004/1395.mid,309156a7ddaa95a7674aac1d3c3b158aa83e707e8b2c98c27f358836ce6612e2,2d5f6e2c9355b12742ba767482baa246c2bcb34b40a426ff6414afedd5dc4f44,4,-4,music21.key.krumhanslschmuckler,music21.key.aardenessen,same_release_path_plus_note_hash_music21_consensus_v1,53664a7ef3eed4af690568e16a357a2f88698e7f0a05fe854316b884807534da
music21_1396.mid,F,1396,pop1k7:src_004:1396,data/pop1k7_official/Pop1K7/midi_analyzed/src_004/1396.mid,151fcaa872a9a4c83c10848862dc1f9a79ccd1f1911066f3ca7e77b8af3c8234,data/pop1k7_official/Pop1K7/midi_synchronized/src_004/1396.mid,0fd758656c5d85928b6867dd820e216e8eda8684cfd1e9a6255629afa85dd775,b4cb9fe7626241fca5419e61d408334ef25c9c884ba00f6c436621ec7158e49b,5,-5,music21.key.krumhanslschmuckler,music21.key.aardenessen,same_release_path_plus_note_hash_music21_consensus_v1,53664a7ef3eed4af690568e16a357a2f88698e7f0a05fe854316b884807534da
music21_1398.mid,A,1398,pop1k7:src_004:1398,data/pop1k7_official/Pop1K7/midi_analyzed/src_004/1398.mid,675ad26cce19f80d803ec051b4598ff1106df6ea1832670581078b31400ee429,data/pop1k7_official/Pop1K7/midi_synchronized/src_004/1398.mid,81f0358984ba02d762cb0af1df3e0f130ddb26d0bd7bb06b75d437c50df26a32,d7b1abb119b3e75fc579ae39b562552e56ef034bb690311cdecaca357b136b64,9,3,music21.key.krumhanslschmuckler,music21.key.aardenessen,same_release_path_plus_note_hash_music21_consensus_v1,53664a7ef3eed4af690568e16a357a2f88698e7f0a05fe854316b884807534da
music21_1399.mid,C,1399,pop1k7:src_004:1399,data/pop1k7_official/Pop1K7/midi_analyzed/src_004/1399.mid,de9a42409e985b241fb56d60ad2cef1123cf5d3788e498f999789131769c3211,data/pop1k7_official/Pop1K7/midi_synchronized/src_004/1399.mid,bee416dad2b3fb768c92d6e2e3c8bd181b7c13174869ec8887648c7c5f447497,4eac75efc2cc5b70070d601144ab1ac373b277eabe69c1fef60b9ca78f0023ee,0,0,music21.key.krumhanslschmuckler,music21.key.aardenessen,same_release_path_plus_note_hash_music21_consensus_v1,53664a7ef3eed4af690568e16a357a2f88698e7f0a05fe854316b884807534da
music21_1403.mid,C,1403,pop1k7:src_004:1403,data/pop1k7_official/Pop1K7/midi_analyzed/src_004/1403.mid,8c1fe951f96d80fdbe03ed8cd8c5d201f90fbba7817e19390d3e4cd9e2bcf9fd,data/pop1k7_official/Pop1K7/midi_synchronized/src_004/1403.mid,9532d88523c7a03f8382453708b5ca9cefceb9e913f070c4c79a7a4ff568eb0f,a6b0cfecaef72dc7043a77da13a8d61c64fe9a2371cf9a024fc29629e9fb3ab8,0,0,music21.key.krumhanslschmuckler,music21.key.aardenessen,same_release_path_plus_note_hash_music21_consensus_v1,53664a7ef3eed4af690568e16a357a2f88698e7f0a05fe854316b884807534da
music21_1405.mid,C#,1405,pop1k7:src_004:1405,data/pop1k7_official/Pop1K7/midi_analyzed/src_004/1405.mid,86082d7a6d78a519f34e30c0212f95fe837abc6a063c61b0147422f14c8d5618,data/pop1k7_official/Pop1K7/midi_synchronized/src_004/1405.mid,fa53897656774d8e38ad055c2a52766203cc54af723351bee33ada18a7fe8b31,099d3be3049a90f3513c0fbf6441d527655c0e53ad868e3b79db60d133b11014,1,-1,music21.key.krumhanslschmuckler,music21.key.aardenessen,same_release_path_plus_note_hash_music21_consensus_v1,53664a7ef3eed4af690568e16a357a2f88698e7f0a05fe854316b884807534da
music21_1406.mid,F#,1406,pop1k7:src_004:1406,data/pop1k7_official/Pop1K7/midi_analyzed/src_004/1406.mid,4b45151f72528db76488a112101d49ff84a61d58125681691357b9155fe25bfd,data/pop1k7_official/Pop1K7/midi_synchronized/src_004/1406.mid,aa8c0a6e22ebcf4b3c809926c0a9129e6ab7b755ddae032cac835311e614a67a,c13748426e69a4125106528a2fd550a46143b3b0dd90b6d3999330ccba241421,6,6,music21.key.krumhanslschmuckler,music21.key.aardenessen,same_release_path_plus_note_hash_music21_consensus_v1,53664a7ef3eed4af690568e16a357a2f88698e7f0a05fe854316b884807534da
music21_1407.mid,F,1407,pop1k7:src_004:1407,data/pop1k7_official/Pop1K7/midi_analyzed/src_004/1407.mid,f67a1cd6d809adb894c061c9a9ba181709ee7cbbace0e0e64e30cbc7d78df6fc,data/pop1k7_official/Pop1K7/midi_synchronized/src_004/1407.mid,674e51d2296e994c81a2f3e5ab42d7bbd8f5f420bdefedc8aa8178436e9d16c2,acb652f9ef6e7486a4beeaa39156ed5f847c47dd308019697a14c88ec7ada53e,5,-5,music21.key.krumhanslschmuckler,music21.key.aardenessen,same_release_path_plus_note_hash_music21_consensus_v1,53664a7ef3eed4af690568e16a357a2f88698e7f0a05fe854316b884807534da
music21_1408.mid,C,1408,pop1k7:src_004:1408,data/pop1k7_official/Pop1K7/midi_analyzed/src_004/1408.mid,561f8e6772187dca8acae405b51b96ad797b1dce62a82a573db1cbc177423470,data/pop1k7_official/Pop1K7/midi_synchronized/src_004/1408.mid,d83ff386f08a6e314e03fb43789575935d641ced0c921007e2fd53293b29ad51,d6339303454bfdd63d9c62b7490aa358b69b30f1801f91f6d30fe0f1aa22293c,0,0,music21.key.krumhanslschmuckler,music21.key.aardenessen,same_release_path_plus_note_hash_music21_consensus_v1,53664a7ef3eed4af690568e16a357a2f88698e7f0a05fe854316b884807534da
music21_1409.mid,G,1409,pop1k7:src_004:1409,data/pop1k7_official/Pop1K7/midi_analyzed/src_004/1409.mid,ba8c77e861bc2702fc165b05484ff91e9b776a84257312c7888eb425dbcfe4dc,data/pop1k7_official/Pop1K7/midi_synchronized/src_004/1409.mid,798401b460dc1b1ce3fbb07615965ecd829516d0ca58996a2f2f233fcdab76c9,891ecf1bcfbc2ead2388b2e7769641743a012ca5c58f647429bfa2039163b486,7,5,music21.key.krumhanslschmuckler,music21.key.aardenessen,same_release_path_plus_note_hash_music21_consensus_v1,53664a7ef3eed4af690568e16a357a2f88698e7f0a05fe854316b884807534da
music21_1410.mid,F,1410,pop1k7:src_004:1410,data/pop1k7_official/Pop1K7/midi_analyzed/src_004/1410.mid,d2810dab5abf098a4a7e9a47dfe4fd027c45feb476bf1ed40da3a617038933b2,data/pop1k7_official/Pop1K7/midi_synchronized/src_004/1410.mid,9aa319b8a5fd4d1a58f5df2cffd8563e6c2cd87ae5a0423e16e308e07e44a6ba,0eec31871ad2e0fac3dee7ea5b01f0aceadcf47c19fcb0cc99ab9aa8befc9334,5,-5,music21.key.krumhanslschmuckler,music21.key.aardenessen,same_release_path_plus_note_hash_music21_consensus_v1,53664a7ef3eed4af690568e16a357a2f88698e7f0a05fe854316b884807534da
music21_1411.mid,A,1411,pop1k7:src_004:1411,data/pop1k7_official/Pop1K7/midi_analyzed/src_004/1411.mid,d908a6681bef1f7106fc3b2e84864811572f8cf2ab2585fcc5caaf0f5113eea2,data/pop1k7_official/Pop1K7/midi_synchronized/src_004/1411.mid,61e455e1a8577e519bcf37c1e85449d615a3d6eeda14cb4514cbeb02e950cdcc,ca5c92fb07cc9650a97f9635b13208bb7f0ea4400151021695c9d960054f0a5b,9,3,music21.key.krumhanslschmuckler,music21.key.aardenessen,same_release_path_plus_note_hash_music21_consensus_v1,53664a7ef3eed4af690568e16a357a2f88698e7f0a05fe854316b884807534da
music21_1412.mid,A,1412,pop1k7:src_004:1412,data/pop1k7_official/Pop1K7/midi_analyzed/src_004/1412.mid,629a60f76548bffa4d0ff37ee1eb743c4499dd48db83fdabfb9b30565756f5d2,data/pop1k7_official/Pop1K7/midi_synchronized/src_004/1412.mid,3361dc22f7f00bc3ba81a3536b18cf2060236fe13f2e3e6aec53b09ea06bab66,0a50f3a9cdae0ff8be9a33a9857b697135e715ab6ef6023dc20a6a6bd1d929b9,9,3,music21.key.krumhanslschmuckler,music21.key.aardenessen,same_release_path_plus_note_hash_music21_consensus_v1,53664a7ef3eed4af690568e16a357a2f88698e7f0a05fe854316b884807534da
music21_1413.mid,Eb,1413,pop1k7:src_004:1413,data/pop1k7_official/Pop1K7/midi_analyzed/src_004/1413.mid,f651002a9028e2d1c7d1168310b34bbedb61ab4f042c1960b807815f9cef993f,data/pop1k7_official/Pop1K7/midi_synchronized/src_004/1413.mid,02ed8a99708fe60248f3e4cf630c2ca08bb93ef1a783011b283b6e65b14da990,a74a0cbd773535ecb8b6c42ba96f2d5623fe2568e4597f9e5ee928b605fea941,3,-3,music21.key.krumhanslschmuckler,music21.key.aardenessen,same_release_path_plus_note_hash_music21_consensus_v1,53664a7ef3eed4af690568e16a357a2f88698e7f0a05fe854316b884807534da
music21_1414.mid,C,1414,pop1k7:src_004:1414,data/pop1k7_official/Pop1K7/midi_analyzed/src_004/1414.mid,38d9f9e4b5e04d350ac3f0d90c4e331b4cd10fdd61ecf9d5b17d00e5a7b7a778,data/pop1k7_official/Pop1K7/midi_synchronized/src_004/1414.mid,636d584622b2e4a37877ed05d250cfee941d1a55b279eac2fbc7f85a035b8a31,bb30daffc11b0a0aed9c3bda171b4308ad1339fb0a203e58a711e461c60d4d5f,0,0,music21.key.krumhanslschmuckler,music21.key.aardenessen,same_release_path_plus_note_hash_music21_consensus_v1,53664a7ef3eed4af690568e16a357a2f88698e7f0a05fe854316b884807534da
music21_1415.mid,C#,1415,pop1k7:src_004:1415,data/pop1k7_official/Pop1K7/midi_analyzed/src_004/1415.mid,f964cd6fe7c257bc72918d905cb74e77166b56ae54056c259848a5f4849eed05,data/pop1k7_official/Pop1K7/midi_synchronized/src_004/1415.mid,7d210e95b37bb6b59acc6a46701e92146a0cb0b2acfba41215ad2f3375b5ac2f,2c7927b1618701565ed51d7fc317fa118287fe425ff4af46ddcbfa9f65b64e47,1,-1,music21.key.krumhanslschmuckler,music21.key.aardenessen,same_release_path_plus_note_hash_music21_consensus_v1,53664a7ef3eed4af690568e16a357a2f88698e7f0a05fe854316b884807534da
music21_1416.mid,G,1416,pop1k7:src_004:1416,data/pop1k7_official/Pop1K7/midi_analyzed/src_004/1416.mid,ab8a65338985cb6e2b019b3dcf5ed717e0198b26099c5464cd1ffc5a195f2a75,data/pop1k7_official/Pop1K7/midi_synchronized/src_004/1416.mid,b3cd39bc19f5bfff0d6abee2a03af1c99dbc040f48d387b412cbbc8903083b7f,4d3910b6e2a69920f67a74bff5a4e8935ef9e45df8ca8f67b69836da8959c9b8,7,5,music21.key.krumhanslschmuckler,music21.key.aardenessen,same_release_path_plus_note_hash_music21_consensus_v1,53664a7ef3eed4af690568e16a357a2f88698e7f0a05fe854316b884807534da
music21_1417.mid,C#,1417,pop1k7:src_004:1417,data/pop1k7_official/Pop1K7/midi_analyzed/src_004/1417.mid,844c2e37d335027f4fb089b9a3627a658f56a52d9cda7f953c3302d1ac696ba8,data/pop1k7_official/Pop1K7/midi_synchronized/src_004/1417.mid,dfc8e5cc2bc76824828844a7f8212e2c94bc669db608cbff2ce47db3333c33ca,9cec2babea3c58441b0866d2388adc12eeefbf612967f20cdb056de6129a2909,1,-1,music21.key.krumhanslschmuckler,music21.key.aardenessen,same_release_path_plus_note_hash_music21_consensus_v1,53664a7ef3eed4af690568e16a357a2f88698e7f0a05fe854316b884807534da
music21_1418.mid,B,1418,pop1k7:src_004:1418,data/pop1k7_official/Pop1K7/midi_analyzed/src_004/1418.mid,e3791afd63489be9812170fdbe0780e75ab9836e8d30dd3214007c90ba7cb909,data/pop1k7_official/Pop1K7/midi_synchronized/src_004/1418.mid,e4243b3344569885afa1dc34cfa9eca072367773b9c593fe085409a65cfd6cda,c940f060c975aefa726b1c021419554f1a6ebd9f3b2289596cd26f10a4642b66,11,1,music21.key.krumhanslschmuckler,music21.key.aardenessen,same_release_path_plus_note_hash_music21_consensus_v1,53664a7ef3eed4af690568e16a357a2f88698e7f0a05fe854316b884807534da
music21_1419.mid,a,1419,pop1k7:src_004:1419,data/pop1k7_official/Pop1K7/midi_analyzed/src_004/1419.mid,349051109a68a21068a85501de382746eb008259259220c8c6aa8868580a3887,data/pop1k7_official/Pop1K7/midi_synchronized/src_004/1419.mid,d4d82b589b6c0348524ced395b7617a8a92fe3d9a7945b6faa1828622c8236f2,9b47deaaa17950b8675c40b152de3470a1cc5d3933592b3dfb88355c1bfe0867,0,0,music21.key.krumhanslschmuckler,music21.key.aardenessen,same_release_path_plus_note_hash_music21_consensus_v1,53664a7ef3eed4af690568e16a357a2f88698e7f0a05fe854316b884807534da
music21_1420.mid,F,1420,pop1k7:src_004:1420,data/pop1k7_official/Pop1K7/midi_analyzed/src_004/1420.mid,d7318d1ec441ba486d32b3881c3341667c2fb1e1ff90632e7b9f263ccdd4bdb1,data/pop1k7_official/Pop1K7/midi_synchronized/src_004/1420.mid,7c5f9853dcb5295da5145a5fcba37594fbb5dd484c9b250f31f83c8a6d8ef90f,bdc4e6948a45b15afb1483794e23457b1075e27512942836cac98c94c91ab87a,5,-5,music21.key.krumhanslschmuckler,music21.key.aardenessen,same_release_path_plus_note_hash_music21_consensus_v1,53664a7ef3eed4af690568e16a357a2f88698e7f0a05fe854316b884807534da
music21_1421.mid,Bb,1421,pop1k7:src_004:1421,data/pop1k7_official/Pop1K7/midi_analyzed/src_004/1421.mid,ac187ad300f18156c0c8d7323e6235ac9519be3f37aaf57b9cf15bce10c57320,data/pop1k7_official/Pop1K7/midi_synchronized/src_004/1421.mid,28009a2c6c49ebab7b5ca0ab0e31f4efcf46ad83e140b44204151299e58af033,3983ab9a8ea349b06d5835a74a55962a01260ac543e5a8ddc2d450ef7e069c18,10,2,music21.key.krumhanslschmuckler,music21.key.aardenessen,same_release_path_plus_note_hash_music21_consensus_v1,53664a7ef3eed4af690568e16a357a2f88698e7f0a05fe854316b884807534da
music21_1422.mid,E,1422,pop1k7:src_004:1422,data/pop1k7_official/Pop1K7/midi_analyzed/src_004/1422.mid,8bf83606758822278325ae0b3e47c9d8b564c90c073e100870a767db0af6bf04,data/pop1k7_official/Pop1K7/midi_synchronized/src_004/1422.mid,b12b67ad3f0dca2c1f4361d48f1ed322b648117c34fc86213c42533a16579a8f,a89c1a483fe99b67f7c0ad66094a390ffe07becf9dc923d495a35124ba9c07ec,4,-4,music21.key.krumhanslschmuckler,music21.key.aardenessen,same_release_path_plus_note_hash_music21_consensus_v1,53664a7ef3eed4af690568e16a357a2f88698e7f0a05fe854316b884807534da
music21_1424.mid,a,1424,pop1k7:src_004:1424,data/pop1k7_official/Pop1K7/midi_analyzed/src_004/1424.mid,0496774e2834aba87c7c005fc3c71aa457560dc9c5dade61a0c638e5292419a4,data/pop1k7_official/Pop1K7/midi_synchronized/src_004/1424.mid,154b9685213544bb4c4ba4acd41e59648c8e40aa90c5f47c46ed1461dd2140dd,73b77f684a5c18d3e15924ac4e40dddb073d80a4a4665d3fe6339c2d78e7e73e,0,0,music21.key.krumhanslschmuckler,music21.key.aardenessen,same_release_path_plus_note_hash_music21_consensus_v1,53664a7ef3eed4af690568e16a357a2f88698e7f0a05fe854316b884807534da
music21_1425.mid,A,1425,pop1k7:src_004:1425,data/pop1k7_official/Pop1K7/midi_analyzed/src_004/1425.mid,ac8a93735cc6398c153b9b60988b27b38df5585c19b3b01ff649416fc64859c7,data/pop1k7_official/Pop1K7/midi_synchronized/src_004/1425.mid,eef046594fd8add614c15c95862bdb3eaa7a202ef8200c200de9e9a747f8f9ac,f71a6bda02052ffff1c9fae3706bc741fab0dd4b2e0d3ccbdd8401d1175ca2d2,9,3,music21.key.krumhanslschmuckler,music21.key.aardenessen,same_release_path_plus_note_hash_music21_consensus_v1,53664a7ef3eed4af690568e16a357a2f88698e7f0a05fe854316b884807534da
music21_1426.mid,d,1426,pop1k7:src_004:1426,data/pop1k7_official/Pop1K7/midi_analyzed/src_004/1426.mid,2e256c908bd7b45a5df5f54562ad84507f7de3649c5d2ff2887571b68441d20d,data/pop1k7_official/Pop1K7/midi_synchronized/src_004/1426.mid,e61a21c2bfbdaae3a2eea23357a2109b9ccc46e84595e73d7d39d3e8051d13d0,2b766ac797218319edb71f0803bbadc8bba4785dff044adeef1e48bd2b5aaeb9,5,-5,music21.key.krumhanslschmuckler,music21.key.aardenessen,same_release_path_plus_note_hash_music21_consensus_v1,53664a7ef3eed4af690568e16a357a2f88698e7f0a05fe854316b884807534da
music21_1427.mid,A,1427,pop1k7:src_004:1427,data/pop1k7_official/Pop1K7/midi_analyzed/src_004/1427.mid,1f0252b2360a8ccc95bd1bb03ae1cf4477b50f566c89f0ac639f682ea73e4e64,data/pop1k7_official/Pop1K7/midi_synchronized/src_004/1427.mid,78130d2600b5551f2c8b52b2d54a33dcc152a6b96e30ee3c3a169359231fe34d,2e396d19bc386f2e09320380eb6b44a432f97a84852789063bd8218bdbac6790,9,3,music21.key.krumhanslschmuckler,music21.key.aardenessen,same_release_path_plus_note_hash_music21_consensus_v1,53664a7ef3eed4af690568e16a357a2f88698e7f0a05fe854316b884807534da
music21_1428.mid,F,1428,pop1k7:src_004:1428,data/pop1k7_official/Pop1K7/midi_analyzed/src_004/1428.mid,8b5d7ba860cd689e4bf65f4f83147af36c28e424c9bea509a6f1d77eb2e7dd2e,data/pop1k7_official/Pop1K7/midi_synchronized/src_004/1428.mid,98dc865b5c861184ff3c97d0dfc44197671bb5b039cf74f5d8834b0e2077cf4d,25171e51ee7b252819d5a22d11456bab7ea9d85004ff9f24baa99ea97c0574f4,5,-5,music21.key.krumhanslschmuckler,music21.key.aardenessen,same_release_path_plus_note_hash_music21_consensus_v1,53664a7ef3eed4af690568e16a357a2f88698e7f0a05fe854316b884807534da
music21_1429.mid,E,1429,pop1k7:src_004:1429,data/pop1k7_official/Pop1K7/midi_analyzed/src_004/1429.mid,8db0d016ba5d193ba05771ab265f22e7a0fe62f097ad4eb08d27e1102e6b7a38,data/pop1k7_official/Pop1K7/midi_synchronized/src_004/1429.mid,4370a0fbe3935f9007f6f0381f8ff033cc921c9949b699fd4dba6b6b63063e8f,004b332ce059da12b227af04de8c32b010549324eadb88a5a6ebaa195aa7db5c,4,-4,music21.key.krumhanslschmuckler,music21.key.aardenessen,same_release_path_plus_note_hash_music21_consensus_v1,53664a7ef3eed4af690568e16a357a2f88698e7f0a05fe854316b884807534da
music21_1430.mid,b,1430,pop1k7:src_004:1430,data/pop1k7_official/Pop1K7/midi_analyzed/src_004/1430.mid,eacba3d168dbe6e0991e739519711a50ab2cd10f5312f1486f990e968c4dc600,data/pop1k7_official/Pop1K7/midi_synchronized/src_004/1430.mid,5ed3ec45e403839dc047f6e460043648ea96ef0d17237f13cafa3347ecac8425,bfd06c82c9231389bd71507cc9ebf432f109a343eb361553453a41398139340c,2,-2,music21.key.krumhanslschmuckler,music21.key.aardenessen,same_release_path_plus_note_hash_music21_consensus_v1,53664a7ef3eed4af690568e16a357a2f88698e7f0a05fe854316b884807534da
music21_1432.mid,B,1432,pop1k7:src_004:1432,data/pop1k7_official/Pop1K7/midi_analyzed/src_004/1432.mid,bd8bf3a366933a12614d96d7ebeed7d5d67ca6522dc9283263f9a2366406ec52,data/pop1k7_official/Pop1K7/midi_synchronized/src_004/1432.mid,29ad38dd300c537b8faa5699b2e51181e88b6f3f42c7bcab855fca7b1fe6c623,71437c4d6a36307d989d0937d0e65e5f4483ec6d5d22d6a07676c2b830f6b4d1,11,1,music21.key.krumhanslschmuckler,music21.key.aardenessen,same_release_path_plus_note_hash_music21_consensus_v1,53664a7ef3eed4af690568e16a357a2f88698e7f0a05fe854316b884807534da
music21_1435.mid,E,1435,pop1k7:src_004:1435,data/pop1k7_official/Pop1K7/midi_analyzed/src_004/1435.mid,c6af8bc48331a86126ff0154d9226e51c69acff66f8b7b56435a0be237066fc8,data/pop1k7_official/Pop1K7/midi_synchronized/src_004/1435.mid,3129162ae0d8dd86645b52e30846aaa6c86b63b05b4a0ad69abcb8ad8222b7eb,775feb170fd4103ed42b0776c25e256fbe738b2c061a5617afaecffa0417efa0,4,-4,music21.key.krumhanslschmuckler,music21.key.aardenessen,same_release_path_plus_note_hash_music21_consensus_v1,53664a7ef3eed4af690568e16a357a2f88698e7f0a05fe854316b884807534da
music21_1436.mid,D,1436,pop1k7:src_004:1436,data/pop1k7_official/Pop1K7/midi_analyzed/src_004/1436.mid,b55b586364d9fa9e01cff7f48f1eb56c72dd2333bfcaa00f62966bb020ea7aad,data/pop1k7_official/Pop1K7/midi_synchronized/src_004/1436.mid,bea507f9911a330cfa6df44d49016df67cbece5855eec354fcb529d81b53f644,e5b193fcbec2326aebef2e31357e9abaf5703c0810b1f2e5418c806ac627dee0,2,-2,music21.key.krumhanslschmuckler,music21.key.aardenessen,same_release_path_plus_note_hash_music21_consensus_v1,53664a7ef3eed4af690568e16a357a2f88698e7f0a05fe854316b884807534da
music21_1437.mid,E,1437,pop1k7:src_004:1437,data/pop1k7_official/Pop1K7/midi_analyzed/src_004/1437.mid,e7be5f207bfa8862cfffe6301999525c22c89c8dc90e2e3989af1ca582f3d1c4,data/pop1k7_official/Pop1K7/midi_synchronized/src_004/1437.mid,749305ccb87e189e8526b8b2734c782a1e3fe96c12f16bca050b514071913076,abb643e336d476052b3efb0cfd7dc9abdc746f0491c39cfafaa96db89fc55803,4,-4,music21.key.krumhanslschmuckler,music21.key.aardenessen,same_release_path_plus_note_hash_music21_consensus_v1,53664a7ef3eed4af690568e16a357a2f88698e7f0a05fe854316b884807534da
music21_1438.mid,C,1438,pop1k7:src_004:1438,data/pop1k7_official/Pop1K7/midi_analyzed/src_004/1438.mid,730a6d23f06637c0f4606f2a1acb6849876eb11671f1522b5aab42569163b567,data/pop1k7_official/Pop1K7/midi_synchronized/src_004/1438.mid,a0f38a50f54bb0403661ef5c66f6f2fb3e1a1682a27fdc15ccb884c1954e794b,bfc413d44908972af8d47265a50afbab2a6ba0b08e3f786ed92793ea6bee343f,0,0,music21.key.krumhanslschmuckler,music21.key.aardenessen,same_release_path_plus_note_hash_music21_consensus_v1,53664a7ef3eed4af690568e16a357a2f88698e7f0a05fe854316b884807534da
music21_1439.mid,E,1439,pop1k7:src_004:1439,data/pop1k7_official/Pop1K7/midi_analyzed/src_004/1439.mid,3c4020ce1bb4b8621dffdcbdfdfcde5ec34ab814d4b9d867089ada68156d5794,data/pop1k7_official/Pop1K7/midi_synchronized/src_004/1439.mid,4d9b4ee76cc5e1c1825a285678e76b993ced1589a319c74ab0226e215efea793,3bacda1ce1c496cb2a2b34b35f8576f7d65bd0ac44c4f7925f79e88b113b9c83,4,-4,music21.key.krumhanslschmuckler,music21.key.aardenessen,same_release_path_plus_note_hash_music21_consensus_v1,53664a7ef3eed4af690568e16a357a2f88698e7f0a05fe854316b884807534da
music21_1440.mid,f#,1440,pop1k7:src_004:1440,data/pop1k7_official/Pop1K7/midi_analyzed/src_004/1440.mid,0c100ea2507d21bc6f8d287e340f07cf8ce6855ff1ea3fdd19e889393798b2fc,data/pop1k7_official/Pop1K7/midi_synchronized/src_004/1440.mid,340d2df39327823623dcf2909246790dcd49ebc451a1fa31eba07904be8c1a91,cbbdb9aea9a5fbe26e69e2ee8475e3031cbf4a542a8a2892477be281b0b59204,9,3,music21.key.krumhanslschmuckler,music21.key.aardenessen,same_release_path_plus_note_hash_music21_consensus_v1,53664a7ef3eed4af690568e16a357a2f88698e7f0a05fe854316b884807534da
music21_1442.mid,Eb,1442,pop1k7:src_004:1442,data/pop1k7_official/Pop1K7/midi_analyzed/src_004/1442.mid,44f538688c034bcaf3d9ceb3e2e6d4375dc622a61bb9b589a79e53edeb816bf1,data/pop1k7_official/Pop1K7/midi_synchronized/src_004/1442.mid,e37c3dfd9a1e0c5ce347f307b238877ad01b98e6d5f7989072bc318fe06cda83,c7ac3bc300233964eaec7fec4335ec23c0fc433037490a1625e5363f448c3741,3,-3,music21.key.krumhanslschmuckler,music21.key.aardenessen,same_release_path_plus_note_hash_music21_consensus_v1,53664a7ef3eed4af690568e16a357a2f88698e7f0a05fe854316b884807534da
music21_1443.mid,D,1443,pop1k7:src_004:1443,data/pop1k7_official/Pop1K7/midi_analyzed/src_004/1443.mid,2d09697ba377329fa2d63dd3e1edd1036282a083075309741f7c7e9b14cdccc9,data/pop1k7_official/Pop1K7/midi_synchronized/src_004/1443.mid,cbe9fe0b2c473a2c2a094b65a574e328fce0233a029fd6bf0ba4b097e526776c,102c59ec0a040bb1699f0bc4e498acce3a0f9203226d1cea343be44cfe73d1e6,2,-2,music21.key.krumhanslschmuckler,music21.key.aardenessen,same_release_path_plus_note_hash_music21_consensus_v1,53664a7ef3eed4af690568e16a357a2f88698e7f0a05fe854316b884807534da
music21_1444.mid,F#,1444,pop1k7:src_004:1444,data/pop1k7_official/Pop1K7/midi_analyzed/src_004/1444.mid,29fdd6e470c8fa8ccce31b85efad9c6e0b09d4e3e1d5c11195fb367719aaab7f,data/pop1k7_official/Pop1K7/midi_synchronized/src_004/1444.mid,c953e3caacbee3d470722697fca2e9db32a3131d57a36b37eebbc99b45cafbb2,9c06290820fe64fe20a2dd3936049acd2524fd40975d661b03b50ac1c338b7b6,6,6,music21.key.krumhanslschmuckler,music21.key.aardenessen,same_release_path_plus_note_hash_music21_consensus_v1,53664a7ef3eed4af690568e16a357a2f88698e7f0a05fe854316b884807534da
music21_1445.mid,F,1445,pop1k7:src_004:1445,data/pop1k7_official/Pop1K7/midi_analyzed/src_004/1445.mid,d7f43f572152d81a6359f6c594fa17dd604ef6b015dec209002c83a9f7fdd0dc,data/pop1k7_official/Pop1K7/midi_synchronized/src_004/1445.mid,51123fbabcc62a443c7932a9d47549e06f2f2445cc903d4eb6eb435536ac208a,a1cacb7ce3b14399486ca4c678b1a94681acbcef61d6883f1a0e309850e4593d,5,-5,music21.key.krumhanslschmuckler,music21.key.aardenessen,same_release_path_plus_note_hash_music21_consensus_v1,53664a7ef3eed4af690568e16a357a2f88698e7f0a05fe854316b884807534da
music21_1446.mid,C,1446,pop1k7:src_004:1446,data/pop1k7_official/Pop1K7/midi_analyzed/src_004/1446.mid,3a6c6c65c4d11b9d5960be40a042e9b1919ff6574cead463bee33d238b2ecaa5,data/pop1k7_official/Pop1K7/midi_synchronized/src_004/1446.mid,3d0aa4d05a64c3f12e1fb255caae951e14c079a69047a0c66abac5b920b0bfb8,dc9a3a89ef5057239dbe3c9bd2f94486eb2af1890269e13fa464f33b99156be6,0,0,music21.key.krumhanslschmuckler,music21.key.aardenessen,same_release_path_plus_note_hash_music21_consensus_v1,53664a7ef3eed4af690568e16a357a2f88698e7f0a05fe854316b884807534da
music21_1447.mid,Bb,1447,pop1k7:src_004:1447,data/pop1k7_official/Pop1K7/midi_analyzed/src_004/1447.mid,9278b58d1ea7766990dce4e26956662a1d4b6abd88a674756dff0a6e3b45e5b4,data/pop1k7_official/Pop1K7/midi_synchronized/src_004/1447.mid,061827306606636cf6468ff9151d4c9da454ee4288a39d9d6a55f5b39488ee64,4018506e591f7eeacbfd74d3f7f551ee542dde73bb7b76502fab569d326505a7,10,2,music21.key.krumhanslschmuckler,music21.key.aardenessen,same_release_path_plus_note_hash_music21_consensus_v1,53664a7ef3eed4af690568e16a357a2f88698e7f0a05fe854316b884807534da
music21_1448.mid,B,1448,pop1k7:src_004:1448,data/pop1k7_official/Pop1K7/midi_analyzed/src_004/1448.mid,fa2190dcd4508b0c6376a5a2cf1b2182b2210be884c58c8c60178d2b55761080,data/pop1k7_official/Pop1K7/midi_synchronized/src_004/1448.mid,db9cc548846fd1b3bbb9506657e78d672f3333acbdc585267526138c5347460f,c61f9816fc3e5e3dec9c3e1d890897685e6bbfb11f86afb0f3049dff2e56367d,11,1,music21.key.krumhanslschmuckler,music21.key.aardenessen,same_release_path_plus_note_hash_music21_consensus_v1,53664a7ef3eed4af690568e16a357a2f88698e7f0a05fe854316b884807534da
music21_1449.mid,Ab,1449,pop1k7:src_004:1449,data/pop1k7_official/Pop1K7/midi_analyzed/src_004/1449.mid,d7139b3aa1ed08f7500ba1d017e0906b8898b687244b19bea76be89b02aa140c,data/pop1k7_official/Pop1K7/midi_synchronized/src_004/1449.mid,14212f3bd9aa76d6b81f42deaa5d3a57b7707362a720bf8f56fdc97cb93ed109,250b5f4a9006190eb0e9bd1653e03576020e1ce9941bdff0c907382b88f2751b,8,4,music21.key.krumhanslschmuckler,music21.key.aardenessen,same_release_path_plus_note_hash_music21_consensus_v1,53664a7ef3eed4af690568e16a357a2f88698e7f0a05fe854316b884807534da
music21_1450.mid,A,1450,pop1k7:src_004:1450,data/pop1k7_official/Pop1K7/midi_analyzed/src_004/1450.mid,0ac4e7c5ace93c983445a9b2ec55695a294bf1c22c83921ae54d2afe65a0b19a,data/pop1k7_official/Pop1K7/midi_synchronized/src_004/1450.mid,6a236cecd18a8ea8f078d53c4d16f757ee6d6173c45606bccc427a948d8e3d21,2a1b329eca7e6c212830d0ff1294c93db3130bf0c36feb84af44d7dc592f70af,9,3,music21.key.krumhanslschmuckler,music21.key.aardenessen,same_release_path_plus_note_hash_music21_consensus_v1,53664a7ef3eed4af690568e16a357a2f88698e7f0a05fe854316b884807534da
music21_1451.mid,C,1451,pop1k7:src_004:1451,data/pop1k7_official/Pop1K7/midi_analyzed/src_004/1451.mid,18f47904babab451cd88560c89785e01eeb4d5379747dcd17a8992a787a396ce,data/pop1k7_official/Pop1K7/midi_synchronized/src_004/1451.mid,8009deff13e57e220ee0b0fcb0253fd036e375431a946e2b11f82b2dc2d6b7d9,a95a371a9c977905926316aca3025004273d9160164dbae6c0888610b4ce021f,0,0,music21.key.krumhanslschmuckler,music21.key.aardenessen,same_release_path_plus_note_hash_music21_consensus_v1,53664a7ef3eed4af690568e16a357a2f88698e7f0a05fe854316b884807534da
music21_1452.mid,Eb,1452,pop1k7:src_004:1452,data/pop1k7_official/Pop1K7/midi_analyzed/src_004/1452.mid,93d099a6da54c2b3280779b235cb4e252d4401b5f54a34830dc469373ca54786,data/pop1k7_official/Pop1K7/midi_synchronized/src_004/1452.mid,d0f944299f76bede93d7e5c1e0b3fbecb7ed26426c4410ce61a3a8ac92efa283,83f6974f0dc614642a15677127e628699e0a4d48a309edee26e0c0dcf9e49000,3,-3,music21.key.krumhanslschmuckler,music21.key.aardenessen,same_release_path_plus_note_hash_music21_consensus_v1,53664a7ef3eed4af690568e16a357a2f88698e7f0a05fe854316b884807534da
music21_1453.mid,Bb,1453,pop1k7:src_004:1453,data/pop1k7_official/Pop1K7/midi_analyzed/src_004/1453.mid,318ecd2767542567e025d992d6bb166f830b8bbe0c4566a41b6b8e9bfae2db9e,data/pop1k7_official/Pop1K7/midi_synchronized/src_004/1453.mid,95677d12950808264320f49bbe93790a85371e1fe2cedd1f7d480b73271a6f40,85d6209decef5cd2ad8ab555e783e2ff21a355a31bb7d9385204b8167d40c235,10,2,music21.key.krumhanslschmuckler,music21.key.aardenessen,same_release_path_plus_note_hash_music21_consensus_v1,53664a7ef3eed4af690568e16a357a2f88698e7f0a05fe854316b884807534da
music21_1454.mid,Bb,1454,pop1k7:src_004:1454,data/pop1k7_official/Pop1K7/midi_analyzed/src_004/1454.mid,09fee14587d35e91916cb7c63a9e132bd616bd0987e6b85bfb0cf6729fd5e3b6,data/pop1k7_official/Pop1K7/midi_synchronized/src_004/1454.mid,fd8e6e5fe1fa83bb4b0178cc2d33f56fc40ba363f1dd06e70856043f565049f1,94bca3379a26a72057576d04711258b5104d739d3f9ae352b6a653fe35955288,10,2,music21.key.krumhanslschmuckler,music21.key.aardenessen,same_release_path_plus_note_hash_music21_consensus_v1,53664a7ef3eed4af690568e16a357a2f88698e7f0a05fe854316b884807534da
music21_1456.mid,C,1456,pop1k7:src_004:1456,data/pop1k7_official/Pop1K7/midi_analyzed/src_004/1456.mid,f50ed44ab89a12625f2281a0c5e04af2f30edacaf556b58147a7ca012e6ff5b3,data/pop1k7_official/Pop1K7/midi_synchronized/src_004/1456.mid,9e5c24ba9e51e4a4e4023f0c36cd240eb396162827b5e574c15cd65d20ac9e63,e376ed9b83ca95e40c4b52aa29f0e57f05e73f65ed3454ae3d4610a0f8dd9115,0,0,music21.key.krumhanslschmuckler,music21.key.aardenessen,same_release_path_plus_note_hash_music21_consensus_v1,53664a7ef3eed4af690568e16a357a2f88698e7f0a05fe854316b884807534da
music21_1457.mid,d,1457,pop1k7:src_004:1457,data/pop1k7_official/Pop1K7/midi_analyzed/src_004/1457.mid,e4ee9239fbf8af95e0d3a3b12c5e762f1b54fafc7b9b6c0b9cec17e872afffdb,data/pop1k7_official/Pop1K7/midi_synchronized/src_004/1457.mid,448066d1e98ac05b9e633bf8cc4161c50808acd743c8524ef705e44de245fa74,faaedc7c8f9a4a42c75988aa28f8c72f7d9aa694aee54c3963b3b27401c515d4,5,-5,music21.key.krumhanslschmuckler,music21.key.aardenessen,same_release_path_plus_note_hash_music21_consensus_v1,53664a7ef3eed4af690568e16a357a2f88698e7f0a05fe854316b884807534da
music21_1458.mid,e,1458,pop1k7:src_004:1458,data/pop1k7_official/Pop1K7/midi_analyzed/src_004/1458.mid,e992f673e7a11550dc4393c3b31e14d5f0f1c87c09a90f00640f6958a2235760,data/pop1k7_official/Pop1K7/midi_synchronized/src_004/1458.mid,cf7f43b82e5af8e6b05344456d03b8521b3899c2d52cb7f570fa5fabff0f097f,85e652ab624ab768d7d52b65b20aca3177449e74dd5aa3da29232278876f2c2d,7,5,music21.key.krumhanslschmuckler,music21.key.aardenessen,same_release_path_plus_note_hash_music21_consensus_v1,53664a7ef3eed4af690568e16a357a2f88698e7f0a05fe854316b884807534da
music21_1459.mid,F,1459,pop1k7:src_004:1459,data/pop1k7_official/Pop1K7/midi_analyzed/src_004/1459.mid,cd8137a41c016a00ff79dd1f6c66c673247bb85c4c9e308713038d826cd60a00,data/pop1k7_official/Pop1K7/midi_synchronized/src_004/1459.mid,8a8094f0419fc0a5dc9314279dcd1152ed36bbcbf774901c74495a5880553069,39da7388464d248b36501affffcc9787adb3d432d4630f643dc9fc4eff86e02f,5,-5,music21.key.krumhanslschmuckler,music21.key.aardenessen,same_release_path_plus_note_hash_music21_consensus_v1,53664a7ef3eed4af690568e16a357a2f88698e7f0a05fe854316b884807534da
music21_1460.mid,Bb,1460,pop1k7:src_004:1460,data/pop1k7_official/Pop1K7/midi_analyzed/src_004/1460.mid,7c2a993c9adc049f8cae02aea5597257b41142054c45878ebb6ae9b08ef9a9a7,data/pop1k7_official/Pop1K7/midi_synchronized/src_004/1460.mid,8efb1540d7d0050a7e46bcbabff9fb18036b857ee71433c6dc69bb4bbaff50b3,9c87273e13a572025d2238fa5b21c59ecb08803b940659ab4693a00bece6ef7f,10,2,music21.key.krumhanslschmuckler,music21.key.aardenessen,same_release_path_plus_note_hash_music21_consensus_v1,53664a7ef3eed4af690568e16a357a2f88698e7f0a05fe854316b884807534da
music21_1462.mid,C#,1462,pop1k7:src_004:1462,data/pop1k7_official/Pop1K7/midi_analyzed/src_004/1462.mid,574723f2f3ce365138af5bde67bbb9a75a68803d25e4f2f5180d26a71c16fa9b,data/pop1k7_official/Pop1K7/midi_synchronized/src_004/1462.mid,b2aa7a2c5b2db758d55a228325aa1d30fa901b190376e17f9cc90d4c99841ec6,d84cbcbcb6c605892c5f821ae8c3e379bed19e858db679944077be6455c224c7,1,-1,music21.key.krumhanslschmuckler,music21.key.aardenessen,same_release_path_plus_note_hash_music21_consensus_v1,53664a7ef3eed4af690568e16a357a2f88698e7f0a05fe854316b884807534da
music21_1463.mid,C,1463,pop1k7:src_004:1463,data/pop1k7_official/Pop1K7/midi_analyzed/src_004/1463.mid,1d1e0c3fd2f0058125e0a96e374c7aaece06696c29ca913386fe040f1e34deb5,data/pop1k7_official/Pop1K7/midi_synchronized/src_004/1463.mid,1a62a668dfe80568964fc7348496b80168efe9712c75f38d5fa84b9e8b19fdf8,c9f4158b87525b044864545d02679de9ec2eec1821c0f77a3a9ff1a72bd203b2,0,0,music21.key.krumhanslschmuckler,music21.key.aardenessen,same_release_path_plus_note_hash_music21_consensus_v1,53664a7ef3eed4af690568e16a357a2f88698e7f0a05fe854316b884807534da
music21_1467.mid,C,1467,pop1k7:src_004:1467,data/pop1k7_official/Pop1K7/midi_analyzed/src_004/1467.mid,5de9bed3c9f862bfca2b431d5c8077ccbf49f5c24a53d1a8b647d7553d54ac87,data/pop1k7_official/Pop1K7/midi_synchronized/src_004/1467.mid,8b89e74ebd74d67dbd9de25536e3557eef040d0ead17a8eace7abe8c9880ecd6,94d9e4d2c861b8b698b88d1552dc289c256e0586e3c30b8000e7862e67bca89f,0,0,music21.key.krumhanslschmuckler,music21.key.aardenessen,same_release_path_plus_note_hash_music21_consensus_v1,53664a7ef3eed4af690568e16a357a2f88698e7f0a05fe854316b884807534da
music21_1472.mid,G,1472,pop1k7:src_004:1472,data/pop1k7_official/Pop1K7/midi_analyzed/src_004/1472.mid,cebac458a2d8da0f3515406bb1fd0e66a0ced79a08b7f598d1aa737f1563efda,data/pop1k7_official/Pop1K7/midi_synchronized/src_004/1472.mid,c3eac3136878cb7daea49ff81eab4e8b4d0042bdae832317eb7e820651736ea1,d9ce8f52b1bf6a985a973a2eb13a45a3ef23ebc0d4f45c3a33caf15e2a8c0dc8,7,5,music21.key.krumhanslschmuckler,music21.key.aardenessen,same_release_path_plus_note_hash_music21_consensus_v1,53664a7ef3eed4af690568e16a357a2f88698e7f0a05fe854316b884807534da
music21_1473.mid,D,1473,pop1k7:src_004:1473,data/pop1k7_official/Pop1K7/midi_analyzed/src_004/1473.mid,58bf9893e5edbd9c404ef11edaeef37519a49ee43a3e68317a31c64c7d50bd1f,data/pop1k7_official/Pop1K7/midi_synchronized/src_004/1473.mid,400e70cf33194726bf58d74876c47f9b9c8f69a198c486a1b76d1a7fc2530e38,92adab8ad87fd26041c673e2e12856f774912a45de174c2c213473dead789a81,2,-2,music21.key.krumhanslschmuckler,music21.key.aardenessen,same_release_path_plus_note_hash_music21_consensus_v1,53664a7ef3eed4af690568e16a357a2f88698e7f0a05fe854316b884807534da
music21_1474.mid,G,1474,pop1k7:src_004:1474,data/pop1k7_official/Pop1K7/midi_analyzed/src_004/1474.mid,6e3aa491d7c202cf72057ae536ab31aca1a68a71e066402faa3740b86c075118,data/pop1k7_official/Pop1K7/midi_synchronized/src_004/1474.mid,3427145f5e6bd84c7864dc4244093c0e827a28bde651180f328c2beabf425552,2d74cdd906005845442f06992f9605dfb058e5b50c143c15ff125ed8de99cf03,7,5,music21.key.krumhanslschmuckler,music21.key.aardenessen,same_release_path_plus_note_hash_music21_consensus_v1,53664a7ef3eed4af690568e16a357a2f88698e7f0a05fe854316b884807534da
music21_1476.mid,A,1476,pop1k7:src_004:1476,data/pop1k7_official/Pop1K7/midi_analyzed/src_004/1476.mid,b1e480a364d06e37d4d97aa96ab3dc3eb99ed35ba3d7bde8c1b1db0cf5b2292f,data/pop1k7_official/Pop1K7/midi_synchronized/src_004/1476.mid,c3237bdec1fdf0da901b4f17a3c7fdb44c6555374af1be7df2721456e6ea7977,bec8922baac86be1a260fef3a84b1242c3bd3c516ec0eb739fcf0ae8a4cc5f9a,9,3,music21.key.krumhanslschmuckler,music21.key.aardenessen,same_release_path_plus_note_hash_music21_consensus_v1,53664a7ef3eed4af690568e16a357a2f88698e7f0a05fe854316b884807534da
music21_1477.mid,b,1477,pop1k7:src_004:1477,data/pop1k7_official/Pop1K7/midi_analyzed/src_004/1477.mid,0754b302d07fc3b4fa4a0c7bdff2612284d7b56977baf416135af8e36fa10ee0,data/pop1k7_official/Pop1K7/midi_synchronized/src_004/1477.mid,7da0e23d9917c22ddf026208ac95eb5040b65582620333d987dff8923e02647d,d778cb6ca9cc9ec3b4d4c10a44aa252176b6c39617efbcc2090dcb8619b27c1a,2,-2,music21.key.krumhanslschmuckler,music21.key.aardenessen,same_release_path_plus_note_hash_music21_consensus_v1,53664a7ef3eed4af690568e16a357a2f88698e7f0a05fe854316b884807534da
music21_1478.mid,b,1478,pop1k7:src_004:1478,data/pop1k7_official/Pop1K7/midi_analyzed/src_004/1478.mid,f37986677bcadc1b89e220489869153309c12c0bccbd35b2326df32051c65962,data/pop1k7_official/Pop1K7/midi_synchronized/src_004/1478.mid,1ffc1554575b7fff9404fee020c72d24936e316daff915590222c503557c8c59,4c45d7467b1587ed596e788618b310ad5895aac9bed50e1aa5d0a5048e378fb2,2,-2,music21.key.krumhanslschmuckler,music21.key.aardenessen,same_release_path_plus_note_hash_music21_consensus_v1,53664a7ef3eed4af690568e16a357a2f88698e7f0a05fe854316b884807534da
music21_1479.mid,A,1479,pop1k7:src_004:1479,data/pop1k7_official/Pop1K7/midi_analyzed/src_004/1479.mid,fe5475f08af35facb2581ceef4099c179766053023c796542f0c392bbff26bb2,data/pop1k7_official/Pop1K7/midi_synchronized/src_004/1479.mid,f0cdb8602cf46712c18ef4007690ebe735faf0d4518d908ee52236031847e91d,176e3faef4b44bdc65b75f97ac20bd5d0c8fef8822c3328c76a07477518a5cc8,9,3,music21.key.krumhanslschmuckler,music21.key.aardenessen,same_release_path_plus_note_hash_music21_consensus_v1,53664a7ef3eed4af690568e16a357a2f88698e7f0a05fe854316b884807534da
music21_1481.mid,G,1481,pop1k7:src_004:1481,data/pop1k7_official/Pop1K7/midi_analyzed/src_004/1481.mid,2baffdd77e70dca38521357a3d79d67d3c7fc5b99e64169c53324c5fccbc0dc7,data/pop1k7_official/Pop1K7/midi_synchronized/src_004/1481.mid,06490986ea3217e16d976fea9f41740133c375361f53bd1910f0875cb685aa1b,2e15021f6af47a5bc9abe2fd50ff50c4512e1d60bc6093ad867cd4efc6cadada,7,5,music21.key.krumhanslschmuckler,music21.key.aardenessen,same_release_path_plus_note_hash_music21_consensus_v1,53664a7ef3eed4af690568e16a357a2f88698e7f0a05fe854316b884807534da
music21_1482.mid,Bb,1482,pop1k7:src_004:1482,data/pop1k7_official/Pop1K7/midi_analyzed/src_004/1482.mid,95fa7fd4b57d9fcd94bde809c49841534bb8eeddeaf244ba2c270218eb73f0a3,data/pop1k7_official/Pop1K7/midi_synchronized/src_004/1482.mid,9cc0a8ff97c054ca7109f3bcb3770e4277a51d4a897268b41c183a7c0d68f9d2,6fff06abb87083375ec01b7def9cd07f1ccb49a33dc5091e365e24d68567b9b2,10,2,music21.key.krumhanslschmuckler,music21.key.aardenessen,same_release_path_plus_note_hash_music21_consensus_v1,53664a7ef3eed4af690568e16a357a2f88698e7f0a05fe854316b884807534da
music21_1483.mid,Ab,1483,pop1k7:src_004:1483,data/pop1k7_official/Pop1K7/midi_analyzed/src_004/1483.mid,c90d9cfd0b297e1f58337f1e110e98795e750ccdef10ee60f4c4be3c988b4e0b,data/pop1k7_official/Pop1K7/midi_synchronized/src_004/1483.mid,8e68cc1f90d82fbab2e148fb61b34b668c5d6b28ec43082719939256ee21c9a0,d46aca67b26b32ed0a72c4d0dec85758e6f291c47acc5361fc2833ac47bd37d8,8,4,music21.key.krumhanslschmuckler,music21.key.aardenessen,same_release_path_plus_note_hash_music21_consensus_v1,53664a7ef3eed4af690568e16a357a2f88698e7f0a05fe854316b884807534da
music21_1484.mid,C,1484,pop1k7:src_004:1484,data/pop1k7_official/Pop1K7/midi_analyzed/src_004/1484.mid,f949c423992176848c487bc9e7725c7acc0d101b012ebaf8a3b26e2e843cdd64,data/pop1k7_official/Pop1K7/midi_synchronized/src_004/1484.mid,d9868a9cc91b0cb4f95e224c12a2e76a06b184e600d61ad40692ca81cd9194dd,bf1d06f7b53307ef9d8ec540bf02bd070f7eaf7e721d36156ff4d361715381b5,0,0,music21.key.krumhanslschmuckler,music21.key.aardenessen,same_release_path_plus_note_hash_music21_consensus_v1,53664a7ef3eed4af690568e16a357a2f88698e7f0a05fe854316b884807534da
music21_1485.mid,G,1485,pop1k7:src_004:1485,data/pop1k7_official/Pop1K7/midi_analyzed/src_004/1485.mid,adc4d5587d8ff3a1b4211ecad03cf4d615d49faea3bf71a1d9a4702d01751f72,data/pop1k7_official/Pop1K7/midi_synchronized/src_004/1485.mid,a6ae46b99e76317143a4179658409db639486fa378f608f329100f76be485c47,b2dbb4854352f3a9a32effaddbdacbb29cbdd8b90a16550407e499704eefe637,7,5,music21.key.krumhanslschmuckler,music21.key.aardenessen,same_release_path_plus_note_hash_music21_consensus_v1,53664a7ef3eed4af690568e16a357a2f88698e7f0a05fe854316b884807534da
music21_1488.mid,G,1488,pop1k7:src_004:1488,data/pop1k7_official/Pop1K7/midi_analyzed/src_004/1488.mid,27eb6c4bf9268078d3cb62d0f6957fcc330aaf6cb2e6d1bcdc7b0a847f2841fc,data/pop1k7_official/Pop1K7/midi_synchronized/src_004/1488.mid,104aeee6e5cfbe0deb823d14467352d337c04ef7b0282fa192148a90a42bf01f,34a6d8b1eaf2d9a8f21df8e192cdf269f6594f223c28d49e0932e27866f40cfa,7,5,music21.key.krumhanslschmuckler,music21.key.aardenessen,same_release_path_plus_note_hash_music21_consensus_v1,53664a7ef3eed4af690568e16a357a2f88698e7f0a05fe854316b884807534da
music21_1489.mid,E,1489,pop1k7:src_004:1489,data/pop1k7_official/Pop1K7/midi_analyzed/src_004/1489.mid,5013a4905cbec8d65d94f17424b26aee0227e3a22b95ca58e0f55896cc7685de,data/pop1k7_official/Pop1K7/midi_synchronized/src_004/1489.mid,8d8bc036db804e087a5d6fc2ca5b764278f0895e85928beb0bcb795b3243343c,538cb74dbef1b22354b4a2b92492c714c0530ba96564700971de05905dbe6363,4,-4,music21.key.krumhanslschmuckler,music21.key.aardenessen,same_release_path_plus_note_hash_music21_consensus_v1,53664a7ef3eed4af690568e16a357a2f88698e7f0a05fe854316b884807534da
music21_1492.mid,e,1492,pop1k7:src_004:1492,data/pop1k7_official/Pop1K7/midi_analyzed/src_004/1492.mid,ecf1c25796bf42ac86b728c1771bdb8bf834c6aadb5c77cedd76148e8236b18f,data/pop1k7_official/Pop1K7/midi_synchronized/src_004/1492.mid,13b64eef42deb7853e022b49c4ed858d944f069f250dadb1537f51c37f283bdb,2ec7740118b8eac1090408be32ba17cfbd0b9c5eb3299292890551922a25eb27,7,5,music21.key.krumhanslschmuckler,music21.key.aardenessen,same_release_path_plus_note_hash_music21_consensus_v1,53664a7ef3eed4af690568e16a357a2f88698e7f0a05fe854316b884807534da
music21_1493.mid,C#,1493,pop1k7:src_004:1493,data/pop1k7_official/Pop1K7/midi_analyzed/src_004/1493.mid,7ef47219c8c95f624cb55cf21290265cefc9cb37729a12630bbecf6cc69ba820,data/pop1k7_official/Pop1K7/midi_synchronized/src_004/1493.mid,b568d52fd3d8fa9d28fd75779d4c0435f301adb8af9bbd8644080051186d4e0a,f71d127725f283bfb7a7375e7fd84502b1ff570f59ee742f9d3856046b9e278e,1,-1,music21.key.krumhanslschmuckler,music21.key.aardenessen,same_release_path_plus_note_hash_music21_consensus_v1,53664a7ef3eed4af690568e16a357a2f88698e7f0a05fe854316b884807534da
music21_1494.mid,C,1494,pop1k7:src_004:1494,data/pop1k7_official/Pop1K7/midi_analyzed/src_004/1494.mid,8195bdaa0ca77a75dae895339fc08406bb5d7c424896fd7aee1b9583339f790f,data/pop1k7_official/Pop1K7/midi_synchronized/src_004/1494.mid,649b52a7233f620d192b776cfb55d2729e240137d3a82d4ef3fd6ece7e1f81b3,b1774bc1246d4844e1fe34d7c412cd7b100f90201baaff4d7c3d20580d076ee9,0,0,music21.key.krumhanslschmuckler,music21.key.aardenessen,same_release_path_plus_note_hash_music21_consensus_v1,53664a7ef3eed4af690568e16a357a2f88698e7f0a05fe854316b884807534da
music21_1496.mid,C#,1496,pop1k7:src_004:1496,data/pop1k7_official/Pop1K7/midi_analyzed/src_004/1496.mid,e708940dc8144e33e1915ee000546045a18e2031d7f4bae3739a963759d240aa,data/pop1k7_official/Pop1K7/midi_synchronized/src_004/1496.mid,7037af85443b8a39d14a6226a5b413e4699a0c1235416f0dd25ceca8945eead5,d155facf2ad6c68dae1ebea4c696c0cd51bd3d30ce92734e903aee76b10a0f52,1,-1,music21.key.krumhanslschmuckler,music21.key.aardenessen,same_release_path_plus_note_hash_music21_consensus_v1,53664a7ef3eed4af690568e16a357a2f88698e7f0a05fe854316b884807534da
music21_1497.mid,e,1497,pop1k7:src_004:1497,data/pop1k7_official/Pop1K7/midi_analyzed/src_004/1497.mid,e1b597e6f533a4c5924dd239858147d0eee0664ee3eca2957d8a8449088033c2,data/pop1k7_official/Pop1K7/midi_synchronized/src_004/1497.mid,44eb2df6049fd69eb7593bfc95de910c6580892335d7da8ee5a7a0aba45f9a53,c82f1a87c66da5a46d156b85b69422be21f7b2ad2eaa3daffa1091a847f50f57,7,5,music21.key.krumhanslschmuckler,music21.key.aardenessen,same_release_path_plus_note_hash_music21_consensus_v1,53664a7ef3eed4af690568e16a357a2f88698e7f0a05fe854316b884807534da
music21_1498.mid,c#,1498,pop1k7:src_004:1498,data/pop1k7_official/Pop1K7/midi_analyzed/src_004/1498.mid,674aa503fbaa92eca290167cb1a0163cae891d26937423decc8779782d3aebbd,data/pop1k7_official/Pop1K7/midi_synchronized/src_004/1498.mid,8005514f3223778832cd6d5c9338365cf12e8cd9bfb976b6f53899dbf4fc876a,ec46e6d2a56be24bb3b1635b74d275ace67355bf778c0bc0db51bf938c4bd810,4,-4,music21.key.krumhanslschmuckler,music21.key.aardenessen,same_release_path_plus_note_hash_music21_consensus_v1,53664a7ef3eed4af690568e16a357a2f88698e7f0a05fe854316b884807534da
music21_1502.mid,C,1502,pop1k7:src_004:1502,data/pop1k7_official/Pop1K7/midi_analyzed/src_004/1502.mid,47ad30513e90cccc4d69daba3c30a6d44e30423c761a4bb307bc933c7a354177,data/pop1k7_official/Pop1K7/midi_synchronized/src_004/1502.mid,dbb4f679e239bff416c7c5c431a580ae343d58134095f614deb1dddfb818c7fd,83dd92f4931af85eb4032adbfbddc1300acca3602ff77d8cbe8a5a2ed11454c6,0,0,music21.key.krumhanslschmuckler,music21.key.aardenessen,same_release_path_plus_note_hash_music21_consensus_v1,53664a7ef3eed4af690568e16a357a2f88698e7f0a05fe854316b884807534da
music21_1503.mid,A,1503,pop1k7:src_004:1503,data/pop1k7_official/Pop1K7/midi_analyzed/src_004/1503.mid,fb25b192579388eec627d71dc8b4e85766c1ae9e1cba4bc40e1ae1a716be4096,data/pop1k7_official/Pop1K7/midi_synchronized/src_004/1503.mid,954dcbf27a58431e1fe30b02470e15dde8d4890fc83a82e17dbe0f59f6b81d4f,6a1e3c2ef39d4e0a24cadadf957d060b0bc720bede344c1a4cc2f7f268459776,9,3,music21.key.krumhanslschmuckler,music21.key.aardenessen,same_release_path_plus_note_hash_music21_consensus_v1,53664a7ef3eed4af690568e16a357a2f88698e7f0a05fe854316b884807534da
music21_1504.mid,B,1504,pop1k7:src_004:1504,data/pop1k7_official/Pop1K7/midi_analyzed/src_004/1504.mid,59d4858db5253e35853d340b8843a8a4bd735b41a7007983610ce0c664a2513d,data/pop1k7_official/Pop1K7/midi_synchronized/src_004/1504.mid,1e941dd491c925a134b88c2f9eb9c566f3335e85fb504674c1934922a88632bb,dc001415f03c514c8d2734e837866c00ab2f3af0124068957ebebfa0746b7028,11,1,music21.key.krumhanslschmuckler,music21.key.aardenessen,same_release_path_plus_note_hash_music21_consensus_v1,53664a7ef3eed4af690568e16a357a2f88698e7f0a05fe854316b884807534da
music21_1505.mid,D,1505,pop1k7:src_004:1505,data/pop1k7_official/Pop1K7/midi_analyzed/src_004/1505.mid,cce41b3b6737ba45cd8f3986458b9cacd49431de5a495f1f09cf808362bfb9bf,data/pop1k7_official/Pop1K7/midi_synchronized/src_004/1505.mid,ed238ac0a83ee8365c14bf713ff9705f3adcd22051136af4bf17351a64f14f9f,c30984f147435ace96c2c0ed38a1b12ae6d63a39eaaa9d043d658dedd30dd79d,2,-2,music21.key.krumhanslschmuckler,music21.key.aardenessen,same_release_path_plus_note_hash_music21_consensus_v1,53664a7ef3eed4af690568e16a357a2f88698e7f0a05fe854316b884807534da
music21_1507.mid,B,1507,pop1k7:src_004:1507,data/pop1k7_official/Pop1K7/midi_analyzed/src_004/1507.mid,e108200f87bc82b04020eba8898a12da268897073b97abd20f40d771e04d6683,data/pop1k7_official/Pop1K7/midi_synchronized/src_004/1507.mid,f3207d768a53a70af8b96583c98c5b3ad2d8362f416a47f30f8f2a5326d7c228,8515c563750fc5a83c53a9bca9509d9d4e4b511ce92cd319cea1027eb7db1ef4,11,1,music21.key.krumhanslschmuckler,music21.key.aardenessen,same_release_path_plus_note_hash_music21_consensus_v1,53664a7ef3eed4af690568e16a357a2f88698e7f0a05fe854316b884807534da
music21_1508.mid,Eb,1508,pop1k7:src_004:1508,data/pop1k7_official/Pop1K7/midi_analyzed/src_004/1508.mid,b916602518d71875d1389e6a444e20aa0be2bde29b417790bce283e22ed0547e,data/pop1k7_official/Pop1K7/midi_synchronized/src_004/1508.mid,42acc836fcc4c44d0e8897dc4e1b6e7aeaa09eca91274f45422cc81293f009f1,db5ca77e32247f52c3502f9dc02796b561404922576aae9aa47b9a9cd5ae3ab3,3,-3,music21.key.krumhanslschmuckler,music21.key.aardenessen,same_release_path_plus_note_hash_music21_consensus_v1,53664a7ef3eed4af690568e16a357a2f88698e7f0a05fe854316b884807534da
music21_1510.mid,E,1510,pop1k7:src_004:1510,data/pop1k7_official/Pop1K7/midi_analyzed/src_004/1510.mid,7d3580786133917c9fcb07e653acec0a480153ec06e90d0e6b684d3804be06ec,data/pop1k7_official/Pop1K7/midi_synchronized/src_004/1510.mid,f8f512e04918f0366f6675b177f71ca733e2bb01ee4ec42ac99ad93652a8547d,73c2d03df473f504ce2bcfe845ce16590562c68d677d179b0d2a55ccc825060a,4,-4,music21.key.krumhanslschmuckler,music21.key.aardenessen,same_release_path_plus_note_hash_music21_consensus_v1,53664a7ef3eed4af690568e16a357a2f88698e7f0a05fe854316b884807534da
music21_1511.mid,C#,1511,pop1k7:src_004:1511,data/pop1k7_official/Pop1K7/midi_analyzed/src_004/1511.mid,a5103fdca69fa01388b85d0c62a054ce16dd47d40a0e8169a7272994bbd6b94d,data/pop1k7_official/Pop1K7/midi_synchronized/src_004/1511.mid,2b2f8fbee8bae76476b47a7e679859c45f8c6d23eac42c3d0d5d793f4ad94234,ce793a0b47a314174d201f128ab8502c30ce0c1ffc7df83c754b5a15aab2a4ad,1,-1,music21.key.krumhanslschmuckler,music21.key.aardenessen,same_release_path_plus_note_hash_music21_consensus_v1,53664a7ef3eed4af690568e16a357a2f88698e7f0a05fe854316b884807534da
music21_1512.mid,G,1512,pop1k7:src_004:1512,data/pop1k7_official/Pop1K7/midi_analyzed/src_004/1512.mid,52df5e9cab9c5322d57d52bab5ac0d03cdf171ddb84b498783548b8cc631dc1d,data/pop1k7_official/Pop1K7/midi_synchronized/src_004/1512.mid,7c230000e60bf5ce935e07528be847881ccd0311e1c5e8be9e606125ff140cfc,586bc31cf4e6bb251713008d9539327a1a309a14a43866da3a5ad96ab8c16fe1,7,5,music21.key.krumhanslschmuckler,music21.key.aardenessen,same_release_path_plus_note_hash_music21_consensus_v1,53664a7ef3eed4af690568e16a357a2f88698e7f0a05fe854316b884807534da
music21_1513.mid,F#,1513,pop1k7:src_004:1513,data/pop1k7_official/Pop1K7/midi_analyzed/src_004/1513.mid,d8b29b3f80e89e3bfd910379d5a5b96e012dcd24504936a7470f4d8b184601d2,data/pop1k7_official/Pop1K7/midi_synchronized/src_004/1513.mid,f982497629080e2439f6e91810bbbb16069fc79b81a9543ae9c6138cb40124e9,442f3b6258d5f8831bb77de878000c434d18aa403837bef598cbd0b534a1c358,6,6,music21.key.krumhanslschmuckler,music21.key.aardenessen,same_release_path_plus_note_hash_music21_consensus_v1,53664a7ef3eed4af690568e16a357a2f88698e7f0a05fe854316b884807534da
music21_1516.mid,Eb,1516,pop1k7:src_004:1516,data/pop1k7_official/Pop1K7/midi_analyzed/src_004/1516.mid,d14767fcf4450c492bbbe2caec7ba7d8bf61a87e2c8eeac605e3330566030e5a,data/pop1k7_official/Pop1K7/midi_synchronized/src_004/1516.mid,357a72f8b4b7ead3f6cc3888927b7495d34b1bc6b929805a485fa24bdb44dc98,02c15e6150e087cac538e5ccec6ebce6f7fec8a3743a25f4d91b91b0bdfe29bb,3,-3,music21.key.krumhanslschmuckler,music21.key.aardenessen,same_release_path_plus_note_hash_music21_consensus_v1,53664a7ef3eed4af690568e16a357a2f88698e7f0a05fe854316b884807534da
music21_1517.mid,Ab,1517,pop1k7:src_004:1517,data/pop1k7_official/Pop1K7/midi_analyzed/src_004/1517.mid,bcb9ffa874a976031c6444385c967bf953338c29fa39b5287ef8bddeae95fc56,data/pop1k7_official/Pop1K7/midi_synchronized/src_004/1517.mid,33a43c4b76e231532dd0f74f6f22e1be1f40cd941303772ab7f2f052602f8ac2,c8f5979c5f6d9517648472fe24ab7d1352e73837204636ee7a1753efdce01fa9,8,4,music21.key.krumhanslschmuckler,music21.key.aardenessen,same_release_path_plus_note_hash_music21_consensus_v1,53664a7ef3eed4af690568e16a357a2f88698e7f0a05fe854316b884807534da
music21_1518.mid,C,1518,pop1k7:src_004:1518,data/pop1k7_official/Pop1K7/midi_analyzed/src_004/1518.mid,7a9d3ca95d57a421bc160a4f0716065efe9376fdc803684385de3b499e171ccd,data/pop1k7_official/Pop1K7/midi_synchronized/src_004/1518.mid,eb027a5dba270b572c7249d2b63ec58699fb7a20a333fd6b833149bdb86efed1,7e357b0037c7fd18709bf9a8e6e9ffbd67785e6fe6c864c00db99e0077b46f94,0,0,music21.key.krumhanslschmuckler,music21.key.aardenessen,same_release_path_plus_note_hash_music21_consensus_v1,53664a7ef3eed4af690568e16a357a2f88698e7f0a05fe854316b884807534da
music21_1520.mid,G,1520,pop1k7:src_004:1520,data/pop1k7_official/Pop1K7/midi_analyzed/src_004/1520.mid,2caa24ff661c962999777508280d3aaa042ed461741e254c9f76005be6594917,data/pop1k7_official/Pop1K7/midi_synchronized/src_004/1520.mid,3de1fc6713f2ef4f6363983f7e3cde7734c60de75c94a2cdeb4268c412c61fc2,42bb453066395f01102a996e8b400e81c9059b711f75cf292c41ed6fdb28457b,7,5,music21.key.krumhanslschmuckler,music21.key.aardenessen,same_release_path_plus_note_hash_music21_consensus_v1,53664a7ef3eed4af690568e16a357a2f88698e7f0a05fe854316b884807534da
music21_1521.mid,F,1521,pop1k7:src_004:1521,data/pop1k7_official/Pop1K7/midi_analyzed/src_004/1521.mid,58656dae7cf23f4625dabb0ba9243405326c5e9da64d0ac465c22b4258c7a696,data/pop1k7_official/Pop1K7/midi_synchronized/src_004/1521.mid,aa8fc78a4301df1a17623b3e24cc886569af7872d9238f3af0ad9e6aefc947ad,2bf00e497fa1165befdf67e3ab2426a11615d6b4d45a2470097596d2773789ce,5,-5,music21.key.krumhanslschmuckler,music21.key.aardenessen,same_release_path_plus_note_hash_music21_consensus_v1,53664a7ef3eed4af690568e16a357a2f88698e7f0a05fe854316b884807534da
music21_1524.mid,F,1524,pop1k7:src_004:1524,data/pop1k7_official/Pop1K7/midi_analyzed/src_004/1524.mid,f844e82a20d02542d8b55f735dbb71f25cfe6158aee5572626927bc438835aad,data/pop1k7_official/Pop1K7/midi_synchronized/src_004/1524.mid,5623700e71db46a2d7fc66c91f29ce35ae45bd0785d8701e91beb40c640bba3f,79daa6d8102d14dc1cf04944f6602bbf88cbfda1714ae14e6bd8df3ea83a9753,5,-5,music21.key.krumhanslschmuckler,music21.key.aardenessen,same_release_path_plus_note_hash_music21_consensus_v1,53664a7ef3eed4af690568e16a357a2f88698e7f0a05fe854316b884807534da
music21_1526.mid,d,1526,pop1k7:src_004:1526,data/pop1k7_official/Pop1K7/midi_analyzed/src_004/1526.mid,eeffeb67cfa4bbb29263625eb3b4925f71b0580254ac06b85d536f22efa91290,data/pop1k7_official/Pop1K7/midi_synchronized/src_004/1526.mid,1e2064c8a8ac9ee16a1c457ced42448e45386bb6620abc544661b7b6b081da1a,c03bfbd4be14be21ee20d0bf5dcb9731032e194d56158046b4a6d4e3ab046087,5,-5,music21.key.krumhanslschmuckler,music21.key.aardenessen,same_release_path_plus_note_hash_music21_consensus_v1,53664a7ef3eed4af690568e16a357a2f88698e7f0a05fe854316b884807534da
music21_1527.mid,Eb,1527,pop1k7:src_004:1527,data/pop1k7_official/Pop1K7/midi_analyzed/src_004/1527.mid,dac9244a82c3e26b645087c908b09ab1f5306ae956df64cec6f4cfab3d453c0f,data/pop1k7_official/Pop1K7/midi_synchronized/src_004/1527.mid,16f090eab141d858440497ab03c651a828841afd97880ad8f12f19ef7204ad5d,1e0de0a9c5fa9d4409e92de4795581a6b5a7acfbf78a6f1e9b308f4ef656019d,3,-3,music21.key.krumhanslschmuckler,music21.key.aardenessen,same_release_path_plus_note_hash_music21_consensus_v1,53664a7ef3eed4af690568e16a357a2f88698e7f0a05fe854316b884807534da
music21_1528.mid,e,1528,pop1k7:src_004:1528,data/pop1k7_official/Pop1K7/midi_analyzed/src_004/1528.mid,9eaa605d2e85c5836e21c22ba536644030db3f5cc588958601dbc6f4fcad7762,data/pop1k7_official/Pop1K7/midi_synchronized/src_004/1528.mid,1e53fdd62c446f18fba333f21a48e55e2cd9d3c984ed16264b14f4b27e80c8ed,feafba2a8986694fbbb4c2aadbb928953234c6c3d46280e9f4bfae5e82ef81f5,7,5,music21.key.krumhanslschmuckler,music21.key.aardenessen,same_release_path_plus_note_hash_music21_consensus_v1,53664a7ef3eed4af690568e16a357a2f88698e7f0a05fe854316b884807534da
music21_1531.mid,F,1531,pop1k7:src_004:1531,data/pop1k7_official/Pop1K7/midi_analyzed/src_004/1531.mid,31bdf8b4361eab6caf246196e653e35b798a951da6f70fedad3a7dad1302e6df,data/pop1k7_official/Pop1K7/midi_synchronized/src_004/1531.mid,5a21e836e1ad23ef53894a869cd4b85ca21c27b008008f67ea53ada7bae07c33,9166999c68729d62ca4fd268221d8673795758f2fb65cb69c7a92628f50accc0,5,-5,music21.key.krumhanslschmuckler,music21.key.aardenessen,same_release_path_plus_note_hash_music21_consensus_v1,53664a7ef3eed4af690568e16a357a2f88698e7f0a05fe854316b884807534da
music21_1532.mid,F,1532,pop1k7:src_004:1532,data/pop1k7_official/Pop1K7/midi_analyzed/src_004/1532.mid,92ff6b231429816c2287a839e9ee9b44d3a18441dce47f6e73ce0ebd74259ccd,data/pop1k7_official/Pop1K7/midi_synchronized/src_004/1532.mid,438590b79606aba9cd4c5cf371bb416e564e2cc28906165201b5a698f9ed1d36,6e1204dbbfe529c9acc9922c2af843ed9bb3fb4b4f7dab1bcfdc561a51ea2aa4,5,-5,music21.key.krumhanslschmuckler,music21.key.aardenessen,same_release_path_plus_note_hash_music21_consensus_v1,53664a7ef3eed4af690568e16a357a2f88698e7f0a05fe854316b884807534da
music21_1534.mid,a,1534,pop1k7:src_004:1534,data/pop1k7_official/Pop1K7/midi_analyzed/src_004/1534.mid,e9d42da8fc2bef694cbdab2cc7abf15b378121b3b7f6e64631f07e3a95c15e45,data/pop1k7_official/Pop1K7/midi_synchronized/src_004/1534.mid,0d7478b1f733db2cf611e4442dd83ec257b60ac02e95094a9e36bb325b85d2d9,d509f1a3e473b71b2ea0999e5eaac1791c61c1200b7b5aa080463dfa0d31f6fe,0,0,music21.key.krumhanslschmuckler,music21.key.aardenessen,same_release_path_plus_note_hash_music21_consensus_v1,53664a7ef3eed4af690568e16a357a2f88698e7f0a05fe854316b884807534da
music21_1535.mid,c,1535,pop1k7:src_004:1535,data/pop1k7_official/Pop1K7/midi_analyzed/src_004/1535.mid,10082028e28e14f95e1d879bf3dc2d748734045157d1be520cd183264405b875,data/pop1k7_official/Pop1K7/midi_synchronized/src_004/1535.mid,479f7ab381c8cc7ea244ce34ed8ae389187fdc5779a8b5da724ca462ca6752bb,8c3f2c7f4cffb1bff8ad9737b5949a67fe65de2621de8dfc5a95fbeff1125579,3,-3,music21.key.krumhanslschmuckler,music21.key.aardenessen,same_release_path_plus_note_hash_music21_consensus_v1,53664a7ef3eed4af690568e16a357a2f88698e7f0a05fe854316b884807534da
music21_1537.mid,C#,1537,pop1k7:src_004:1537,data/pop1k7_official/Pop1K7/midi_analyzed/src_004/1537.mid,66e02c49d059b368c909e5ce18f48056a2b07456768d05ad27bae7b1d79e0d8e,data/pop1k7_official/Pop1K7/midi_synchronized/src_004/1537.mid,30f94832eebc82dbf9074d2126434495e06ec05ed67e02bcb6b0b5aceaea3d66,55976d41958b8d907a55f5138614d99f5842524ec521c00f994c84b93cead932,1,-1,music21.key.krumhanslschmuckler,music21.key.aardenessen,same_release_path_plus_note_hash_music21_consensus_v1,53664a7ef3eed4af690568e16a357a2f88698e7f0a05fe854316b884807534da
music21_1538.mid,G,1538,pop1k7:src_004:1538,data/pop1k7_official/Pop1K7/midi_analyzed/src_004/1538.mid,2ccd764e3dabaf043c661c4ce985907aff7b7cc3bf46dfbd2128d0d63b99c044,data/pop1k7_official/Pop1K7/midi_synchronized/src_004/1538.mid,ac22fcd54ca1d6ead96bdef6603d3e52dd1683a9697f6d875bdb373ae06283cf,a3599e4fd4d1e555f1fb3a6be3d659dd8a5ead646b89570c3c43be4807028fc1,7,5,music21.key.krumhanslschmuckler,music21.key.aardenessen,same_release_path_plus_note_hash_music21_consensus_v1,53664a7ef3eed4af690568e16a357a2f88698e7f0a05fe854316b884807534da
music21_1540.mid,G,1540,pop1k7:src_004:1540,data/pop1k7_official/Pop1K7/midi_analyzed/src_004/1540.mid,2d4e4fff1b1a7b0d6a32186daa84bd53c3b35060d47e359a9d172a8a24731e13,data/pop1k7_official/Pop1K7/midi_synchronized/src_004/1540.mid,9d41331a7a24f3fa48cd29a89f705263fe6babb277c1918aa98a8462f878529b,503e442cfaddcf68edcf410d430afcd06e94b2cf7a42ebe4e571fb3fe3648477,7,5,music21.key.krumhanslschmuckler,music21.key.aardenessen,same_release_path_plus_note_hash_music21_consensus_v1,53664a7ef3eed4af690568e16a357a2f88698e7f0a05fe854316b884807534da
music21_1541.mid,A,1541,pop1k7:src_004:1541,data/pop1k7_official/Pop1K7/midi_analyzed/src_004/1541.mid,193230f48dc47e731f9d9e3967bee2592165183049cf90ae3ec3da2d928432ba,data/pop1k7_official/Pop1K7/midi_synchronized/src_004/1541.mid,2b2adb22a2113d63270aa556a87a47a222031abd88182690325ae31f5314c0b1,5145b2142c1d3e708718dfc39b37917fd7bc87ec3ee7847ed305468ede86f9f6,9,3,music21.key.krumhanslschmuckler,music21.key.aardenessen,same_release_path_plus_note_hash_music21_consensus_v1,53664a7ef3eed4af690568e16a357a2f88698e7f0a05fe854316b884807534da
music21_1543.mid,D,1543,pop1k7:src_004:1543,data/pop1k7_official/Pop1K7/midi_analyzed/src_004/1543.mid,029629845acc6b6d3a00642a3cf36df9fb5b889fa297e6e5c0ffaa4b3d548817,data/pop1k7_official/Pop1K7/midi_synchronized/src_004/1543.mid,08f6112a59cd32fb1ef91f47b6dd08c04221b94d042ed2a8c731bad1bee64864,3e33aa8d3a254684058f7837528e601ee2bb25ebeb95f61367be231e3e74f14c,2,-2,music21.key.krumhanslschmuckler,music21.key.aardenessen,same_release_path_plus_note_hash_music21_consensus_v1,53664a7ef3eed4af690568e16a357a2f88698e7f0a05fe854316b884807534da
music21_1544.mid,D,1544,pop1k7:src_004:1544,data/pop1k7_official/Pop1K7/midi_analyzed/src_004/1544.mid,41fd13d99b27a3f90147a360986fcb409b29485de5963bbb32db0ca5eb040475,data/pop1k7_official/Pop1K7/midi_synchronized/src_004/1544.mid,431bf53385edabb3df3dc880c0cd4e886894411ff94568bfbe27cd6afea3bf3a,2c2205f21e54f2a559bc2f6545fc96adf34625a0fc47b778f6bb5e324152cf15,2,-2,music21.key.krumhanslschmuckler,music21.key.aardenessen,same_release_path_plus_note_hash_music21_consensus_v1,53664a7ef3eed4af690568e16a357a2f88698e7f0a05fe854316b884807534da
music21_1546.mid,C,1546,pop1k7:src_004:1546,data/pop1k7_official/Pop1K7/midi_analyzed/src_004/1546.mid,3118004988b66d661f3a08148e72a62820932f0c25105da0e331acc58d8d2e81,data/pop1k7_official/Pop1K7/midi_synchronized/src_004/1546.mid,a13c91c46ee711e7b7767e580fc122e74a8915ea360210fef03d1e26fdbb4548,e9e631b82e49a29a2f2e5ee286fa396fe578674a7ba51ec634469370982d7fcc,0,0,music21.key.krumhanslschmuckler,music21.key.aardenessen,same_release_path_plus_note_hash_music21_consensus_v1,53664a7ef3eed4af690568e16a357a2f88698e7f0a05fe854316b884807534da
music21_1547.mid,Bb,1547,pop1k7:src_004:1547,data/pop1k7_official/Pop1K7/midi_analyzed/src_004/1547.mid,e34678c52732eedfe90af1f2f1a12650bb9ebbb1424bc389ccb7f6a7e547f80c,data/pop1k7_official/Pop1K7/midi_synchronized/src_004/1547.mid,2d1f08c0ce434e990f41a257c61adf8882db5a7c7ca562d0d11aa8bf366dc4d0,ca26a1eb1ba371763cd268747e930fa43f0abd316b35e817c414d1038caa7ee2,10,2,music21.key.krumhanslschmuckler,music21.key.aardenessen,same_release_path_plus_note_hash_music21_consensus_v1,53664a7ef3eed4af690568e16a357a2f88698e7f0a05fe854316b884807534da
music21_1548.mid,A,1548,pop1k7:src_004:1548,data/pop1k7_official/Pop1K7/midi_analyzed/src_004/1548.mid,99284780b0fc9cd90438491b2531e1e37b823bf62279f88f3ce2ca87fbd21b57,data/pop1k7_official/Pop1K7/midi_synchronized/src_004/1548.mid,11e23bd450807a7958058ada083b497b7861b5ffe7fcc393761e9d9c819891bf,6ca88e06bcbfeb064e78aa809b14628bfe78ef45d45ca53f210d59f9316ea590,9,3,music21.key.krumhanslschmuckler,music21.key.aardenessen,same_release_path_plus_note_hash_music21_consensus_v1,53664a7ef3eed4af690568e16a357a2f88698e7f0a05fe854316b884807534da
music21_1549.mid,E,1549,pop1k7:src_004:1549,data/pop1k7_official/Pop1K7/midi_analyzed/src_004/1549.mid,b7883aff043928160a26a4b55b94c7e5e8513e084674fb5b05c2e6363a7252e2,data/pop1k7_official/Pop1K7/midi_synchronized/src_004/1549.mid,d5350ec280041e61bb7d3969411c999cafdda95c7185be64e504e11c4f9744d4,fc79bd0a182977fb988cfa48717ffb301c4ba6651ef2cb9d7b3ca15adc50253c,4,-4,music21.key.krumhanslschmuckler,music21.key.aardenessen,same_release_path_plus_note_hash_music21_consensus_v1,53664a7ef3eed4af690568e16a357a2f88698e7f0a05fe854316b884807534da
music21_1551.mid,Eb,1551,pop1k7:src_004:1551,data/pop1k7_official/Pop1K7/midi_analyzed/src_004/1551.mid,2f2cdde3bc46f145e0abc8e9f915ee392d4f6b9b065fddf1e64b568ca122317c,data/pop1k7_official/Pop1K7/midi_synchronized/src_004/1551.mid,5c0a0510b4d6662ef019da4e7fb1c996169a6572de3c7bad4540dcb9a80760c6,c540284944c74aa4c59cb7aa2fba160d9e44906ec2a80eabb78cd6bd57f0c9b3,3,-3,music21.key.krumhanslschmuckler,music21.key.aardenessen,same_release_path_plus_note_hash_music21_consensus_v1,53664a7ef3eed4af690568e16a357a2f88698e7f0a05fe854316b884807534da
music21_1552.mid,G,1552,pop1k7:src_004:1552,data/pop1k7_official/Pop1K7/midi_analyzed/src_004/1552.mid,a1ee0302c518d6b464849e283da0fc92e902923d4a958ce1ec69812172bd01c5,data/pop1k7_official/Pop1K7/midi_synchronized/src_004/1552.mid,aa5efab6c51046f9c300bb47e7ba0c390fc092a53a7380fc03b9ef15765f3710,9c4c7d9de393d70caa3c13311499cb3c55e35fa70b06aa301a2d72ffeb46822c,7,5,music21.key.krumhanslschmuckler,music21.key.aardenessen,same_release_path_plus_note_hash_music21_consensus_v1,53664a7ef3eed4af690568e16a357a2f88698e7f0a05fe854316b884807534da
music21_1554.mid,D,1554,pop1k7:src_004:1554,data/pop1k7_official/Pop1K7/midi_analyzed/src_004/1554.mid,8dadf760a225de264b933eb8df5b7387811b1b1e87adfcc2a6a336c651b6c498,data/pop1k7_official/Pop1K7/midi_synchronized/src_004/1554.mid,52c0b84e52eba972fd2464bfcd8d1360080d3f9ed8d56c42b1636d83db5ac081,6eb70524ee4a065a5b447eeb8a0fe14b05dc88ab4127895a49bfde533867d3d3,2,-2,music21.key.krumhanslschmuckler,music21.key.aardenessen,same_release_path_plus_note_hash_music21_consensus_v1,53664a7ef3eed4af690568e16a357a2f88698e7f0a05fe854316b884807534da
music21_1555.mid,C,1555,pop1k7:src_004:1555,data/pop1k7_official/Pop1K7/midi_analyzed/src_004/1555.mid,f91f5dbf40238154b43fda831bab322e1884d798ebbe71dba40fb06bf0615309,data/pop1k7_official/Pop1K7/midi_synchronized/src_004/1555.mid,6e2ec944600ef04601fb14fa185f52c8fab688085fa49f63bb8dae59cc655216,bc996dcdea7fe98006a043c04db8bd472427eccf0f1e63a2efc10c71b710cbae,0,0,music21.key.krumhanslschmuckler,music21.key.aardenessen,same_release_path_plus_note_hash_music21_consensus_v1,53664a7ef3eed4af690568e16a357a2f88698e7f0a05fe854316b884807534da
music21_1556.mid,Eb,1556,pop1k7:src_004:1556,data/pop1k7_official/Pop1K7/midi_analyzed/src_004/1556.mid,cb115def738b24634bfe57d37881646d0ed0009801693e645a18b485e8b0e850,data/pop1k7_official/Pop1K7/midi_synchronized/src_004/1556.mid,a4ca30acf8f13d4719c1041f8ad17ec21cb46def10163fe9ee701fc78adfd959,40377d8cea27b67dc9ea349a35e7274698b6ecdc06a1c1c7b4b994e6f281791a,3,-3,music21.key.krumhanslschmuckler,music21.key.aardenessen,same_release_path_plus_note_hash_music21_consensus_v1,53664a7ef3eed4af690568e16a357a2f88698e7f0a05fe854316b884807534da
music21_1557.mid,E,1557,pop1k7:src_004:1557,data/pop1k7_official/Pop1K7/midi_analyzed/src_004/1557.mid,d34a7ab3a1c34ccc761c04093f40e3f5d9bfd434ce4802a93aa63088e2695131,data/pop1k7_official/Pop1K7/midi_synchronized/src_004/1557.mid,56e450271f0e49185499933b7cd6d9b4f188dfe9b651e836dc0c471aaaaebf85,13e7f96826e0ed06771981bc91dc580a2c8ed998a368566a885a64fd0b761e37,4,-4,music21.key.krumhanslschmuckler,music21.key.aardenessen,same_release_path_plus_note_hash_music21_consensus_v1,53664a7ef3eed4af690568e16a357a2f88698e7f0a05fe854316b884807534da
music21_1561.mid,D,1561,pop1k7:src_004:1561,data/pop1k7_official/Pop1K7/midi_analyzed/src_004/1561.mid,bfadfd38dd04d080fae29a23e6d25bb369e0592b722c34f2a25a0339a193c876,data/pop1k7_official/Pop1K7/midi_synchronized/src_004/1561.mid,15bbd3c23466101db7c8177f69cfccae34a50fa9a2cc89c5f7b5a3ae16f0f8cc,44e656b2434c7a41003379786b1e2fc36568f95cf830ac425a7c4ff6c5837033,2,-2,music21.key.krumhanslschmuckler,music21.key.aardenessen,same_release_path_plus_note_hash_music21_consensus_v1,53664a7ef3eed4af690568e16a357a2f88698e7f0a05fe854316b884807534da
music21_1562.mid,C#,1562,pop1k7:src_004:1562,data/pop1k7_official/Pop1K7/midi_analyzed/src_004/1562.mid,a5e04b528e48bdd4d3eb9ec6dc2f0e68d947f50a1f5f13b7ead885e821f8b5af,data/pop1k7_official/Pop1K7/midi_synchronized/src_004/1562.mid,5eaad1618ea39d250e2283b536dbf88cb5931b5a9d5d8076239d64ca13a4c682,ecda74e847054bf57831d339d67c8479f38080ac93cf25dcc921a2ffaa9200e1,1,-1,music21.key.krumhanslschmuckler,music21.key.aardenessen,same_release_path_plus_note_hash_music21_consensus_v1,53664a7ef3eed4af690568e16a357a2f88698e7f0a05fe854316b884807534da
music21_1563.mid,f,1563,pop1k7:src_004:1563,data/pop1k7_official/Pop1K7/midi_analyzed/src_004/1563.mid,6132f2f986cfc6e6194bf6aecbaf2f144098a45a5cbab039b1f0b244b50ea151,data/pop1k7_official/Pop1K7/midi_synchronized/src_004/1563.mid,05c14d2b0597ecc13b8232175732e0ada398fc0ace8e0ab520563356df208f88,035b2b7859f94dc5efab7f3d09c7793e55870d3cc006abaf990ef6762f0ede0d,8,4,music21.key.krumhanslschmuckler,music21.key.aardenessen,same_release_path_plus_note_hash_music21_consensus_v1,53664a7ef3eed4af690568e16a357a2f88698e7f0a05fe854316b884807534da
music21_1564.mid,B,1564,pop1k7:src_004:1564,data/pop1k7_official/Pop1K7/midi_analyzed/src_004/1564.mid,003bf07335ea6d07669e065a4c96155a8765e74b05986ca041033eea2b44703d,data/pop1k7_official/Pop1K7/midi_synchronized/src_004/1564.mid,a89a3cc214683c6a402967a74dcfd48291618b9313b8977822bb5de300753483,20bcd1354f2a83cb9c05676b945aefb0aaeeaf00eadf2c1ef3248014507b7ef3,11,1,music21.key.krumhanslschmuckler,music21.key.aardenessen,same_release_path_plus_note_hash_music21_consensus_v1,53664a7ef3eed4af690568e16a357a2f88698e7f0a05fe854316b884807534da
music21_1565.mid,G,1565,pop1k7:src_004:1565,data/pop1k7_official/Pop1K7/midi_analyzed/src_004/1565.mid,6813a0ebf1744b1ac2b962086d398b4db2b2a16226bc8a3ca7335344f3d7985f,data/pop1k7_official/Pop1K7/midi_synchronized/src_004/1565.mid,d856d83ac25e1e2c615b6e78e7866ca81b8faae477fc29e741cd1f0bf53d2044,b89fb17e5f7c755a55aa23a80d0d274ce872329b3c62e8360018849f33c22f7b,7,5,music21.key.krumhanslschmuckler,music21.key.aardenessen,same_release_path_plus_note_hash_music21_consensus_v1,53664a7ef3eed4af690568e16a357a2f88698e7f0a05fe854316b884807534da
music21_1566.mid,Bb,1566,pop1k7:src_004:1566,data/pop1k7_official/Pop1K7/midi_analyzed/src_004/1566.mid,2eaaac47e43aa5a50e3aa8981d94e2312c7e410866859444f989de4e500279c0,data/pop1k7_official/Pop1K7/midi_synchronized/src_004/1566.mid,157c8211e413659973d492918472d1f33d42ea0b9cba329fdc90639fed70d3d1,87f60ba471e4889523bdbd66fc0f342a7b08b2573109fe4a891ac193ab74acae,10,2,music21.key.krumhanslschmuckler,music21.key.aardenessen,same_release_path_plus_note_hash_music21_consensus_v1,53664a7ef3eed4af690568e16a357a2f88698e7f0a05fe854316b884807534da
music21_1567.mid,D,1567,pop1k7:src_004:1567,data/pop1k7_official/Pop1K7/midi_analyzed/src_004/1567.mid,8d7c15055419d96a89bf3599169661a0d7bbf234f18158ea3379088321b0a5be,data/pop1k7_official/Pop1K7/midi_synchronized/src_004/1567.mid,ec25a3d7ecfd10f50b735a3aae66a7cd2b945c1a0c6e1e15ca8de09de678f7a7,c1e763e8a8d63a3d74b41d5eeae1631a5a4cc8fd8cd7b5e7abd1a38f9dff0bb7,2,-2,music21.key.krumhanslschmuckler,music21.key.aardenessen,same_release_path_plus_note_hash_music21_consensus_v1,53664a7ef3eed4af690568e16a357a2f88698e7f0a05fe854316b884807534da
music21_1568.mid,Eb,1568,pop1k7:src_004:1568,data/pop1k7_official/Pop1K7/midi_analyzed/src_004/1568.mid,46546a0f4db830cc671675af2caa3cc5c7eb18971fb7a3778587607a0f67d27a,data/pop1k7_official/Pop1K7/midi_synchronized/src_004/1568.mid,fa8a0f78cb18db686991ebf069aef1cfb92089dc15b81ddb1351832086bab8a6,0168e66dfab574f9f2f998e22bfcefc2169d3de11b89c2fca15fe00d6fb5a930,3,-3,music21.key.krumhanslschmuckler,music21.key.aardenessen,same_release_path_plus_note_hash_music21_consensus_v1,53664a7ef3eed4af690568e16a357a2f88698e7f0a05fe854316b884807534da
music21_1570.mid,F,1570,pop1k7:src_004:1570,data/pop1k7_official/Pop1K7/midi_analyzed/src_004/1570.mid,b09921d497739f404b2d3e8fdac97b2cb4695b8f2c5fb81b4cc16d1d0ac7e9a1,data/pop1k7_official/Pop1K7/midi_synchronized/src_004/1570.mid,7013388818d7a68e8befb3872bf32f40034de0627d4c91c953b8b788e7dedb58,9b365ffb89ea857416a3e6ed6a093421277ae1001a62fc52e5a005aef5428e96,5,-5,music21.key.krumhanslschmuckler,music21.key.aardenessen,same_release_path_plus_note_hash_music21_consensus_v1,53664a7ef3eed4af690568e16a357a2f88698e7f0a05fe854316b884807534da
music21_1571.mid,E,1571,pop1k7:src_004:1571,data/pop1k7_official/Pop1K7/midi_analyzed/src_004/1571.mid,51b68e64273c5fab4da7758bb9e9404307406bb04dd577a370e30db61177d4b9,data/pop1k7_official/Pop1K7/midi_synchronized/src_004/1571.mid,c36501c86c36141d8e8b1a89ca026c148533b2cf1152b25b9f17da17a9550085,acff5ed9fa83a74c83215dfa8fdc231a01a15198a9d569cbdacdd921d9277e4a,4,-4,music21.key.krumhanslschmuckler,music21.key.aardenessen,same_release_path_plus_note_hash_music21_consensus_v1,53664a7ef3eed4af690568e16a357a2f88698e7f0a05fe854316b884807534da
music21_1572.mid,Eb,1572,pop1k7:src_004:1572,data/pop1k7_official/Pop1K7/midi_analyzed/src_004/1572.mid,c80b2b61bf24b250b4547c6827b793db2da0a79753a0a275995d6965831f3d45,data/pop1k7_official/Pop1K7/midi_synchronized/src_004/1572.mid,92373d0eb3c443ddf5e8980b38a1ae8b1b6fa1b16e943d0433ca09512dab5dad,9daa7a4663735bf17d4a88d3434b0fccb2bba0385b7d2a9dca255aa3d293f7ec,3,-3,music21.key.krumhanslschmuckler,music21.key.aardenessen,same_release_path_plus_note_hash_music21_consensus_v1,53664a7ef3eed4af690568e16a357a2f88698e7f0a05fe854316b884807534da
music21_1573.mid,D,1573,pop1k7:src_004:1573,data/pop1k7_official/Pop1K7/midi_analyzed/src_004/1573.mid,e378f3dcbe1baad22bb274b141e070cc2085951db68691333d93316eb809c1bc,data/pop1k7_official/Pop1K7/midi_synchronized/src_004/1573.mid,2e7cad63d2c3b336ee696fafe4f0228c5498dc218ecd9430971f70632902986d,9da1bd69a6ad9fe3a8f321f9d0ad498dcc739f962a3aeccb45aaa8382a6f2d3e,2,-2,music21.key.krumhanslschmuckler,music21.key.aardenessen,same_release_path_plus_note_hash_music21_consensus_v1,53664a7ef3eed4af690568e16a357a2f88698e7f0a05fe854316b884807534da
music21_1574.mid,C,1574,pop1k7:src_004:1574,data/pop1k7_official/Pop1K7/midi_analyzed/src_004/1574.mid,e650fde1cf44425c00e25bb897b1be7daea8ade1d6077e31e8785851bb558326,data/pop1k7_official/Pop1K7/midi_synchronized/src_004/1574.mid,236ce222d96ecd7d67c238caed6c244892c30060444e7a64baa04360fd8cafee,8452123ed92c4828d53c2fd02f30c5d4ecdb9231cc6de11d043fed40863baa59,0,0,music21.key.krumhanslschmuckler,music21.key.aardenessen,same_release_path_plus_note_hash_music21_consensus_v1,53664a7ef3eed4af690568e16a357a2f88698e7f0a05fe854316b884807534da
music21_1575.mid,Bb,1575,pop1k7:src_004:1575,data/pop1k7_official/Pop1K7/midi_analyzed/src_004/1575.mid,1aed74c82aad004131348c1105beba362aa671c581f7a1536b31beb7ca5e4c16,data/pop1k7_official/Pop1K7/midi_synchronized/src_004/1575.mid,85185d15eb89386af515ffcf4cc158f9a5d0fec17e63c09b7ff3e599b91c1844,097ff17ccae23ec2b94ada4878021990fd2505cf9e5a22642ebab0689e955592,10,2,music21.key.krumhanslschmuckler,music21.key.aardenessen,same_release_path_plus_note_hash_music21_consensus_v1,53664a7ef3eed4af690568e16a357a2f88698e7f0a05fe854316b884807534da
music21_1576.mid,Bb,1576,pop1k7:src_004:1576,data/pop1k7_official/Pop1K7/midi_analyzed/src_004/1576.mid,acb44e2e62d8e3a3fb283bc2b97869b3e4785e47f3d4bea754d51907bbf4af6a,data/pop1k7_official/Pop1K7/midi_synchronized/src_004/1576.mid,e2ec263cffb588ad53219c8ba1bfeba22af00d97857e1a8a75cc9d3e5d6cdf27,0667e96a50510621bc5147456c7b3e09315c514d1a19a64b4f96c567921fba3d,10,2,music21.key.krumhanslschmuckler,music21.key.aardenessen,same_release_path_plus_note_hash_music21_consensus_v1,53664a7ef3eed4af690568e16a357a2f88698e7f0a05fe854316b884807534da
music21_1577.mid,D,1577,pop1k7:src_004:1577,data/pop1k7_official/Pop1K7/midi_analyzed/src_004/1577.mid,390f7cae8656bb6cfc8f6c9b54ceaf369a7100fdbe935a5f3c24a52d1198323b,data/pop1k7_official/Pop1K7/midi_synchronized/src_004/1577.mid,610a346f14f8765a6b259deb04da8a14b38ddf3eff0627376795a31095c42f8c,904cbba420cae74958a3c7186a258a2670c13d101ab1112aee1fb7c1d400977b,2,-2,music21.key.krumhanslschmuckler,music21.key.aardenessen,same_release_path_plus_note_hash_music21_consensus_v1,53664a7ef3eed4af690568e16a357a2f88698e7f0a05fe854316b884807534da
music21_1578.mid,C,1578,pop1k7:src_004:1578,data/pop1k7_official/Pop1K7/midi_analyzed/src_004/1578.mid,87b712420b2027f561335496194a47574f2c988849dac7f4f6385b85d10d4808,data/pop1k7_official/Pop1K7/midi_synchronized/src_004/1578.mid,8b337fb361571ae18daf046b9c154389ab3a0622e07e4a8346ecac83c909fa8c,da4b2ec719fba157b83eeca6ae675a5534a871c3e3876808e6505dd85634750b,0,0,music21.key.krumhanslschmuckler,music21.key.aardenessen,same_release_path_plus_note_hash_music21_consensus_v1,53664a7ef3eed4af690568e16a357a2f88698e7f0a05fe854316b884807534da
music21_1579.mid,E,1579,pop1k7:src_004:1579,data/pop1k7_official/Pop1K7/midi_analyzed/src_004/1579.mid,f426049d264c52b901ee3df8a54bcf84e29c32ddaa5bc859ed982606cb4635f8,data/pop1k7_official/Pop1K7/midi_synchronized/src_004/1579.mid,ceaef99da5da9f901fb556a735656b9205ff57a3fe681385d7a21b6edd031fcd,f28cb3ad1879d85306892e65beb44d3e228e280a73defb0900b61374c87e02e9,4,-4,music21.key.krumhanslschmuckler,music21.key.aardenessen,same_release_path_plus_note_hash_music21_consensus_v1,53664a7ef3eed4af690568e16a357a2f88698e7f0a05fe854316b884807534da
music21_1581.mid,F#,1581,pop1k7:src_004:1581,data/pop1k7_official/Pop1K7/midi_analyzed/src_004/1581.mid,49e4413193303ed67beb3baca5260691374a498f6ae2cbdefc454f85fa44b5c2,data/pop1k7_official/Pop1K7/midi_synchronized/src_004/1581.mid,9fcb59f73ee73e841d141be014fca1b81b9c41b659e5d643c9cb8b8065c2c7c7,599889262fb11b501a901d87bf188f1a8cce631d59983e87fbb8d4f971619987,6,6,music21.key.krumhanslschmuckler,music21.key.aardenessen,same_release_path_plus_note_hash_music21_consensus_v1,53664a7ef3eed4af690568e16a357a2f88698e7f0a05fe854316b884807534da
music21_1582.mid,D,1582,pop1k7:src_004:1582,data/pop1k7_official/Pop1K7/midi_analyzed/src_004/1582.mid,bd872ea8a0d51b2f7fb343138d7c68a206e3615b305529267804de80f358b4c5,data/pop1k7_official/Pop1K7/midi_synchronized/src_004/1582.mid,7e0ca315d62a847e489215b89070766c6d9e215ca2571faa9516a7867f52b8e0,69838de72b83790ed7148e21d72c1091e0ecf60ec0799629a4cf75f39cbcbe31,2,-2,music21.key.krumhanslschmuckler,music21.key.aardenessen,same_release_path_plus_note_hash_music21_consensus_v1,53664a7ef3eed4af690568e16a357a2f88698e7f0a05fe854316b884807534da
music21_1584.mid,Eb,1584,pop1k7:src_004:1584,data/pop1k7_official/Pop1K7/midi_analyzed/src_004/1584.mid,0bfde627b969c014c187f1d111f2994033ebeb3815c2c79b15db881aace92c76,data/pop1k7_official/Pop1K7/midi_synchronized/src_004/1584.mid,cdad748f00098e98c5fefb16ae7d49792c37ce750b5d5763f89c14d55bc4fa46,564dd50c075476df62826e6a0383f31157ee1882a430e8304129a76f48fdfcf8,3,-3,music21.key.krumhanslschmuckler,music21.key.aardenessen,same_release_path_plus_note_hash_music21_consensus_v1,53664a7ef3eed4af690568e16a357a2f88698e7f0a05fe854316b884807534da
music21_1585.mid,A,1585,pop1k7:src_004:1585,data/pop1k7_official/Pop1K7/midi_analyzed/src_004/1585.mid,c1a5df1e0691ca751b733f70feb257bf7f3f7916386c9242a8eb1a5c51667bc7,data/pop1k7_official/Pop1K7/midi_synchronized/src_004/1585.mid,df18534d17815a93781e86ab4f0d5d69464ce698c53f7ae2fdab4f11db6d4ff1,64f0a1f4dee53af41337d0d7cd15ff173cfa45736727a693a51869a73dddb79b,9,3,music21.key.krumhanslschmuckler,music21.key.aardenessen,same_release_path_plus_note_hash_music21_consensus_v1,53664a7ef3eed4af690568e16a357a2f88698e7f0a05fe854316b884807534da
music21_1586.mid,d,1586,pop1k7:src_004:1586,data/pop1k7_official/Pop1K7/midi_analyzed/src_004/1586.mid,2624039bb11d9506143d36a5dd525f76555c759c1b0ec9d9db187dc13daa13e7,data/pop1k7_official/Pop1K7/midi_synchronized/src_004/1586.mid,24e47e871912e8dc9789bc95240a472d7f645c422ee8667b3cbfcd42d81ed7cc,7df95183646cf38123c12d89cf7731386a491154fd35eadf4c1ebfa969666930,5,-5,music21.key.krumhanslschmuckler,music21.key.aardenessen,same_release_path_plus_note_hash_music21_consensus_v1,53664a7ef3eed4af690568e16a357a2f88698e7f0a05fe854316b884807534da
music21_1587.mid,D,1587,pop1k7:src_004:1587,data/pop1k7_official/Pop1K7/midi_analyzed/src_004/1587.mid,0064573eb7f746e35d5478b238d671325a5b71b13c567e45631297f480d0af2b,data/pop1k7_official/Pop1K7/midi_synchronized/src_004/1587.mid,04660de38c19c649efd1da175e76ecb49ce4319078c6124a809a51d5168c0951,45584f5c0e780f13d4b2002841d7bc9dcdc3bf53854a64edcef2469db2b53b26,2,-2,music21.key.krumhanslschmuckler,music21.key.aardenessen,same_release_path_plus_note_hash_music21_consensus_v1,53664a7ef3eed4af690568e16a357a2f88698e7f0a05fe854316b884807534da
music21_1588.mid,eb,1588,pop1k7:src_004:1588,data/pop1k7_official/Pop1K7/midi_analyzed/src_004/1588.mid,63fe471f597365ad5ea8609e738aa26b733aaede6a08ca17b4ed111d5432a278,data/pop1k7_official/Pop1K7/midi_synchronized/src_004/1588.mid,968f83d1333672001b63a4d0f36db0a1e0fc924e18ff1595e7eab39ea438b9dd,8f23295d4c259b45e59df8d6bfec881c50d82e8e2970da3f0cee4adc1fbae805,6,6,music21.key.krumhanslschmuckler,music21.key.aardenessen,same_release_path_plus_note_hash_music21_consensus_v1,53664a7ef3eed4af690568e16a357a2f88698e7f0a05fe854316b884807534da
music21_1589.mid,G,1589,pop1k7:src_004:1589,data/pop1k7_official/Pop1K7/midi_analyzed/src_004/1589.mid,7cf15f87ced24dacb163f826aef0005c22b5415e53662478fc17cc1d9a68f664,data/pop1k7_official/Pop1K7/midi_synchronized/src_004/1589.mid,939a0fe0d114653693572eea56a40e5cf53cf7ab00e8a970690862ddf799f1b0,040af471aa7943494cda75aee973e87c7ebb41e3f52d8cc4b2e4329561a8b61e,7,5,music21.key.krumhanslschmuckler,music21.key.aardenessen,same_release_path_plus_note_hash_music21_consensus_v1,53664a7ef3eed4af690568e16a357a2f88698e7f0a05fe854316b884807534da
music21_1590.mid,F,1590,pop1k7:src_004:1590,data/pop1k7_official/Pop1K7/midi_analyzed/src_004/1590.mid,928ca528214dd0865b4cfa6b1ea944b5b7b4201ae6aa384b3a44dac421559ba3,data/pop1k7_official/Pop1K7/midi_synchronized/src_004/1590.mid,4856b5734af41f473882be1add8a7fb2634150b012b4fb51e2d4679831f201d9,931113dc979a78e46acc1c5515aea6405877ec3add76e922befe8238fe2dca35,5,-5,music21.key.krumhanslschmuckler,music21.key.aardenessen,same_release_path_plus_note_hash_music21_consensus_v1,53664a7ef3eed4af690568e16a357a2f88698e7f0a05fe854316b884807534da
music21_1591.mid,a,1591,pop1k7:src_004:1591,data/pop1k7_official/Pop1K7/midi_analyzed/src_004/1591.mid,bfcdbc9e94f9985b396e2bc5e7622ff9958c3888380da238713dcf03891e8625,data/pop1k7_official/Pop1K7/midi_synchronized/src_004/1591.mid,71a1a77299099f2c4895797439b857ff671f1dc445cb7b38b8f6523c7817677f,3ed00704b2f56d8da6ec27a6e2ac91157c0272da15e818699828b33537c0e989,0,0,music21.key.krumhanslschmuckler,music21.key.aardenessen,same_release_path_plus_note_hash_music21_consensus_v1,53664a7ef3eed4af690568e16a357a2f88698e7f0a05fe854316b884807534da
music21_1594.mid,F,1594,pop1k7:src_004:1594,data/pop1k7_official/Pop1K7/midi_analyzed/src_004/1594.mid,07aa2d615efb232f07511a0dfdb931b192082fce7942a4a7b5c44304b1d774db,data/pop1k7_official/Pop1K7/midi_synchronized/src_004/1594.mid,b6833ab9480e98b42a9d14b6058b99b7df7dfe6aeb553c005dc6afe376f35ba6,57e64168d79e291e8371707f5415ee665da4ee25b91a3d6dc87cbc0e4dc95156,5,-5,music21.key.krumhanslschmuckler,music21.key.aardenessen,same_release_path_plus_note_hash_music21_consensus_v1,53664a7ef3eed4af690568e16a357a2f88698e7f0a05fe854316b884807534da
music21_1595.mid,F,1595,pop1k7:src_004:1595,data/pop1k7_official/Pop1K7/midi_analyzed/src_004/1595.mid,b69fd0c5e789896a10a6b18f9a844548d20b6f1ebe907e6607433b10007181f5,data/pop1k7_official/Pop1K7/midi_synchronized/src_004/1595.mid,1705fc9c3d9b9e8ba2b658ebffdbe9d9ffd7053f24727603c103a974d253b25c,6578366902fab8cbde434eaa346b5e504fc5ab4f18902256b6755ee6f76ccd51,5,-5,music21.key.krumhanslschmuckler,music21.key.aardenessen,same_release_path_plus_note_hash_music21_consensus_v1,53664a7ef3eed4af690568e16a357a2f88698e7f0a05fe854316b884807534da
music21_1596.mid,E,1596,pop1k7:src_004:1596,data/pop1k7_official/Pop1K7/midi_analyzed/src_004/1596.mid,bc2bff440c72d81d26e1476198986dc8baad1b877d407d1d9a1de4b550a366b9,data/pop1k7_official/Pop1K7/midi_synchronized/src_004/1596.mid,3342877993cfada5305666d0e5633eaf75335a5a77342a956b61c493fca916ac,cf5c62227edfd2a92dedb8386507cba006815b54a7064efe006eccdc21936a38,4,-4,music21.key.krumhanslschmuckler,music21.key.aardenessen,same_release_path_plus_note_hash_music21_consensus_v1,53664a7ef3eed4af690568e16a357a2f88698e7f0a05fe854316b884807534da
music21_1598.mid,Bb,1598,pop1k7:src_004:1598,data/pop1k7_official/Pop1K7/midi_analyzed/src_004/1598.mid,cdff5fdc2901ecaf1f03333fca05c4ce805d1661de8af67d2d4f5ff5666ce76e,data/pop1k7_official/Pop1K7/midi_synchronized/src_004/1598.mid,2d52c3eba4de3739167a2816b04b637b2c108d03d497a5101b52e224c869ddf1,51d1342ad9fbe89f58c8d69f497e43163691538faeace2a12e6aa25b82d9b0a2,10,2,music21.key.krumhanslschmuckler,music21.key.aardenessen,same_release_path_plus_note_hash_music21_consensus_v1,53664a7ef3eed4af690568e16a357a2f88698e7f0a05fe854316b884807534da
music21_1599.mid,c,1599,pop1k7:src_004:1599,data/pop1k7_official/Pop1K7/midi_analyzed/src_004/1599.mid,9bac41011f2496dcc22f712aa1dfb21b1f87f0a0b24097fe7f99726106fe846b,data/pop1k7_official/Pop1K7/midi_synchronized/src_004/1599.mid,99e80db6a419728a9178b81d817b179b654f97a3255a60d146ad2794e129b71a,152bd5cbb86c53205789bf0ba39016326bd481e473d56412c2c7e254ceb54471,3,-3,music21.key.krumhanslschmuckler,music21.key.aardenessen,same_release_path_plus_note_hash_music21_consensus_v1,53664a7ef3eed4af690568e16a357a2f88698e7f0a05fe854316b884807534da
music21_1600.mid,C,1600,pop1k7:src_004:1600,data/pop1k7_official/Pop1K7/midi_analyzed/src_004/1600.mid,6f63b80c6c19a13c39dcee25a0cb849f46edbdbb717b5cd7b7fd70201a6dc994,data/pop1k7_official/Pop1K7/midi_synchronized/src_004/1600.mid,95bb28e5bfd530c59a292118adc47897f680e5f543a8727fc4f9a2238bf0e27e,476e9461efe764ec5ac4103918a9bf605ca8a353fba14068a5ed3d5016318940,0,0,music21.key.krumhanslschmuckler,music21.key.aardenessen,same_release_path_plus_note_hash_music21_consensus_v1,53664a7ef3eed4af690568e16a357a2f88698e7f0a05fe854316b884807534da
music21_1601.mid,C#,1601,pop1k7:src_004:1601,data/pop1k7_official/Pop1K7/midi_analyzed/src_004/1601.mid,10b24064bb0fcd641ead449b4e983f664dcbca49ef6efc593dbaee25fdb25891,data/pop1k7_official/Pop1K7/midi_synchronized/src_004/1601.mid,78f9082839494caddb3850f08c3f33f454435722f0ac12bee05ed056438a5d8c,f7ca386c7e8db3edbc02499b3de424117d9287e249bb3191ace5f1452c4cecc6,1,-1,music21.key.krumhanslschmuckler,music21.key.aardenessen,same_release_path_plus_note_hash_music21_consensus_v1,53664a7ef3eed4af690568e16a357a2f88698e7f0a05fe854316b884807534da
music21_1602.mid,G,1602,pop1k7:src_004:1602,data/pop1k7_official/Pop1K7/midi_analyzed/src_004/1602.mid,76dd6b416ba3517220666cf1bab6cb1d870e87bab1cab82c0837b49ec5c8c52e,data/pop1k7_official/Pop1K7/midi_synchronized/src_004/1602.mid,c5439386d2a99dc0039e4ce655349a6395f1a1a9f0ca9cf63883463a80fa6d02,31203b6b8ced69265badf58f1bdd89ca26460b5db8c0054ec65bc8865b2f9058,7,5,music21.key.krumhanslschmuckler,music21.key.aardenessen,same_release_path_plus_note_hash_music21_consensus_v1,53664a7ef3eed4af690568e16a357a2f88698e7f0a05fe854316b884807534da
music21_1603.mid,A,1603,pop1k7:src_004:1603,data/pop1k7_official/Pop1K7/midi_analyzed/src_004/1603.mid,6e6ca851014ece6347ab5bc3fd1f9cf2857f5e64fad1d9487564ff93e87a9c68,data/pop1k7_official/Pop1K7/midi_synchronized/src_004/1603.mid,1a4d55c41c34352b5217a3d4cf8991ffc0c87ab6471645920de360e0b1289169,3a0738cf9dd3176abbec94cfe6ab585cd0a4a172f54255fd771f4ab4194d7daa,9,3,music21.key.krumhanslschmuckler,music21.key.aardenessen,same_release_path_plus_note_hash_music21_consensus_v1,53664a7ef3eed4af690568e16a357a2f88698e7f0a05fe854316b884807534da
music21_1604.mid,E,1604,pop1k7:src_004:1604,data/pop1k7_official/Pop1K7/midi_analyzed/src_004/1604.mid,44d33b28e4e7fd067db7593fce649549ad46175498f49f692fe87a6329141e1a,data/pop1k7_official/Pop1K7/midi_synchronized/src_004/1604.mid,2487a5e64069358d91a4ba0340707d5d140577a6f6c27881bd0dca410f8d7d90,5e7ddec2dfed7dfb285d8308f24e1c6d06e593ec51c353f6f8330c05005db0fc,4,-4,music21.key.krumhanslschmuckler,music21.key.aardenessen,same_release_path_plus_note_hash_music21_consensus_v1,53664a7ef3eed4af690568e16a357a2f88698e7f0a05fe854316b884807534da
music21_1605.mid,c#,1605,pop1k7:src_004:1605,data/pop1k7_official/Pop1K7/midi_analyzed/src_004/1605.mid,aae47771dda7904a56c83ef6b5d14363bf759a76df49150fe3ca902f05d34ab9,data/pop1k7_official/Pop1K7/midi_synchronized/src_004/1605.mid,bff404fca232908a45f11c9f54558d799a269351b5e2fb5df41c0b5a87dac340,0629b8329f8810c650777df6fe1dddd95d849f14a7ae922726ca36b09581258f,4,-4,music21.key.krumhanslschmuckler,music21.key.aardenessen,same_release_path_plus_note_hash_music21_consensus_v1,53664a7ef3eed4af690568e16a357a2f88698e7f0a05fe854316b884807534da
music21_1606.mid,Ab,1606,pop1k7:src_004:1606,data/pop1k7_official/Pop1K7/midi_analyzed/src_004/1606.mid,a56e40d07fdbf358c2e34648bd39034f3b147916b69009d132dc77e6f9beaf74,data/pop1k7_official/Pop1K7/midi_synchronized/src_004/1606.mid,2d8eacdb974d2271e073c42afd81be053e2982ec9448dda5aefe1916d3417c54,eb66a55fdff919e2196613552ef6fc0618376926872f8722de5f05038bab4b62,8,4,music21.key.krumhanslschmuckler,music21.key.aardenessen,same_release_path_plus_note_hash_music21_consensus_v1,53664a7ef3eed4af690568e16a357a2f88698e7f0a05fe854316b884807534da
music21_1607.mid,F,1607,pop1k7:src_004:1607,data/pop1k7_official/Pop1K7/midi_analyzed/src_004/1607.mid,4c9b351a55ecaae51f6ec4f145e4ee5b37c0a7c01a5dbaee6761948c28622100,data/pop1k7_official/Pop1K7/midi_synchronized/src_004/1607.mid,a65b2a01180b1b1308abf82fcb747c77b094fe184f68488eb9f94fc8188ce3e8,d19511b0d3915a1070a0513c1a25e9e1d32b5c9f8d513efdb8799820f8bf2593,5,-5,music21.key.krumhanslschmuckler,music21.key.aardenessen,same_release_path_plus_note_hash_music21_consensus_v1,53664a7ef3eed4af690568e16a357a2f88698e7f0a05fe854316b884807534da
music21_1611.mid,c#,1611,pop1k7:src_004:1611,data/pop1k7_official/Pop1K7/midi_analyzed/src_004/1611.mid,44ecc049bdfc1165743bb387f577aa6416d251f2069668dc4486d10d74d8a85d,data/pop1k7_official/Pop1K7/midi_synchronized/src_004/1611.mid,e9eed860ff1b3b2affb5fa2f1a92cb5a19aa5f5aebfe6a2b0243fa4514303675,a3b0b5f09ea022dd1a376259adb49db611fe1156cd99e1e72cf7a98540daaf1d,4,-4,music21.key.krumhanslschmuckler,music21.key.aardenessen,same_release_path_plus_note_hash_music21_consensus_v1,53664a7ef3eed4af690568e16a357a2f88698e7f0a05fe854316b884807534da
music21_1612.mid,F,1612,pop1k7:src_004:1612,data/pop1k7_official/Pop1K7/midi_analyzed/src_004/1612.mid,7a63e31d24316ec1241f28f231793815b06f12df6e38ca095b8fdf7b33cf2a26,data/pop1k7_official/Pop1K7/midi_synchronized/src_004/1612.mid,bfde5d0aa44cb5d6a9e25c474be9572e1b345a8510136ec6253b1f54cb0ff7fe,d19ec551df5eb8af60d5702ff478c7eb7c61f4122c730f5a2cee4bb5ca45b547,5,-5,music21.key.krumhanslschmuckler,music21.key.aardenessen,same_release_path_plus_note_hash_music21_consensus_v1,53664a7ef3eed4af690568e16a357a2f88698e7f0a05fe854316b884807534da
music21_1613.mid,e,1613,pop1k7:src_004:1613,data/pop1k7_official/Pop1K7/midi_analyzed/src_004/1613.mid,0b5487217b728df2037d512fe1d75777e9908b564ca86031eed3345fdebc2de6,data/pop1k7_official/Pop1K7/midi_synchronized/src_004/1613.mid,5d5f3886cca72d67e0b0c0d9923b9d508e00112056502528e625b8643096d5a7,f565be1885a9f7453718f2de5f65099e077056ba22f0f27d124a0f92dfbeb744,7,5,music21.key.krumhanslschmuckler,music21.key.aardenessen,same_release_path_plus_note_hash_music21_consensus_v1,53664a7ef3eed4af690568e16a357a2f88698e7f0a05fe854316b884807534da
music21_1614.mid,Bb,1614,pop1k7:src_004:1614,data/pop1k7_official/Pop1K7/midi_analyzed/src_004/1614.mid,a6bd8b45ebdb218e6ec165fce19cf19a7d45c1fffffd2e5e318542c9f9efefed,data/pop1k7_official/Pop1K7/midi_synchronized/src_004/1614.mid,56c498ca3cab5ee3347a095fff60879533a577f57d95afd6ffec0bda57e54f15,eeb431f7dbf7e919b1bdb713953524074293ab7fb41c197b1e536a3043743f1f,10,2,music21.key.krumhanslschmuckler,music21.key.aardenessen,same_release_path_plus_note_hash_music21_consensus_v1,53664a7ef3eed4af690568e16a357a2f88698e7f0a05fe854316b884807534da
music21_1615.mid,C,1615,pop1k7:src_004:1615,data/pop1k7_official/Pop1K7/midi_analyzed/src_004/1615.mid,b970bcea3d84f2fd696a43e2b63480c7c8984754bfd55cc2d0d555eb8e2674fd,data/pop1k7_official/Pop1K7/midi_synchronized/src_004/1615.mid,ec50c15491e4f6df0c86c5e83fd8a964967d062559676b24b3f69e25779e7154,c81be80e083700125e9159bd71558538f2d4aaa88214c13c4cf9699d5a44c3b2,0,0,music21.key.krumhanslschmuckler,music21.key.aardenessen,same_release_path_plus_note_hash_music21_consensus_v1,53664a7ef3eed4af690568e16a357a2f88698e7f0a05fe854316b884807534da
music21_1616.mid,F,1616,pop1k7:src_004:1616,data/pop1k7_official/Pop1K7/midi_analyzed/src_004/1616.mid,b496a60283409e1c8fef66a4a6c7be59e4d13215cd70532d5f0ce654fee1f11e,data/pop1k7_official/Pop1K7/midi_synchronized/src_004/1616.mid,da27601aa985e9e21a334c913f4094c18f0301a0ef5c066cca6dcf607fa837a5,e93d43d14a30c69a088a46cae90d12bf7d0d2a46748c3d25096cb82f9c82bdef,5,-5,music21.key.krumhanslschmuckler,music21.key.aardenessen,same_release_path_plus_note_hash_music21_consensus_v1,53664a7ef3eed4af690568e16a357a2f88698e7f0a05fe854316b884807534da
music21_1617.mid,E,1617,pop1k7:src_004:1617,data/pop1k7_official/Pop1K7/midi_analyzed/src_004/1617.mid,16882b3ad70c674255d7c0835607a4f3362d4f363952e7b21f2655b4fa4f3c4b,data/pop1k7_official/Pop1K7/midi_synchronized/src_004/1617.mid,42dbd791dc11c27d7974c3b135b02434cc52f587f6482cd1e02099b10de70f16,b8654e22f6d4e66292f0a042df953672c4b076b750d873d9f108d5bc32fb4c45,4,-4,music21.key.krumhanslschmuckler,music21.key.aardenessen,same_release_path_plus_note_hash_music21_consensus_v1,53664a7ef3eed4af690568e16a357a2f88698e7f0a05fe854316b884807534da
music21_1618.mid,E,1618,pop1k7:src_004:1618,data/pop1k7_official/Pop1K7/midi_analyzed/src_004/1618.mid,3ee5212615a7ce95fbd37ff1cca3cf11bfc6fc3b61d452d7a032c65a06dc3007,data/pop1k7_official/Pop1K7/midi_synchronized/src_004/1618.mid,d32ce7cbf5cce01a51094ca50016816c83f0d5ddbe42b7ebdfbd19cf8bd28d1c,fcfa3cda8fd0e271673f22fea9cf0454ca2d16b38cc8625d949e2e2967cea2eb,4,-4,music21.key.krumhanslschmuckler,music21.key.aardenessen,same_release_path_plus_note_hash_music21_consensus_v1,53664a7ef3eed4af690568e16a357a2f88698e7f0a05fe854316b884807534da
music21_1619.mid,C,1619,pop1k7:src_004:1619,data/pop1k7_official/Pop1K7/midi_analyzed/src_004/1619.mid,0adb061adfa15988cd3b298ab9ae5b9ab84d749bd6a97f9c493dcf0f55cd0f74,data/pop1k7_official/Pop1K7/midi_synchronized/src_004/1619.mid,91e4c304a5d1bdb03022f68a799738f143706cee6fa2ee66c59a7e07de1a4c30,9d450a00f23ff92598bcc1345175f47de58b2ecf807d5b42d9090266adf772ae,0,0,music21.key.krumhanslschmuckler,music21.key.aardenessen,same_release_path_plus_note_hash_music21_consensus_v1,53664a7ef3eed4af690568e16a357a2f88698e7f0a05fe854316b884807534da
music21_1620.mid,b,1620,pop1k7:src_004:1620,data/pop1k7_official/Pop1K7/midi_analyzed/src_004/1620.mid,e15860c628f3baba93138a7e63b2ed112b3681f271b4dd6afe8a055b21941695,data/pop1k7_official/Pop1K7/midi_synchronized/src_004/1620.mid,7cb786b1b7993d1fe99aecb5c5f033cabd663e673397e28ff5fee4fb12fe8cbc,32706c395891fee30ffb6df90e9ba94aa50985c12fbc1a5980530ee9248e73be,2,-2,music21.key.krumhanslschmuckler,music21.key.aardenessen,same_release_path_plus_note_hash_music21_consensus_v1,53664a7ef3eed4af690568e16a357a2f88698e7f0a05fe854316b884807534da
music21_1622.mid,C,1622,pop1k7:src_004:1622,data/pop1k7_official/Pop1K7/midi_analyzed/src_004/1622.mid,276ff624a908fb0385679b28884abb98a3247faeb5cfe79baae9f734e869b3fd,data/pop1k7_official/Pop1K7/midi_synchronized/src_004/1622.mid,c1cce1c2a42655cd57629990b1c2fd578d4060c29e4c9d1b882616f5d497ba16,ace58b409fe65092532fffc3b65c272244d86c274bd2b3143b1aa342eab887d4,0,0,music21.key.krumhanslschmuckler,music21.key.aardenessen,same_release_path_plus_note_hash_music21_consensus_v1,53664a7ef3eed4af690568e16a357a2f88698e7f0a05fe854316b884807534da
music21_1623.mid,A,1623,pop1k7:src_004:1623,data/pop1k7_official/Pop1K7/midi_analyzed/src_004/1623.mid,20a93cf09c2a1e61666a83462ec0024f295749c91342f1e406fa212c5c42656f,data/pop1k7_official/Pop1K7/midi_synchronized/src_004/1623.mid,9af5652ae5684447b6852bd4ad8508e427d0413f6e5a3d7ec4f87d576398d5fc,bda8b2f30e9370717bf26374b3a0d1d8c05e500c10e78d1756ba867f49399a29,9,3,music21.key.krumhanslschmuckler,music21.key.aardenessen,same_release_path_plus_note_hash_music21_consensus_v1,53664a7ef3eed4af690568e16a357a2f88698e7f0a05fe854316b884807534da
music21_1624.mid,C,1624,pop1k7:src_004:1624,data/pop1k7_official/Pop1K7/midi_analyzed/src_004/1624.mid,f0820f0675d08e79c54d37db2a6667e3b5bf5ecf5336ec40836490643ccac545,data/pop1k7_official/Pop1K7/midi_synchronized/src_004/1624.mid,bb61e20b09bdde5579e5ce70db8e0835bbecdf2a213ecc5962ce1115363bb733,a24529230053b4299f103fd8a6fabc5657b09c2135cc110ba1f24d7fd3805eea,0,0,music21.key.krumhanslschmuckler,music21.key.aardenessen,same_release_path_plus_note_hash_music21_consensus_v1,53664a7ef3eed4af690568e16a357a2f88698e7f0a05fe854316b884807534da
music21_1627.mid,D,1627,pop1k7:src_004:1627,data/pop1k7_official/Pop1K7/midi_analyzed/src_004/1627.mid,ad915e72c162db1d26a6800ec3354069ab7dcfa0b14cb6cb8a2ff73a6f37e2ce,data/pop1k7_official/Pop1K7/midi_synchronized/src_004/1627.mid,b4c1c0a46906003e4ab015e1691aca640be54885c8466d59af05aebbb7086c10,0987c8549cd53fff92d8dd97479bfa9e35db72a1e015d5cc8a93ae1118aec526,2,-2,music21.key.krumhanslschmuckler,music21.key.aardenessen,same_release_path_plus_note_hash_music21_consensus_v1,53664a7ef3eed4af690568e16a357a2f88698e7f0a05fe854316b884807534da
music21_1628.mid,Eb,1628,pop1k7:src_004:1628,data/pop1k7_official/Pop1K7/midi_analyzed/src_004/1628.mid,d4410535832fcda957270856a5859afaaa1018561b9821063db79cdcaa3d4314,data/pop1k7_official/Pop1K7/midi_synchronized/src_004/1628.mid,343a92e8246e8994e37730d60f8219a694d0b45cd00ee3c4a0984d329de247d4,2b00335796d150cc3050a507336fcf3541dce39635f112ed22c2b8ce908fdf26,3,-3,music21.key.krumhanslschmuckler,music21.key.aardenessen,same_release_path_plus_note_hash_music21_consensus_v1,53664a7ef3eed4af690568e16a357a2f88698e7f0a05fe854316b884807534da
music21_1630.mid,E,1630,pop1k7:src_004:1630,data/pop1k7_official/Pop1K7/midi_analyzed/src_004/1630.mid,70e9629429f39b4853ebbf39aa3143c0a76a0609a066ebcdd6ba81c05324aaac,data/pop1k7_official/Pop1K7/midi_synchronized/src_004/1630.mid,612032d9f90c1fe9a46cb36f616fabab15986958e37771cef43335d2d5becabd,3784a780d0acf9d3a89fca556007f53c7d42aca148b13c8e75e17ea862d7398d,4,-4,music21.key.krumhanslschmuckler,music21.key.aardenessen,same_release_path_plus_note_hash_music21_consensus_v1,53664a7ef3eed4af690568e16a357a2f88698e7f0a05fe854316b884807534da
music21_1631.mid,B,1631,pop1k7:src_004:1631,data/pop1k7_official/Pop1K7/midi_analyzed/src_004/1631.mid,a196603a14d90cdac1aeb136120d6367253ee4d80768e5227c9e3e4e1428a3b3,data/pop1k7_official/Pop1K7/midi_synchronized/src_004/1631.mid,ce2e49f3ce9184af50640b278b1309c7daec77e4317636a1f9741439936aa0d6,82bc469196aa3d42022af6fc565952c21b051b171a5224bd733d05f73a6313b1,11,1,music21.key.krumhanslschmuckler,music21.key.aardenessen,same_release_path_plus_note_hash_music21_consensus_v1,53664a7ef3eed4af690568e16a357a2f88698e7f0a05fe854316b884807534da
music21_1632.mid,C,1632,pop1k7:src_004:1632,data/pop1k7_official/Pop1K7/midi_analyzed/src_004/1632.mid,1c3c7fe3470a0b83001559e3fb1f0df0182200d7a547ba572849635b63cfb1ea,data/pop1k7_official/Pop1K7/midi_synchronized/src_004/1632.mid,37f2b095f4334203ed99e81555e4ba56351fc2bf2f1bc535a231d3186f24b54a,476a54fb8e7c9bf905cc5af58a64eac1b9b139e06e419715721c6e2961eb3c6a,0,0,music21.key.krumhanslschmuckler,music21.key.aardenessen,same_release_path_plus_note_hash_music21_consensus_v1,53664a7ef3eed4af690568e16a357a2f88698e7f0a05fe854316b884807534da
music21_1634.mid,D,1634,pop1k7:src_004:1634,data/pop1k7_official/Pop1K7/midi_analyzed/src_004/1634.mid,098b9250106a330a2eb991098dc8336d679b63d35369cd1dc6e4c56b40019ba9,data/pop1k7_official/Pop1K7/midi_synchronized/src_004/1634.mid,e838916f01a7247d18410bb4c2726343bc171b825d236f7f579fd32fee08dad5,95cd4ca2175ad3a39087ca1d0c7fd1ef5cc223446d8a2a38db68f58302e3d991,2,-2,music21.key.krumhanslschmuckler,music21.key.aardenessen,same_release_path_plus_note_hash_music21_consensus_v1,53664a7ef3eed4af690568e16a357a2f88698e7f0a05fe854316b884807534da
music21_1635.mid,F,1635,pop1k7:src_004:1635,data/pop1k7_official/Pop1K7/midi_analyzed/src_004/1635.mid,dc5204a2df3fd833e0bdd023a4eac89a0cd6a367dde05cb0f8b21e7e2db24756,data/pop1k7_official/Pop1K7/midi_synchronized/src_004/1635.mid,0cae95e33026f54f6a8887ca1372b144bb11770654c6df80338330b2b725a7fb,a91b8e97824154308d26cc6f0cd788583cff6432d3f6a01a57563fcee41e06e7,5,-5,music21.key.krumhanslschmuckler,music21.key.aardenessen,same_release_path_plus_note_hash_music21_consensus_v1,53664a7ef3eed4af690568e16a357a2f88698e7f0a05fe854316b884807534da
music21_1636.mid,a,1636,pop1k7:src_004:1636,data/pop1k7_official/Pop1K7/midi_analyzed/src_004/1636.mid,281ddd8228367edb884415e4e9bc155151e1c0eb773c466f91cc216cd7530981,data/pop1k7_official/Pop1K7/midi_synchronized/src_004/1636.mid,8f3752817a885de44486b747bc51c27e7e1698f76fba2cb1bd8716c28715f1ad,14c22a5fcbd92737ce2018a5eda77ce2919879f1295b359df0338c812d6ebb58,0,0,music21.key.krumhanslschmuckler,music21.key.aardenessen,same_release_path_plus_note_hash_music21_consensus_v1,53664a7ef3eed4af690568e16a357a2f88698e7f0a05fe854316b884807534da
music21_1637.mid,Bb,1637,pop1k7:src_004:1637,data/pop1k7_official/Pop1K7/midi_analyzed/src_004/1637.mid,9ab7eed6744b042fb2feeddeb7d0b50ba17ded2419d48d5e844f3b0cf4b0328c,data/pop1k7_official/Pop1K7/midi_synchronized/src_004/1637.mid,b8a944398ee955abcfb830d7ebe435417c5596ca805f3f3672e1416c0792ad2a,4951399ca9a976d8d65821c26b82a9a821ee69bfae2f43896a03d93ed48fb46f,10,2,music21.key.krumhanslschmuckler,music21.key.aardenessen,same_release_path_plus_note_hash_music21_consensus_v1,53664a7ef3eed4af690568e16a357a2f88698e7f0a05fe854316b884807534da
music21_1638.mid,F,1638,pop1k7:src_004:1638,data/pop1k7_official/Pop1K7/midi_analyzed/src_004/1638.mid,367d71505bcde2cdab7847695893f315a01b8223d654e8cc4b3d67e2f3174936,data/pop1k7_official/Pop1K7/midi_synchronized/src_004/1638.mid,219abdbc313cf0849e6a1eb2f9b4da6c90d08bbdee43361fe85eb673651c0384,e8b3bc00ca479d765c1479db796dc0006709c3b66320f37dab0a6eb971b87115,5,-5,music21.key.krumhanslschmuckler,music21.key.aardenessen,same_release_path_plus_note_hash_music21_consensus_v1,53664a7ef3eed4af690568e16a357a2f88698e7f0a05fe854316b884807534da
music21_1639.mid,Bb,1639,pop1k7:src_004:1639,data/pop1k7_official/Pop1K7/midi_analyzed/src_004/1639.mid,f11ca56570ba9076ab3470d3f1a9520d79251672252e88ff166b9afcf44971cb,data/pop1k7_official/Pop1K7/midi_synchronized/src_004/1639.mid,62853c638832a570aab5b004fa82c26a56ae1ff87e331d741941cd2ff8fb919d,6397fa44557d9b526e0c133c5f4211b965f81ac2ed8fa463f2d6aa1954deae50,10,2,music21.key.krumhanslschmuckler,music21.key.aardenessen,same_release_path_plus_note_hash_music21_consensus_v1,53664a7ef3eed4af690568e16a357a2f88698e7f0a05fe854316b884807534da
music21_1640.mid,F#,1640,pop1k7:src_004:1640,data/pop1k7_official/Pop1K7/midi_analyzed/src_004/1640.mid,c29f975b75c3a3ef260d4aa82560aa43c6985e996e7fb5bff481557dedb8675e,data/pop1k7_official/Pop1K7/midi_synchronized/src_004/1640.mid,c6d104e0a191d125d79fe90345c1d98ad90d7f11833b9e634e92f98e5edb45a4,e39381fd84c5344aae4eef9bdf4a81f93cb29c17b3c45ea8ff688e0509b3150a,6,6,music21.key.krumhanslschmuckler,music21.key.aardenessen,same_release_path_plus_note_hash_music21_consensus_v1,53664a7ef3eed4af690568e16a357a2f88698e7f0a05fe854316b884807534da
music21_1641.mid,C,1641,pop1k7:src_004:1641,data/pop1k7_official/Pop1K7/midi_analyzed/src_004/1641.mid,0f4eabaa5e5aee00881b59259b925d72c6bec79164df0d5ac325b08c89f09199,data/pop1k7_official/Pop1K7/midi_synchronized/src_004/1641.mid,aa02ac5367e8face34056fd1b444480308a0ef807833108b86c2d98606bf68d4,f4aa492b6d03f919c05c28b34beea85b1fd3ddddb7a4767adf2f16a559321050,0,0,music21.key.krumhanslschmuckler,music21.key.aardenessen,same_release_path_plus_note_hash_music21_consensus_v1,53664a7ef3eed4af690568e16a357a2f88698e7f0a05fe854316b884807534da
music21_1642.mid,C,1642,pop1k7:src_004:1642,data/pop1k7_official/Pop1K7/midi_analyzed/src_004/1642.mid,47e925250958b76902a5c90029f023da3cefb9d5c28c98e2c138f06782aba8bd,data/pop1k7_official/Pop1K7/midi_synchronized/src_004/1642.mid,553df700cce6f1059508147013dd3893624ac33c3085ad761b7c9bb1d776384c,f3b72dd74d6483e9c2401fb16873120401c3d632dac7e74e50e275ad9d82d13a,0,0,music21.key.krumhanslschmuckler,music21.key.aardenessen,same_release_path_plus_note_hash_music21_consensus_v1,53664a7ef3eed4af690568e16a357a2f88698e7f0a05fe854316b884807534da
music21_1643.mid,e,1643,pop1k7:src_004:1643,data/pop1k7_official/Pop1K7/midi_analyzed/src_004/1643.mid,911af25eeb802b1ab2ded4eb746dc9e70bc6a6c5ce061a2feb070d0915c6243b,data/pop1k7_official/Pop1K7/midi_synchronized/src_004/1643.mid,15c606ce509d9b553687967aae232f018e394218e2ebf8d33d9a2f910a8e06a2,6972340c734f3692eaf87a98f08cb9de9051559621e6442ac98546472df065fa,7,5,music21.key.krumhanslschmuckler,music21.key.aardenessen,same_release_path_plus_note_hash_music21_consensus_v1,53664a7ef3eed4af690568e16a357a2f88698e7f0a05fe854316b884807534da
music21_1644.mid,G,1644,pop1k7:src_004:1644,data/pop1k7_official/Pop1K7/midi_analyzed/src_004/1644.mid,014d82459292083a4057598f58819236eda1e0c7dc61d811cc4d9a23568234de,data/pop1k7_official/Pop1K7/midi_synchronized/src_004/1644.mid,3d1a2f125e0cf9b27811df24a3e06ae4b19dbba93ae845fb90d5a4098577d5a6,88ca280a6f7010e108bb157719e3753192c0c6c95076c9961547c7bb845bcdaa,7,5,music21.key.krumhanslschmuckler,music21.key.aardenessen,same_release_path_plus_note_hash_music21_consensus_v1,53664a7ef3eed4af690568e16a357a2f88698e7f0a05fe854316b884807534da
music21_1646.mid,C#,1646,pop1k7:src_004:1646,data/pop1k7_official/Pop1K7/midi_analyzed/src_004/1646.mid,ee9047a9d02ba1ceae801ad0cbd850e5ea181e515bc21d6ff2dd83d4b503349a,data/pop1k7_official/Pop1K7/midi_synchronized/src_004/1646.mid,1093b9d8ffc014ff1cdf5c347dc4b18f2e229f438ac0ab653a4a149f8f5421a0,54f15e5ad00a9e613bfa0e1f111ed33da543ea67697a350476aae65cb94e6160,1,-1,music21.key.krumhanslschmuckler,music21.key.aardenessen,same_release_path_plus_note_hash_music21_consensus_v1,53664a7ef3eed4af690568e16a357a2f88698e7f0a05fe854316b884807534da
music21_1647.mid,Eb,1647,pop1k7:src_004:1647,data/pop1k7_official/Pop1K7/midi_analyzed/src_004/1647.mid,a1c9eac1feb5039b9de0235ad17875738613419f8f8a9f5daae8c6ce71d93548,data/pop1k7_official/Pop1K7/midi_synchronized/src_004/1647.mid,0258f68d8e23b22eb5dbc2921016919d4ddac6c8bd9b264c75a5aec38411005d,55a4b754278fdfa921bfd5eaabb0f5de85599a522e73bd2899768ca7aed6fa0a,3,-3,music21.key.krumhanslschmuckler,music21.key.aardenessen,same_release_path_plus_note_hash_music21_consensus_v1,53664a7ef3eed4af690568e16a357a2f88698e7f0a05fe854316b884807534da
music21_1650.mid,Ab,1650,pop1k7:src_004:1650,data/pop1k7_official/Pop1K7/midi_analyzed/src_004/1650.mid,0e5ab779445cc8b5e7c7aacb0a9ae3d6e0e55f467ca39342611cb44f2b006d6e,data/pop1k7_official/Pop1K7/midi_synchronized/src_004/1650.mid,f46ea83d797e0c4fca2af262ffc112b282a5dff5cf8ed2cc06ed85ab0919b13a,b3c8886d568f3a83f24b6aadbef969e34beb72729fdfcfa520727c5e77e58531,8,4,music21.key.krumhanslschmuckler,music21.key.aardenessen,same_release_path_plus_note_hash_music21_consensus_v1,53664a7ef3eed4af690568e16a357a2f88698e7f0a05fe854316b884807534da
music21_1655.mid,Eb,1655,pop1k7:src_004:1655,data/pop1k7_official/Pop1K7/midi_analyzed/src_004/1655.mid,bdbe4c683a1b3ecf638c23c3d7750b382339b3e404821998119a02b92eed5faa,data/pop1k7_official/Pop1K7/midi_synchronized/src_004/1655.mid,183f10492a361b352d6cb2e8415bcccabcf5a027c94e1321a1674867c6b24fb5,07bcd037efabceea3900992aa515e215f99d11f6443605dc50c375f78641737f,3,-3,music21.key.krumhanslschmuckler,music21.key.aardenessen,same_release_path_plus_note_hash_music21_consensus_v1,53664a7ef3eed4af690568e16a357a2f88698e7f0a05fe854316b884807534da
music21_1656.mid,f,1656,pop1k7:src_004:1656,data/pop1k7_official/Pop1K7/midi_analyzed/src_004/1656.mid,9c29c181337ecdbb5695ed5ec1b232ec3c3f8bb7728924e89b1d2b6511db1ea1,data/pop1k7_official/Pop1K7/midi_synchronized/src_004/1656.mid,d6a060e311ebb7187b23c86c6db82de03fdf66998a4299d5f73e67a207c1429c,686e5d436801766334aebbfd2ca2c15a26dcc892fa79b389e015cb62f898d92f,8,4,music21.key.krumhanslschmuckler,music21.key.aardenessen,same_release_path_plus_note_hash_music21_consensus_v1,53664a7ef3eed4af690568e16a357a2f88698e7f0a05fe854316b884807534da
music21_1657.mid,B,1657,pop1k7:src_004:1657,data/pop1k7_official/Pop1K7/midi_analyzed/src_004/1657.mid,500a9e100411ba93b2921bd4201d948c3b69f5e78d00db6934b3e3e13bf5031b,data/pop1k7_official/Pop1K7/midi_synchronized/src_004/1657.mid,ac55d1546045d4c9d13ea1b001f9ff2c7b618a98e8f568377cc355c682e94849,91f06a26beb3ddc28e8242c29a3ffa0d9f98aef98eac5be702f32fccbdee747d,11,1,music21.key.krumhanslschmuckler,music21.key.aardenessen,same_release_path_plus_note_hash_music21_consensus_v1,53664a7ef3eed4af690568e16a357a2f88698e7f0a05fe854316b884807534da
music21_1658.mid,F#,1658,pop1k7:src_004:1658,data/pop1k7_official/Pop1K7/midi_analyzed/src_004/1658.mid,32d6205eea1958f0b0c4f82a7383039a3609d078f6cbebb738626fd57e998d6b,data/pop1k7_official/Pop1K7/midi_synchronized/src_004/1658.mid,d832eb71af0e1d08153a1de2ccfe3cea3de40f4afa1bb2bd7e82098ac4ee28e0,6efd9a5b1848d2f028492d8d915dd2a36f5b15e300cd6bed81b9cd7aea530c50,6,6,music21.key.krumhanslschmuckler,music21.key.aardenessen,same_release_path_plus_note_hash_music21_consensus_v1,53664a7ef3eed4af690568e16a357a2f88698e7f0a05fe854316b884807534da
music21_1659.mid,C,1659,pop1k7:src_004:1659,data/pop1k7_official/Pop1K7/midi_analyzed/src_004/1659.mid,a9dc6878e30b5c605c8b679a30d875ff26acd7e73f2ed8afaa0beae68ed93032,data/pop1k7_official/Pop1K7/midi_synchronized/src_004/1659.mid,089174747f9da9403cebff0450cd0140d1fb62bc4f03565bde08c7cb5931e88a,7567305f300b53d476423b301ce0061c1a11f8901a0efb7826092bc8bae23399,0,0,music21.key.krumhanslschmuckler,music21.key.aardenessen,same_release_path_plus_note_hash_music21_consensus_v1,53664a7ef3eed4af690568e16a357a2f88698e7f0a05fe854316b884807534da
music21_1660.mid,F,1660,pop1k7:src_004:1660,data/pop1k7_official/Pop1K7/midi_analyzed/src_004/1660.mid,b9beec3e77d1a26dace6adf088a0c86784fb6eb29c6379550eaa3d4515cb706c,data/pop1k7_official/Pop1K7/midi_synchronized/src_004/1660.mid,ffe29d942184fc948ff97d05a67078ad541a606bb285bf1b61993161acfbf069,8237e807b26504c6038947f86398649a73d09bebd9aedc27927e6f8598d01e93,5,-5,music21.key.krumhanslschmuckler,music21.key.aardenessen,same_release_path_plus_note_hash_music21_consensus_v1,53664a7ef3eed4af690568e16a357a2f88698e7f0a05fe854316b884807534da
music21_1661.mid,E,1661,pop1k7:src_004:1661,data/pop1k7_official/Pop1K7/midi_analyzed/src_004/1661.mid,27f5c99d88a0eb5f0cc617d0dd5388acf9706e8704f403e55d52ffa3c7121872,data/pop1k7_official/Pop1K7/midi_synchronized/src_004/1661.mid,f21af84a433c6d37e5021c966e28de0b629a30bc5d686e469469b9ddf0215fbf,f5f21b6474b6daec06453d5bbd32b7577ccef275c00a328bb2d0ff8c4cb6efce,4,-4,music21.key.krumhanslschmuckler,music21.key.aardenessen,same_release_path_plus_note_hash_music21_consensus_v1,53664a7ef3eed4af690568e16a357a2f88698e7f0a05fe854316b884807534da
music21_1662.mid,Ab,1662,pop1k7:src_004:1662,data/pop1k7_official/Pop1K7/midi_analyzed/src_004/1662.mid,a2f76f163005f74f9e5227ec0c0ac0b0c3dc1916f9fae04e5ffe32ed6fab18ba,data/pop1k7_official/Pop1K7/midi_synchronized/src_004/1662.mid,9c890e016f4bb2ef9bc1f2a7c0e87cf6da21b01d0303fee8b38c935cb3c4272a,3a18f4c26dfd8f6da94bcbce67bedc829fac268bb4d5e3fe18cd5a8d28187c0b,8,4,music21.key.krumhanslschmuckler,music21.key.aardenessen,same_release_path_plus_note_hash_music21_consensus_v1,53664a7ef3eed4af690568e16a357a2f88698e7f0a05fe854316b884807534da
music21_1666.mid,B,1666,pop1k7:src_004:1666,data/pop1k7_official/Pop1K7/midi_analyzed/src_004/1666.mid,805685570adf9d3ec74bf5b6ba574cf8176dd3cabf4f4ddc92968fcef56cf06b,data/pop1k7_official/Pop1K7/midi_synchronized/src_004/1666.mid,8f950fe5a3dec8ab7913c7394e06c7c4f79d24d54e49c6d49ea48daca1ff0dce,7e807b32ca395bafbbcbb504147b9013338f4f3be71b9375e0e3bfc64d80da97,11,1,music21.key.krumhanslschmuckler,music21.key.aardenessen,same_release_path_plus_note_hash_music21_consensus_v1,53664a7ef3eed4af690568e16a357a2f88698e7f0a05fe854316b884807534da
music21_1667.mid,a,1667,pop1k7:src_004:1667,data/pop1k7_official/Pop1K7/midi_analyzed/src_004/1667.mid,48688c06abc355df75a0f5b0993a26d09bbf87619e44a570a5a08c81b3026c8b,data/pop1k7_official/Pop1K7/midi_synchronized/src_004/1667.mid,3061232791b9b7cea5dc3d1e85920415db77cb5ad408a9f72e74972cfe05dd63,46f052418ae5fbe57196447ac691a9e6ef108d7aeef07491fd9e2b8c196eef36,0,0,music21.key.krumhanslschmuckler,music21.key.aardenessen,same_release_path_plus_note_hash_music21_consensus_v1,53664a7ef3eed4af690568e16a357a2f88698e7f0a05fe854316b884807534da
music21_1668.mid,G,1668,pop1k7:src_004:1668,data/pop1k7_official/Pop1K7/midi_analyzed/src_004/1668.mid,751c42ee4f30d29fa6f024a7c0f21f263ee7eb7fc4eb842dcd8769bca12ca4aa,data/pop1k7_official/Pop1K7/midi_synchronized/src_004/1668.mid,28f578007710f6284c040ecf612cffe8a36549aea758eb27298eb605baf493d8,98160bfa5776965c01152f5d7adbebe3575b1440c3623ebd95b9cb0745243ce9,7,5,music21.key.krumhanslschmuckler,music21.key.aardenessen,same_release_path_plus_note_hash_music21_consensus_v1,53664a7ef3eed4af690568e16a357a2f88698e7f0a05fe854316b884807534da
music21_1669.mid,Ab,1669,pop1k7:src_004:1669,data/pop1k7_official/Pop1K7/midi_analyzed/src_004/1669.mid,796df34a4302a8e17c1ea88379eaa67bcb67db62cc29126a9ee4efa295049773,data/pop1k7_official/Pop1K7/midi_synchronized/src_004/1669.mid,c9679b73c3d6c6ed1daf1ef3fc4e8427f5c40c0588fbb9c4dd86e56d8da1cf56,20920abb63d7cc56b929931ab68c57489861af2e8fd287f6bec143db14f6897b,8,4,music21.key.krumhanslschmuckler,music21.key.aardenessen,same_release_path_plus_note_hash_music21_consensus_v1,53664a7ef3eed4af690568e16a357a2f88698e7f0a05fe854316b884807534da
music21_1670.mid,C,1670,pop1k7:src_004:1670,data/pop1k7_official/Pop1K7/midi_analyzed/src_004/1670.mid,8afe3e7974a7e72e95642b5ab6f4b1e2758029e2851d47c507e0e3d3769de148,data/pop1k7_official/Pop1K7/midi_synchronized/src_004/1670.mid,be5f5f52ac9c5f4eb5b76523296b1f037412ca08d5eaed264e2f56d0177a822b,602483e0a5a9668ad4770e28f676c3bdd6ad2cfd2e61cca0dca88032f2962f53,0,0,music21.key.krumhanslschmuckler,music21.key.aardenessen,same_release_path_plus_note_hash_music21_consensus_v1,53664a7ef3eed4af690568e16a357a2f88698e7f0a05fe854316b884807534da
music21_1671.mid,C,1671,pop1k7:src_004:1671,data/pop1k7_official/Pop1K7/midi_analyzed/src_004/1671.mid,faadb8dab4535c0b8006a5b0b645ae4253e61e0629b586671352e3185dfa047f,data/pop1k7_official/Pop1K7/midi_synchronized/src_004/1671.mid,abdd90baadef84dc8799741be9b08c2dee3905d49d27a62e0c1d1480b1a40733,f6cb43408d082d44947089ed20251be12140bef838a4faa7c0d33f54bbea566c,0,0,music21.key.krumhanslschmuckler,music21.key.aardenessen,same_release_path_plus_note_hash_music21_consensus_v1,53664a7ef3eed4af690568e16a357a2f88698e7f0a05fe854316b884807534da
music21_1674.mid,G,1674,pop1k7:src_004:1674,data/pop1k7_official/Pop1K7/midi_analyzed/src_004/1674.mid,2b95d0ea7bf761787229096030836e1891429c9384a5c962d7cc8f06ef557e30,data/pop1k7_official/Pop1K7/midi_synchronized/src_004/1674.mid,7e97b5d9d774a1f7edd1ac8d71a22ff1cf5ad9d37f09e706cd55ad12320d0a24,869589d00c099d3fd749f1106a191453fab3f3ad9f2f6bdeca151fb2fab08765,7,5,music21.key.krumhanslschmuckler,music21.key.aardenessen,same_release_path_plus_note_hash_music21_consensus_v1,53664a7ef3eed4af690568e16a357a2f88698e7f0a05fe854316b884807534da
music21_1675.mid,G,1675,pop1k7:src_004:1675,data/pop1k7_official/Pop1K7/midi_analyzed/src_004/1675.mid,1411e9a9fc3efd59d00446d57d12a8cdef51702904e53148eeb7c4ee2db83d49,data/pop1k7_official/Pop1K7/midi_synchronized/src_004/1675.mid,7fd09b4248d852d447f63ac013fb6812bf74c01cefd16da7a53d73f0d71a187f,745e220735776f58a91d82b9fbe2a3b8fa9b9bf2db2fc91bc6b87db921e2f4fa,7,5,music21.key.krumhanslschmuckler,music21.key.aardenessen,same_release_path_plus_note_hash_music21_consensus_v1,53664a7ef3eed4af690568e16a357a2f88698e7f0a05fe854316b884807534da
music21_1676.mid,F,1676,pop1k7:src_004:1676,data/pop1k7_official/Pop1K7/midi_analyzed/src_004/1676.mid,a8caec03d4d8690670ab36a4fbc4d4cfb69d9be27bfd35e3645bcf326df60c9c,data/pop1k7_official/Pop1K7/midi_synchronized/src_004/1676.mid,f70c9b6b422935b795a3078ef3fe7d209c5f74ff1ebbb576ce3f3ed15e1743d5,b765cc853f0d17796cb1b0ee8bcf7a222931449ff6119d31818cf4b930a5c47e,5,-5,music21.key.krumhanslschmuckler,music21.key.aardenessen,same_release_path_plus_note_hash_music21_consensus_v1,53664a7ef3eed4af690568e16a357a2f88698e7f0a05fe854316b884807534da
music21_1677.mid,F,1677,pop1k7:src_004:1677,data/pop1k7_official/Pop1K7/midi_analyzed/src_004/1677.mid,6acdd2ba34a71cb7509dec71b9a0024a86483113807baf2d8003f792ff734d6c,data/pop1k7_official/Pop1K7/midi_synchronized/src_004/1677.mid,c6434bbd4b63392a4c665394ddf5b18b77c5b89dd9a5f6ef8db3e1fa5524c829,17850baee652f57fadbd0170fe7823e1be1f79d542a332f78ac39aea39a18fab,5,-5,music21.key.krumhanslschmuckler,music21.key.aardenessen,same_release_path_plus_note_hash_music21_consensus_v1,53664a7ef3eed4af690568e16a357a2f88698e7f0a05fe854316b884807534da
music21_1679.mid,a,1679,pop1k7:src_004:1679,data/pop1k7_official/Pop1K7/midi_analyzed/src_004/1679.mid,9dd946b66548e4335ccb3132b5696f6c30af4e11d6a6548f0651e4377ba5748d,data/pop1k7_official/Pop1K7/midi_synchronized/src_004/1679.mid,9f4fd32b23d3fbcf0f8cfc51caf36639249cb3aa2a39f7244876df7ac1c4d8c1,bac4c1587fcc331e7f78350068e0e544c60bcd6495399336ab70c93bbc50e52e,0,0,music21.key.krumhanslschmuckler,music21.key.aardenessen,same_release_path_plus_note_hash_music21_consensus_v1,53664a7ef3eed4af690568e16a357a2f88698e7f0a05fe854316b884807534da
music21_1680.mid,E,1680,pop1k7:src_004:1680,data/pop1k7_official/Pop1K7/midi_analyzed/src_004/1680.mid,1f2bfa385efcb592fb8ab464f29d41592001a65d556ab72013377ed8d702f5e7,data/pop1k7_official/Pop1K7/midi_synchronized/src_004/1680.mid,919257cc76c33c00cad60d10b4938368153ffc0e5f57fe05b3baf93083380b1f,c772dd2b9e51f1bac07c964954d1004d9f71173fee124cc3f81b794450cdeb83,4,-4,music21.key.krumhanslschmuckler,music21.key.aardenessen,same_release_path_plus_note_hash_music21_consensus_v1,53664a7ef3eed4af690568e16a357a2f88698e7f0a05fe854316b884807534da
music21_1681.mid,C,1681,pop1k7:src_004:1681,data/pop1k7_official/Pop1K7/midi_analyzed/src_004/1681.mid,5468d0b02846c697a649229c4f27906d999714e65759d88a0979a364e7e7e8e0,data/pop1k7_official/Pop1K7/midi_synchronized/src_004/1681.mid,b92c7ab73c1603ed029abe5198881d735fbb4730ba61501e4084a0806f4f8de3,31b8b0b5a43a6b0e852a8bcc9d85b8effb74e7450548cd90416342ec07190134,0,0,music21.key.krumhanslschmuckler,music21.key.aardenessen,same_release_path_plus_note_hash_music21_consensus_v1,53664a7ef3eed4af690568e16a357a2f88698e7f0a05fe854316b884807534da
music21_1682.mid,G,1682,pop1k7:src_004:1682,data/pop1k7_official/Pop1K7/midi_analyzed/src_004/1682.mid,a929e6a13dc3248b27f42c3337908267546f062c7cf381ecf9e975d0c2467301,data/pop1k7_official/Pop1K7/midi_synchronized/src_004/1682.mid,cb2c09c02ca89ca6bc5dd6da876db66a16031806fc986fa4c720f65fdc073f41,9ff4f859ba81a91d16953472df4f5890291ef6d24702687095cd2de64b5ee081,7,5,music21.key.krumhanslschmuckler,music21.key.aardenessen,same_release_path_plus_note_hash_music21_consensus_v1,53664a7ef3eed4af690568e16a357a2f88698e7f0a05fe854316b884807534da
music21_1683.mid,A,1683,pop1k7:src_004:1683,data/pop1k7_official/Pop1K7/midi_analyzed/src_004/1683.mid,d7e1de00f89d516555efae69ef0f251a00d2258c8384910019d3a2a1f30ca97c,data/pop1k7_official/Pop1K7/midi_synchronized/src_004/1683.mid,ede1a45464793563fae77e163d3dd38d526468fce264e2682153eaac433b7a20,6ed93f0d5599699389508401432c0e264340fccd468f1daceb4275ad371754c3,9,3,music21.key.krumhanslschmuckler,music21.key.aardenessen,same_release_path_plus_note_hash_music21_consensus_v1,53664a7ef3eed4af690568e16a357a2f88698e7f0a05fe854316b884807534da
music21_1684.mid,Ab,1684,pop1k7:src_004:1684,data/pop1k7_official/Pop1K7/midi_analyzed/src_004/1684.mid,f78f66fb4c66d2dca8679498649019f21396033df2cfa17a5a9ea6052c50f411,data/pop1k7_official/Pop1K7/midi_synchronized/src_004/1684.mid,171a5d21ac25ec37fb91f4c877526900b1e20859c79ed879e568a323cff8b1a7,8b9ac7c46cbc4a07f93e98f1891edcfe22998336567f1b2dd45471f0dccb6ad8,8,4,music21.key.krumhanslschmuckler,music21.key.aardenessen,same_release_path_plus_note_hash_music21_consensus_v1,53664a7ef3eed4af690568e16a357a2f88698e7f0a05fe854316b884807534da
music21_1685.mid,G,1685,pop1k7:src_004:1685,data/pop1k7_official/Pop1K7/midi_analyzed/src_004/1685.mid,0716ba49b13e63576437b7d6a5a71f7fd174514f9da86e54b85389479001289a,data/pop1k7_official/Pop1K7/midi_synchronized/src_004/1685.mid,7e2e63fe2e45c609e0fb53aade4b089af6f5863c7ea98badefda1626c32dfc89,ec2e25e13a0b9ff175202207427be3af526a13ab230490639585e57cf78f9e63,7,5,music21.key.krumhanslschmuckler,music21.key.aardenessen,same_release_path_plus_note_hash_music21_consensus_v1,53664a7ef3eed4af690568e16a357a2f88698e7f0a05fe854316b884807534da
music21_1686.mid,C#,1686,pop1k7:src_004:1686,data/pop1k7_official/Pop1K7/midi_analyzed/src_004/1686.mid,890481159e7a64e098ee55e50ca8ac64d1196bca25fa769f65cf89264149817a,data/pop1k7_official/Pop1K7/midi_synchronized/src_004/1686.mid,5308c5ea4facbe4d8b1f68bd21ad2179e8ccd9154559bb730b9ecdf23f868179,a005d48cd4fecb7f65f65107feedec3207af53bff65cd198fb99022d0df7f37d,1,-1,music21.key.krumhanslschmuckler,music21.key.aardenessen,same_release_path_plus_note_hash_music21_consensus_v1,53664a7ef3eed4af690568e16a357a2f88698e7f0a05fe854316b884807534da
music21_1687.mid,Bb,1687,pop1k7:src_004:1687,data/pop1k7_official/Pop1K7/midi_analyzed/src_004/1687.mid,9bc761184cf0bda62ad0715528d1767964da18bb014e61d4d762c16906e2df03,data/pop1k7_official/Pop1K7/midi_synchronized/src_004/1687.mid,8d834e16f07665e37b8dd8925a548f82038b450db555a992e8ba85078ce396f6,329dc750101956071830dc34a42be7f91d7e49c30093d8b0868b256fb5084e3a,10,2,music21.key.krumhanslschmuckler,music21.key.aardenessen,same_release_path_plus_note_hash_music21_consensus_v1,53664a7ef3eed4af690568e16a357a2f88698e7f0a05fe854316b884807534da
music21_1688.mid,C,1688,pop1k7:src_004:1688,data/pop1k7_official/Pop1K7/midi_analyzed/src_004/1688.mid,477c134a3ad2031eb7252051d81162f73c4bde31cc244a157843db96c3fef5fa,data/pop1k7_official/Pop1K7/midi_synchronized/src_004/1688.mid,309b23093ac90435362d43d9928f16546b0e2e5b3117d26fd71fa3ca82c03c0d,ecafee3725b963ed2bf7592ef4a7ee6d6b5023d3f5fc040894774c63c15f9eca,0,0,music21.key.krumhanslschmuckler,music21.key.aardenessen,same_release_path_plus_note_hash_music21_consensus_v1,53664a7ef3eed4af690568e16a357a2f88698e7f0a05fe854316b884807534da
music21_1689.mid,G,1689,pop1k7:src_004:1689,data/pop1k7_official/Pop1K7/midi_analyzed/src_004/1689.mid,635faf48777fb3c9de71fb58aa3cb414ee322f38d99446910853d4eadc684b21,data/pop1k7_official/Pop1K7/midi_synchronized/src_004/1689.mid,fd45f0b029bacf2987566d820708139b032523075ecf51c9a08352bc9bd6abcd,423203856f7bb4eadfb8c70dcfd8e91441f9e15ad8f3d81368bdd924973367c8,7,5,music21.key.krumhanslschmuckler,music21.key.aardenessen,same_release_path_plus_note_hash_music21_consensus_v1,53664a7ef3eed4af690568e16a357a2f88698e7f0a05fe854316b884807534da
music21_1690.mid,B,1690,pop1k7:src_004:1690,data/pop1k7_official/Pop1K7/midi_analyzed/src_004/1690.mid,a43e219464a93bf840ae6f9c4e0c5908086a1070d2fa86f54783b9039afca7b5,data/pop1k7_official/Pop1K7/midi_synchronized/src_004/1690.mid,ad38f668be3a07b9672a4627ad456e7914ddd5c1d0226e42f1749b9f561d571b,b1ee352ee08b90e02ecf7c9f42e9c347b6c17d43beecdca3348e0c4db482a15c,11,1,music21.key.krumhanslschmuckler,music21.key.aardenessen,same_release_path_plus_note_hash_music21_consensus_v1,53664a7ef3eed4af690568e16a357a2f88698e7f0a05fe854316b884807534da
music21_1692.mid,G,1692,pop1k7:src_004:1692,data/pop1k7_official/Pop1K7/midi_analyzed/src_004/1692.mid,f326590dfb73ad422ad220087ed4258f666182ce5a5f6c9fa2cdef29f413b7ef,data/pop1k7_official/Pop1K7/midi_synchronized/src_004/1692.mid,bd468c9ba0465c533e9be1ce479257d00927a2ecd9a11bf71be53a7dfbe26660,8b1392ff73fc00b85481e2c0c32c9da24be4e8d273cb99c336dd27ef9a5075f9,7,5,music21.key.krumhanslschmuckler,music21.key.aardenessen,same_release_path_plus_note_hash_music21_consensus_v1,53664a7ef3eed4af690568e16a357a2f88698e7f0a05fe854316b884807534da
music21_1693.mid,F,1693,pop1k7:src_004:1693,data/pop1k7_official/Pop1K7/midi_analyzed/src_004/1693.mid,57a53de18f9065418f50bb4b699c0147c8a180e109adb7706a1ae9df615a2eb4,data/pop1k7_official/Pop1K7/midi_synchronized/src_004/1693.mid,19b91224ab17901817045ec2a010481f0074487b4a816fe9264fe57835f060e4,9037ff197eb3a4ca0228ecaadf3273ac3810fbd4ce0278239a1a53ed3290f3c4,5,-5,music21.key.krumhanslschmuckler,music21.key.aardenessen,same_release_path_plus_note_hash_music21_consensus_v1,53664a7ef3eed4af690568e16a357a2f88698e7f0a05fe854316b884807534da
music21_1694.mid,D,1694,pop1k7:src_004:1694,data/pop1k7_official/Pop1K7/midi_analyzed/src_004/1694.mid,8bbcc0efabe782c46a27998ec5cb84df7c1b66030fd46c4bc49ec247b956ff64,data/pop1k7_official/Pop1K7/midi_synchronized/src_004/1694.mid,53d0658afb0df9a652401791926aa31f906b38a0b4c8d9f481c81fd5b69b8097,8ce566457ef1494067c80ad3791e28ebd25dd6477b25d21c98d9526921ef4547,2,-2,music21.key.krumhanslschmuckler,music21.key.aardenessen,same_release_path_plus_note_hash_music21_consensus_v1,53664a7ef3eed4af690568e16a357a2f88698e7f0a05fe854316b884807534da
music21_1695.mid,F,1695,pop1k7:src_004:1695,data/pop1k7_official/Pop1K7/midi_analyzed/src_004/1695.mid,6d1543500988d0988ee9bd68d150fcccd05f89962ffc54b12e763dedb3787d42,data/pop1k7_official/Pop1K7/midi_synchronized/src_004/1695.mid,3aac678add4c2a53c903701d8828442f175ad589dfb062b33e2b5ee5a91530ab,008db19fe9c5cb1e857b2d63709a53c95400938749ef23ad1d4c796bbbeac501,5,-5,music21.key.krumhanslschmuckler,music21.key.aardenessen,same_release_path_plus_note_hash_music21_consensus_v1,53664a7ef3eed4af690568e16a357a2f88698e7f0a05fe854316b884807534da
music21_1696.mid,Bb,1696,pop1k7:src_004:1696,data/pop1k7_official/Pop1K7/midi_analyzed/src_004/1696.mid,41e9df59f968443d4de4ae0ada97b8e53f532e7b4c2ae45d342ae79a2da1c45e,data/pop1k7_official/Pop1K7/midi_synchronized/src_004/1696.mid,4987d3c22680f76092afa9f57be6870a2b8089740d92c28f209010c283b6b4c1,c3cf88910dd4b661dd7877fe449f35a27f0d7d9f691da0e7e83f4eeb7407ca07,10,2,music21.key.krumhanslschmuckler,music21.key.aardenessen,same_release_path_plus_note_hash_music21_consensus_v1,53664a7ef3eed4af690568e16a357a2f88698e7f0a05fe854316b884807534da
music21_1697.mid,A,1697,pop1k7:src_004:1697,data/pop1k7_official/Pop1K7/midi_analyzed/src_004/1697.mid,d0bc92a8c95fb151bce5ce4ce3effa80da8b7d313fd5306d3e77a065e0450c95,data/pop1k7_official/Pop1K7/midi_synchronized/src_004/1697.mid,bbfec594cff945e1abf8d2aff720ce9076274dc5dc8d1805b8736d95757bf445,305040892fdbfe3442512c86e6d61e8ca7288832c54e8923c14d39452f9329e8,9,3,music21.key.krumhanslschmuckler,music21.key.aardenessen,same_release_path_plus_note_hash_music21_consensus_v1,53664a7ef3eed4af690568e16a357a2f88698e7f0a05fe854316b884807534da
music21_1698.mid,B,1698,pop1k7:src_004:1698,data/pop1k7_official/Pop1K7/midi_analyzed/src_004/1698.mid,d8044023551f3724782ac2d4daf0a046d03f62699689de3d18c86b81774853b5,data/pop1k7_official/Pop1K7/midi_synchronized/src_004/1698.mid,9fae99d4958c247eaf25c77f876126b953c0ad5767223a63436ad1b45f3472e7,a639ef783e4f758922eb22d8fbd7f7b5d78fc156c15b2bede9b3efe35377b0f6,11,1,music21.key.krumhanslschmuckler,music21.key.aardenessen,same_release_path_plus_note_hash_music21_consensus_v1,53664a7ef3eed4af690568e16a357a2f88698e7f0a05fe854316b884807534da
music21_1699.mid,f#,1699,pop1k7:src_004:1699,data/pop1k7_official/Pop1K7/midi_analyzed/src_004/1699.mid,df6d251b51a9a788da7b1e0dd1699786d57e2066eafc25e66b3ad95150e73f87,data/pop1k7_official/Pop1K7/midi_synchronized/src_004/1699.mid,d4c4ac6f3ae709823e92a1c166eca2aa2b106171964b8d3376f893d734bc4a79,fd030dd112e04c1bf93cfd1f9f6a4999d0c2bb1c22932ba5709c9bd79735b763,9,3,music21.key.krumhanslschmuckler,music21.key.aardenessen,same_release_path_plus_note_hash_music21_consensus_v1,53664a7ef3eed4af690568e16a357a2f88698e7f0a05fe854316b884807534da
music21_1700.mid,F#,1700,pop1k7:src_004:1700,data/pop1k7_official/Pop1K7/midi_analyzed/src_004/1700.mid,ab0e3e08940bd760625e54f407578c1126814a61ed1168ddb9487ec34a0965fd,data/pop1k7_official/Pop1K7/midi_synchronized/src_004/1700.mid,44b96abe7bdaee82bb17206d10fd2295f8bc4ec66004debbe2f8d70e7476a8d8,4afe89eb192932f035ae0493900fb103b49ff7565dd9130f5bf9d7eab4493f8a,6,6,music21.key.krumhanslschmuckler,music21.key.aardenessen,same_release_path_plus_note_hash_music21_consensus_v1,53664a7ef3eed4af690568e16a357a2f88698e7f0a05fe854316b884807534da
music21_1701.mid,B,1701,pop1k7:src_004:1701,data/pop1k7_official/Pop1K7/midi_analyzed/src_004/1701.mid,d4b09e956cf925e71c143a2f6fe56215f034bd2d96360d5614126870b5cc433f,data/pop1k7_official/Pop1K7/midi_synchronized/src_004/1701.mid,f89b440490efaba374b8ab03b929a6df356c279d72ba115612dd93e475f8651c,5e9afdae6c805e06b5a5582897c4a8e14d88c150938d9ac794222df6b82ce03e,11,1,music21.key.krumhanslschmuckler,music21.key.aardenessen,same_release_path_plus_note_hash_music21_consensus_v1,53664a7ef3eed4af690568e16a357a2f88698e7f0a05fe854316b884807534da
music21_1705.mid,D,1705,pop1k7:src_004:1705,data/pop1k7_official/Pop1K7/midi_analyzed/src_004/1705.mid,c79b3193f97259da115bf4643e4b56264d1194369b826f8c26c342f04c335162,data/pop1k7_official/Pop1K7/midi_synchronized/src_004/1705.mid,b79dbc2b61dfb0a263fcc990923f60204656c76da637985c3859a9ff553d83d7,c8767faf8d080c86bf2fab567f1ce5fd77a89e0ab27d462886097c3c73842d81,2,-2,music21.key.krumhanslschmuckler,music21.key.aardenessen,same_release_path_plus_note_hash_music21_consensus_v1,53664a7ef3eed4af690568e16a357a2f88698e7f0a05fe854316b884807534da
music21_1706.mid,D,1706,pop1k7:src_004:1706,data/pop1k7_official/Pop1K7/midi_analyzed/src_004/1706.mid,8870d16f8ec2645dcc6c0ac2c3478d3c1ddb281c17a58198eb70f5353195e1a3,data/pop1k7_official/Pop1K7/midi_synchronized/src_004/1706.mid,1f61d74211e428c3d88b6b64e65a23274858b777583099940c97248fc5eee69a,24b5bd21fc19cb7a1ff3aab79190081038c365d82ec03ff8faf105456a943b1a,2,-2,music21.key.krumhanslschmuckler,music21.key.aardenessen,same_release_path_plus_note_hash_music21_consensus_v1,53664a7ef3eed4af690568e16a357a2f88698e7f0a05fe854316b884807534da
music21_1709.mid,Eb,1709,pop1k7:src_004:1709,data/pop1k7_official/Pop1K7/midi_analyzed/src_004/1709.mid,1315a58b915b4906d143e67d4f9a94d886f4d218724df77ba26b66fd0a3c39b2,data/pop1k7_official/Pop1K7/midi_synchronized/src_004/1709.mid,a7800093e9313fcb1154fb988d12eab5af43bbb6e135a67ac6858a39689341d4,01155a727a5e93b5e41b850f50aa51c538a9694154300908cd7c49c67dd0281c,3,-3,music21.key.krumhanslschmuckler,music21.key.aardenessen,same_release_path_plus_note_hash_music21_consensus_v1,53664a7ef3eed4af690568e16a357a2f88698e7f0a05fe854316b884807534da
music21_1710.mid,C#,1710,pop1k7:src_004:1710,data/pop1k7_official/Pop1K7/midi_analyzed/src_004/1710.mid,b7c1551122e72c76418e4a1661195398eba216546613af68bdfe266643388d21,data/pop1k7_official/Pop1K7/midi_synchronized/src_004/1710.mid,1da1c4303e596a4a658d5bc759a33ca864d231ae4aae242883dc2311e6931d3b,dcc333b6b1bd123a8ca7fe71b56f7c7ffa8aeda894c7196b24ff3c1f6d2cec8a,1,-1,music21.key.krumhanslschmuckler,music21.key.aardenessen,same_release_path_plus_note_hash_music21_consensus_v1,53664a7ef3eed4af690568e16a357a2f88698e7f0a05fe854316b884807534da
music21_1711.mid,a,1711,pop1k7:src_004:1711,data/pop1k7_official/Pop1K7/midi_analyzed/src_004/1711.mid,39da7fe5db971c698dc3b90f54e41639808d4e6d5101b01237492242c7dc03f7,data/pop1k7_official/Pop1K7/midi_synchronized/src_004/1711.mid,daea56d3ead2e26cc1bdb827de0773052578a32853c26bbc948506a464afb037,bcbe2a64b5f1c1ded69389770dbead43cc75efbcba9182746c4646ddf6d47bf7,0,0,music21.key.krumhanslschmuckler,music21.key.aardenessen,same_release_path_plus_note_hash_music21_consensus_v1,53664a7ef3eed4af690568e16a357a2f88698e7f0a05fe854316b884807534da
music21_1712.mid,a,1712,pop1k7:src_004:1712,data/pop1k7_official/Pop1K7/midi_analyzed/src_004/1712.mid,0609c94024361f3c59ea9902230d21ec86855a6404b0c61df9ee1d9c5ae4e324,data/pop1k7_official/Pop1K7/midi_synchronized/src_004/1712.mid,b0b233c5cd57ab22ce31a525445cdb8ee90e36d42193550bb89e093aafbafa65,0427cf0c8616809481365588d88baeca4441a43cee0308416d2e443ecdfe84d1,0,0,music21.key.krumhanslschmuckler,music21.key.aardenessen,same_release_path_plus_note_hash_music21_consensus_v1,53664a7ef3eed4af690568e16a357a2f88698e7f0a05fe854316b884807534da
music21_1714.mid,d,1714,pop1k7:src_004:1714,data/pop1k7_official/Pop1K7/midi_analyzed/src_004/1714.mid,9cc6945d234e0751e6370d2e0ac768c1d2f67f5b30278a163b534684d0eb17e8,data/pop1k7_official/Pop1K7/midi_synchronized/src_004/1714.mid,2ec341b1058422bf59068091a23496711355f586b1c1832132bc422fddc36613,3ecf592466f3d4f42cac7073842cff4eb6868eac36f38b50f661fd69588dac64,5,-5,music21.key.krumhanslschmuckler,music21.key.aardenessen,same_release_path_plus_note_hash_music21_consensus_v1,53664a7ef3eed4af690568e16a357a2f88698e7f0a05fe854316b884807534da
music21_1716.mid,d,1716,pop1k7:src_004:1716,data/pop1k7_official/Pop1K7/midi_analyzed/src_004/1716.mid,51e833d5aa59f635dfb3e4f28cdc611d09363ab98b131dfbf4fb0eefc93886cc,data/pop1k7_official/Pop1K7/midi_synchronized/src_004/1716.mid,10c51e8dee9d54a410d7ada290299299829f86354fc1877b8f4bb54d24e09f32,e1235ed78b31783f061e9777f8e58ef7b1e5d00c517711763ca0db3efed283b6,5,-5,music21.key.krumhanslschmuckler,music21.key.aardenessen,same_release_path_plus_note_hash_music21_consensus_v1,53664a7ef3eed4af690568e16a357a2f88698e7f0a05fe854316b884807534da
music21_1717.mid,Eb,1717,pop1k7:src_004:1717,data/pop1k7_official/Pop1K7/midi_analyzed/src_004/1717.mid,5d3714a82c9ac7c605c6638672783ea419386960ed4dcd28e5def3dd05d3110e,data/pop1k7_official/Pop1K7/midi_synchronized/src_004/1717.mid,23b12afa626cb664c57e673d7c54180454e376b1bd113a86a9c2d181ced83f65,c9174a0c819333b4d2885d0256c87214f9c42b15e20598d8e6cf3b2f60028a44,3,-3,music21.key.krumhanslschmuckler,music21.key.aardenessen,same_release_path_plus_note_hash_music21_consensus_v1,53664a7ef3eed4af690568e16a357a2f88698e7f0a05fe854316b884807534da
music21_1718.mid,A,1718,pop1k7:src_004:1718,data/pop1k7_official/Pop1K7/midi_analyzed/src_004/1718.mid,fad989e319cc44170b134501f7c386127fd10188dd606679044c547ca62c21a4,data/pop1k7_official/Pop1K7/midi_synchronized/src_004/1718.mid,25469b9acee54d53e731bd9fcfa4117eac55675d25777ca24f483b97011feee6,03a693d0bd1a241a5555a2fec1c6575ba9e366a055d237b31c1ff14c005f06fb,9,3,music21.key.krumhanslschmuckler,music21.key.aardenessen,same_release_path_plus_note_hash_music21_consensus_v1,53664a7ef3eed4af690568e16a357a2f88698e7f0a05fe854316b884807534da
music21_1719.mid,D,1719,pop1k7:src_004:1719,data/pop1k7_official/Pop1K7/midi_analyzed/src_004/1719.mid,0e5966b52bef5f5021933bc81e6555754a4b6b4a7b4815821684742b211eb96a,data/pop1k7_official/Pop1K7/midi_synchronized/src_004/1719.mid,776cfbd42b96eb347c9b0086386b99763cc22645f377a0b12a244b452c2f6e6e,c5fb1d7f044d3deaea64503796e9dc0ef23c764ad1bd7833e49648b954088ee2,2,-2,music21.key.krumhanslschmuckler,music21.key.aardenessen,same_release_path_plus_note_hash_music21_consensus_v1,53664a7ef3eed4af690568e16a357a2f88698e7f0a05fe854316b884807534da
music21_1721.mid,f#,1721,pop1k7:src_004:1721,data/pop1k7_official/Pop1K7/midi_analyzed/src_004/1721.mid,ead60a1a242c6bce6dd885204b4ee8a9c489bddcbd61e7824bd008120db909fe,data/pop1k7_official/Pop1K7/midi_synchronized/src_004/1721.mid,8df6762e527a5899d332396975e449bf39cc2489e728affdb626f757f001e3ae,9d618977525cf2f10b6ba757f99005a70273004a26ae87aa1894edfd980187db,9,3,music21.key.krumhanslschmuckler,music21.key.aardenessen,same_release_path_plus_note_hash_music21_consensus_v1,53664a7ef3eed4af690568e16a357a2f88698e7f0a05fe854316b884807534da
music21_1722.mid,E,1722,pop1k7:src_004:1722,data/pop1k7_official/Pop1K7/midi_analyzed/src_004/1722.mid,94491ba1b47fd6c5cb3675d6c91139dd2791f1135021b7aeb108ac273541863c,data/pop1k7_official/Pop1K7/midi_synchronized/src_004/1722.mid,26273db62aa208ff45f95c70020e445bb70c8f8cbcc2a3a5699df4f57f3dfd86,081fd5b70de57af714b519da0ad76beeafae5e7791565693828ee56e7dfe05fb,4,-4,music21.key.krumhanslschmuckler,music21.key.aardenessen,same_release_path_plus_note_hash_music21_consensus_v1,53664a7ef3eed4af690568e16a357a2f88698e7f0a05fe854316b884807534da
music21_1723.mid,A,1723,pop1k7:src_004:1723,data/pop1k7_official/Pop1K7/midi_analyzed/src_004/1723.mid,1fc70ea30b8a494dcd28a988fa595b114e79d210df72019ae6f0344c3f0a69dd,data/pop1k7_official/Pop1K7/midi_synchronized/src_004/1723.mid,216081822392b8793c2ee7d80e91f636a3640933e1956c88720429d9405f634f,e385763c615eeef3cdb53d4728ad6c89429c94e18b3430ee2a3abeeb92075697,9,3,music21.key.krumhanslschmuckler,music21.key.aardenessen,same_release_path_plus_note_hash_music21_consensus_v1,53664a7ef3eed4af690568e16a357a2f88698e7f0a05fe854316b884807534da
music21_1724.mid,Bb,1724,pop1k7:src_004:1724,data/pop1k7_official/Pop1K7/midi_analyzed/src_004/1724.mid,6fc30b359b46fca6cb671103147fc3b8ca0b64c9a003a7611b5d4d75c69ddc73,data/pop1k7_official/Pop1K7/midi_synchronized/src_004/1724.mid,51d0e17bc032f6013353d675a09d5b90c5953a050a3de05bdc6c7e4b0677252a,21c865f7ea0e0fec712cfca0fd18cb779df9d5468c320993c687ed065d8dd758,10,2,music21.key.krumhanslschmuckler,music21.key.aardenessen,same_release_path_plus_note_hash_music21_consensus_v1,53664a7ef3eed4af690568e16a357a2f88698e7f0a05fe854316b884807534da
music21_1725.mid,A,1725,pop1k7:src_004:1725,data/pop1k7_official/Pop1K7/midi_analyzed/src_004/1725.mid,1f07714e8c493a49520d22028003a616a6e4b15947f006c452881d16059a3db6,data/pop1k7_official/Pop1K7/midi_synchronized/src_004/1725.mid,16372154ecc2be49c60ab2f49eb0d0cb80abc7ebd230bed964d27be0dda9beb7,d65f2c25eceb51f32bd57e9151158f0ed9c5c706ea6e42ab15659937e8fbb95f,9,3,music21.key.krumhanslschmuckler,music21.key.aardenessen,same_release_path_plus_note_hash_music21_consensus_v1,53664a7ef3eed4af690568e16a357a2f88698e7f0a05fe854316b884807534da
music21_1727.mid,F,1727,pop1k7:src_004:1727,data/pop1k7_official/Pop1K7/midi_analyzed/src_004/1727.mid,9f11ec0cf8974f353defa5c847babb6ced8cfb53ee7b53b227f59af36540f013,data/pop1k7_official/Pop1K7/midi_synchronized/src_004/1727.mid,3f3196c139883824852757e88034dcb3a028d7ea2e5459991d66e574d8e5b8da,858970c4e12e397f7d06d7e3c8e20c929fe811454080545ebd944792b192ca81,5,-5,music21.key.krumhanslschmuckler,music21.key.aardenessen,same_release_path_plus_note_hash_music21_consensus_v1,53664a7ef3eed4af690568e16a357a2f88698e7f0a05fe854316b884807534da
music21_1729.mid,g,1729,pop1k7:src_004:1729,data/pop1k7_official/Pop1K7/midi_analyzed/src_004/1729.mid,9d7fd1befe10a2d97e419e01e8da7145888b5491b750129c6f88cec16b1b7841,data/pop1k7_official/Pop1K7/midi_synchronized/src_004/1729.mid,ad424f97e2b493be38e7978a6e18cf3c65969fb6e641c2e771e234dafbe171b5,6f852b5f3088ffda703849910a904c0caab1d4bc414155bae27022d638046cf2,10,2,music21.key.krumhanslschmuckler,music21.key.aardenessen,same_release_path_plus_note_hash_music21_consensus_v1,53664a7ef3eed4af690568e16a357a2f88698e7f0a05fe854316b884807534da
music21_1730.mid,F,1730,pop1k7:src_004:1730,data/pop1k7_official/Pop1K7/midi_analyzed/src_004/1730.mid,eeab907f1a47deb45bd085d188e525e8ae758d9164446c95cf5d5f51b6bd117c,data/pop1k7_official/Pop1K7/midi_synchronized/src_004/1730.mid,651f541096378a11172cd22b4953bee0322ec67a1925b0aee865c719d70d7dd7,ebf05f6620c5bb6844a60bfd54ee2202b9d8cfff0ba0e267578caf60650e524a,5,-5,music21.key.krumhanslschmuckler,music21.key.aardenessen,same_release_path_plus_note_hash_music21_consensus_v1,53664a7ef3eed4af690568e16a357a2f88698e7f0a05fe854316b884807534da
music21_1731.mid,B,1731,pop1k7:src_004:1731,data/pop1k7_official/Pop1K7/midi_analyzed/src_004/1731.mid,d2d9e045bc206aaf27a7a15e8c959885ab523e034822b12c12b49bae9d930897,data/pop1k7_official/Pop1K7/midi_synchronized/src_004/1731.mid,8051ed09fdb1325a11984bb670e1d7c4800bef121f44907c9dfabbdb470dbb4e,cc0cf80ba29d8a840d2a2de72c7445548a0604234a35c110bc283d2fd1d3bd52,11,1,music21.key.krumhanslschmuckler,music21.key.aardenessen,same_release_path_plus_note_hash_music21_consensus_v1,53664a7ef3eed4af690568e16a357a2f88698e7f0a05fe854316b884807534da
music21_1732.mid,C,1732,pop1k7:src_004:1732,data/pop1k7_official/Pop1K7/midi_analyzed/src_004/1732.mid,f22777b4861ca6de2108cb20787df078139a304488c7afad76f2bf0bb6371d38,data/pop1k7_official/Pop1K7/midi_synchronized/src_004/1732.mid,c8726aa3238fb9e7f5169d4f7f4fb7504ee26cca4ad5457a67792157163769e6,562c09de58f65ac14335d3edf8b64427c428ffa440fffe1d17cc35407374e162,0,0,music21.key.krumhanslschmuckler,music21.key.aardenessen,same_release_path_plus_note_hash_music21_consensus_v1,53664a7ef3eed4af690568e16a357a2f88698e7f0a05fe854316b884807534da
music21_1736.mid,Bb,1736,pop1k7:src_004:1736,data/pop1k7_official/Pop1K7/midi_analyzed/src_004/1736.mid,7701acceff1617f9f6959bd0eb3da7fd3bff51ca3c44b92a39a1fcf4f28c7342,data/pop1k7_official/Pop1K7/midi_synchronized/src_004/1736.mid,99a00efcb83ea8817bb847fe2ec5f1216cefd2f04264ebe1029afed0e9e3e440,739ec8f7fda57249b03ec9b65a3a6fc5d42f7f75b6bd4fa9086f8967b7055546,10,2,music21.key.krumhanslschmuckler,music21.key.aardenessen,same_release_path_plus_note_hash_music21_consensus_v1,53664a7ef3eed4af690568e16a357a2f88698e7f0a05fe854316b884807534da
music21_1737.mid,F,1737,pop1k7:src_004:1737,data/pop1k7_official/Pop1K7/midi_analyzed/src_004/1737.mid,c4728e07eef17c0bd8aaf5286fac47ae3ba48ab2cfd363050653cc5ca7593638,data/pop1k7_official/Pop1K7/midi_synchronized/src_004/1737.mid,a879266a8525b086f624462802b47151b6aa64df9dfc603d0ccd2c8546a88cee,b3f9b501cdb86c85cdd911cb60673140ad05e9c29643c1b446e630319ddb70ac,5,-5,music21.key.krumhanslschmuckler,music21.key.aardenessen,same_release_path_plus_note_hash_music21_consensus_v1,53664a7ef3eed4af690568e16a357a2f88698e7f0a05fe854316b884807534da
music21_1738.mid,F,1738,pop1k7:src_004:1738,data/pop1k7_official/Pop1K7/midi_analyzed/src_004/1738.mid,2730e75f82248087caf4adea471253ab721f4a3b24f1d4a436f220ec2dc162e0,data/pop1k7_official/Pop1K7/midi_synchronized/src_004/1738.mid,8078043cc328d32b79c6bc778a4541fad27fe283f20b6bffa79ff76cf6dde348,316bf7451c168319eb5fbb1b38d141707a2270147cd69b3e057123807c8a3a27,5,-5,music21.key.krumhanslschmuckler,music21.key.aardenessen,same_release_path_plus_note_hash_music21_consensus_v1,53664a7ef3eed4af690568e16a357a2f88698e7f0a05fe854316b884807534da
music21_1739.mid,E,1739,pop1k7:src_004:1739,data/pop1k7_official/Pop1K7/midi_analyzed/src_004/1739.mid,c047a15cad994f6704547292dacd29e238852a533417d951d8ebeb7c6e96a4bf,data/pop1k7_official/Pop1K7/midi_synchronized/src_004/1739.mid,8ab92f8fa1f764178e35ed7417ddc9f1db57bac818c9789c45254459804d5219,46bac547ead8ccb8fb975489659188c24a5e0423a9bce6c0113fc9c6d7e87e12,4,-4,music21.key.krumhanslschmuckler,music21.key.aardenessen,same_release_path_plus_note_hash_music21_consensus_v1,53664a7ef3eed4af690568e16a357a2f88698e7f0a05fe854316b884807534da
music21_1740.mid,C,1740,pop1k7:src_004:1740,data/pop1k7_official/Pop1K7/midi_analyzed/src_004/1740.mid,e228c734995b1b396f3c16ce9e01ec06f3c2e085dca3a231c41f54cb4163b1ae,data/pop1k7_official/Pop1K7/midi_synchronized/src_004/1740.mid,bd417c606c53aa2bcd1c9c025964ae670f8cfb62f5895ff2d0425d029d920e03,9f0da706a3bad84b565b79dd556fd65aa4212bc708b0314f10e6431b489e42dc,0,0,music21.key.krumhanslschmuckler,music21.key.aardenessen,same_release_path_plus_note_hash_music21_consensus_v1,53664a7ef3eed4af690568e16a357a2f88698e7f0a05fe854316b884807534da
music21_1742.mid,E,1742,pop1k7:src_004:1742,data/pop1k7_official/Pop1K7/midi_analyzed/src_004/1742.mid,6413bb27440631fbdcf8c0b7bbe90ecbca0959a93fb0e6caad28cd690298260f,data/pop1k7_official/Pop1K7/midi_synchronized/src_004/1742.mid,f2d94252aad66ae8969cd499668d400da8e5da4a29306c153b00462d60fd40b5,87cde60c382097c5e4ca00d691383dd281586ba8cf67fa17558049061b00509b,4,-4,music21.key.krumhanslschmuckler,music21.key.aardenessen,same_release_path_plus_note_hash_music21_consensus_v1,53664a7ef3eed4af690568e16a357a2f88698e7f0a05fe854316b884807534da
music21_1743.mid,f#,1743,pop1k7:src_004:1743,data/pop1k7_official/Pop1K7/midi_analyzed/src_004/1743.mid,563c7e5361c41158aabe3900ae269500c911e945aedea8c7a2833e87c7c6517f,data/pop1k7_official/Pop1K7/midi_synchronized/src_004/1743.mid,2ce5d572a41bb0db56756eca5f46d2060c4f5acccd5397b7233560be3f375a33,08fa173970d258cc9d856c3cc26f012f77525b0d54f40a1824148b192aa1b2bf,9,3,music21.key.krumhanslschmuckler,music21.key.aardenessen,same_release_path_plus_note_hash_music21_consensus_v1,53664a7ef3eed4af690568e16a357a2f88698e7f0a05fe854316b884807534da
music21_1744.mid,Bb,1744,pop1k7:src_004:1744,data/pop1k7_official/Pop1K7/midi_analyzed/src_004/1744.mid,128f7308d06be5bd155940d52eec14fb00be5741703aa4fdf6e22a8eb69e773d,data/pop1k7_official/Pop1K7/midi_synchronized/src_004/1744.mid,64722280f85d8c80716270c6824baf7b8e4bca3e4dc9f371b17b6abef0c70605,cb4fca8e97fcd51658437fd89133ab2610b45f444f10f1e6b5f9c223d80020f0,10,2,music21.key.krumhanslschmuckler,music21.key.aardenessen,same_release_path_plus_note_hash_music21_consensus_v1,53664a7ef3eed4af690568e16a357a2f88698e7f0a05fe854316b884807534da
music21_1745.mid,F,1745,pop1k7:src_004:1745,data/pop1k7_official/Pop1K7/midi_analyzed/src_004/1745.mid,88c91f364ec89241c4dbdf628385c207fa9480e5b703ac073f6b276713269f32,data/pop1k7_official/Pop1K7/midi_synchronized/src_004/1745.mid,f9732cca20993be8a7c3e7de917786129ef70675fb289bc6e6071772de4c5796,3a40862be98ab1336c1afdd198ba653fbacb287a8306a78b997f9c6b45988156,5,-5,music21.key.krumhanslschmuckler,music21.key.aardenessen,same_release_path_plus_note_hash_music21_consensus_v1,53664a7ef3eed4af690568e16a357a2f88698e7f0a05fe854316b884807534da
music21_1746.mid,G,1746,pop1k7:src_004:1746,data/pop1k7_official/Pop1K7/midi_analyzed/src_004/1746.mid,2c0bc86a8dd005ba64396b15cc653a1b440d98340b79983afa72b71a04abe699,data/pop1k7_official/Pop1K7/midi_synchronized/src_004/1746.mid,b69c3573e08d8813922a501f6c5f0867a77928a40f96940f367de616676cc3b5,7416a49e5802726022edb4e0a60945f65f55ecfbd516113a0813e96978a17513,7,5,music21.key.krumhanslschmuckler,music21.key.aardenessen,same_release_path_plus_note_hash_music21_consensus_v1,53664a7ef3eed4af690568e16a357a2f88698e7f0a05fe854316b884807534da
