song_id,content_sha256,analyzer_1_key,analyzer_2_key,agreement,confidence,accepted,canonical_shift,split
pop1k7:src_001:0,2efb4731628ba1da2e8f4452c9e1f6c76bf94c5f3eca85c435db8ee8e6da5157,A,A,True,0.06061396222448889,True,3,train
pop1k7:src_001:1,a010070dda8c51ade517527562fc32fa2e776968c4f03a910500221f37f3e899,C,C,True,0.03140696400237186,False,0,train
pop1k7:src_001:2,ddcf18ead68690f21ed292d5f32b894bee5f64db130f080256243cc258da5422,e,e,True,0.0686336557745324,True,5,validation
pop1k7:src_001:3,9617b8a3c96dfe944fc69fe70ebd87b528aa0811afa73cbbe800c1037997a206,D,D,True,0.19094676961804147,True,-2,test
pop1k7:src_001:4,893f4d70c71c2efe881e7edfb1eebfc79933874108844439d35037493cd56dee,F#,F#,True,0.02665650838134892,False,6,validation
pop1k7:src_001:5,5df8b7a0c38d6e53934da3363a42a1e72f9d4abc086fd4c34549c706fb34e411,Eb,Eb,True,0.13936304173103642,True,-3,test
pop1k7:src_001:6,b01a0f48971342fd3de338e308a26fff01648466c1ac5c3f3eab16b3313bfc59,E,e,False,0.0003128183588622102,False,,train
pop1k7:src_001:7,ca903441a5c54e171950aba0a31eb80b08afd7238ea87a275945d65cba88bdfe,c,c,True,0.13414434805401498,True,-3,train
pop1k7:src_001:8,4606cdb6637828ed7038757d1f3c5fef1983eddb3f9381b8912091b0254e42b7,c,c,True,0.1117911286370128,True,-3,validation
pop1k7:src_001:9,a78ea6682f07f7fa73d85a5662cbb4144fbe4fd04935be610e4aa530515cb9fa,D,D,True,0.04930211249793903,False,-2,train
pop1k7:src_001:10,f13b37a0fce995ae0da213a3b904a3d59b6560c80e337701848f99888557c40c,f#,f#,True,0.26107683514629787,True,3,train
pop1k7:src_001:11,32324361f7ac254126aef9f96c027a70ec61ed46667fc2f25566897d21adae97,c,c,True,0.004399280245600767,False,-3,validation
pop1k7:src_001:12,328e7a21a41e45ecb232f2f08502b8783ef6723610ee01d956e813073eee2011,d,d,True,0.18757853273838598,True,-5,train
pop1k7:src_001:13,b1e008b9511defd7782ad8a33cc721f2e2dd7596e5189c4cc4d129d518dc33c1,C#,C#,True,0.18996999863087738,True,-1,train
pop1k7:src_001:14,553b7c3276fc0a0f46ae64338f4515f031368f53c66e9c8bcc1091dfc14c2797,C,C,True,0.06695987989929153,True,0,train
pop1k7:src_001:15,3213b3c86d56186230c449ad53319efa37dcdefc5ebc11ead87d21a06d2fde7c,Eb,Ab,False,0.020756902379333697,False,,train
pop1k7:src_001:16,fc1e3ee2d0fd85d110ea84534648761840c131ac41456ffcb7d3db9dea59da89,Eb,Eb,True,0.10592939249724831,True,-3,validation
pop1k7:src_001:17,6fd9e05f97538af6f6df54a0a8684cf77cb40667e666601b9e1bd794bd0c16ab,E,E,True,0.14896073611053007,True,-4,train
pop1k7:src_001:18,2c4403f488b6db54752de8fbd5715971f2ba3a903c491d51906a3f7f0c9fe12b,C#,C#,True,0.11011474031594437,True,-1,train
pop1k7:src_001:19,c07f6764586c8a729970bda417eacb3a97fd84daf3618bbdb5e7ef2ab46f58eb,A,e,False,0.008056697742146235,False,,test
pop1k7:src_001:20,3d9e10d9265e94967b40281d1edcbc18916f582cdb693ed7f0e806f053bb1bb2,F,f,False,0.057269364107710996,False,,validation
pop1k7:src_001:21,937559f5bbf0f65e8b02e3260b5a2e6eaa4b338bc81c62ae8b1d059bc9b44465,g,g,True,0.18028443272218553,True,2,test
pop1k7:src_001:22,87575ec955697c01577db82b0eafdf27ef697746e6618a4835912bc68327c230,Eb,Eb,True,0.018106131091023436,False,-3,train
pop1k7:src_001:23,f3015537fd3da85c048106f264c59ffcba84793f375e69ca175b7ebbbb84b74e,D,D,True,0.010202645857465886,False,-2,train
pop1k7:src_001:24,14643d301b7957115548baaf0d1a49f5d9985dba04ed368716f8243c7b0f9d39,bb,F#,False,0.09154416447689717,False,,test
pop1k7:src_001:25,28ff055ae460196956090596c49ef76582633ad478f448aba5e3393942bddc67,Ab,Ab,True,0.06957483995583635,True,4,test
pop1k7:src_001:26,664a42f67defe8d3077a92c62bc426255628f3170be07907f4f8f12938529bf6,Eb,Eb,True,0.18977491069637542,True,-3,train
pop1k7:src_001:27,f88af4a5558cb741cbff409fb78a17af399f7f453e9e109601d46c97955071a8,D,D,True,0.15061943547728807,True,-2,train
pop1k7:src_001:28,f494cbdbcc24ebe42dadaecb9380b770a77bc1be41e09b06c43efbf34d5d39aa,Ab,f,True,0.0017231480234847218,False,4,train
pop1k7:src_001:29,05146fc1a58bff031fc2134d71b880fdcbcb73c11b928244c565340b2ff4893f,D,D,True,0.08554612012971041,True,-2,train
pop1k7:src_001:30,cfc800169c27a95a9493a7cb303a5770856e36fe963878722c65286bbb0e0727,Eb,Eb,True,0.22815078237438835,True,-3,validation
pop1k7:src_001:31,d008c024d296298f3f230aad9605d81b4f50eea54d168c85c046167b083c3183,bb,bb,True,0.21283140069667694,True,-1,train
pop1k7:src_001:32,0ca0b6d75545b90b83df63d0143e76f12503ebee71a1d2d786a3b588f42061c1,G,G,True,0.04025347963250281,False,5,validation
pop1k7:src_001:33,aed5c6a99d6f644393178f35b76b80934ea1b4b160db5eedbdbdc0dba37c9399,e,C,False,0.009549181682098395,False,,train
pop1k7:src_001:34,32518896d281a0886bdb9faa62e194a62e0aaaf712342e66b28b05d197474ed0,ab,ab,True,0.16737143534834154,True,1,train
pop1k7:src_001:35,40e402e2896320198df0866f270ce9d81f7e8e2552dcd355a32ea23dc7878098,F,Bb,False,0.07378503460838648,False,,test
pop1k7:src_001:36,7bb9a37316f8e05014bbf8d45d7668631b54c829bd0e9ca2aea49a62ccce2fec,c#,c#,True,0.06710702370615829,True,-4,train
pop1k7:src_001:37,cc2eeed77b288fa9cd2d9222f0a3d088c97e9a5a68592b54cebb388ae2ad35ca,E,E,True,0.1786442159253685,True,-4,test
pop1k7:src_001:38,53bac8d359cc1a7147fb81c60fe160717e12543d6d965fbfb1c50b08d33f39c8,f#,D,False,0.02649138825650621,False,,validation
pop1k7:src_001:39,c545f339c24533bd9645bc581fabf4d73c83342b97327f410129d14f5b4925e7,A,A,True,0.21070017946833308,True,3,train
pop1k7:src_001:40,5040b0ebb91387528a06697b97f23011448d83d3cf62bee911342cdb266b4fb2,F,Bb,False,0.027108444473288418,False,,train
pop1k7:src_001:41,244bcf2fe3a4acf1dce3aa8b7426d78c19a84b83187cd34ab0acb485d30b9abf,c,c,True,0.06025059062235316,True,-3,train
pop1k7:src_001:42,689285a55cd712fd7ca83b79b9bd840f466157b501e5bb2d86952a3d31f820bc,B,ab,True,0.0386132345531669,False,1,train
pop1k7:src_001:43,8b4d1beb54380fb9a81586800bc5c27f90cea1e8aff16400cc1f27bc1a851dc9,F,F,True,0.21995007502730624,True,-5,train
pop1k7:src_001:44,a7055e59d83391fabd78efe1d2780c00e8b80c1fd38f8c353af841ef7c7e3505,g,g,True,0.13983040637304123,True,2,train
pop1k7:src_001:45,830abbf7ae23d406ca1f6b7f315d586e733974f95477549a3efc36283a02aacc,Ab,Ab,True,0.26246163852677784,True,4,train
pop1k7:src_001:46,8e0e51bfc3e08ee38ff776766f9a711feae437dc20b478092a7f4b315bc226cf,A,A,True,0.2343949118844657,True,3,train
pop1k7:src_001:47,a934778c97bfe188d5ce38a046a0483250d63a163d3c2e21759db23ded39131a,C#,C#,True,0.11699414466730418,True,-1,train
pop1k7:src_001:48,96023b35f9d52c7460a4fb57f6b9a09c0917f2693d99b7ffc0d4900a13c0d871,Eb,Eb,True,0.1821344118160868,True,-3,validation
pop1k7:src_001:49,b13c14625992b2db7fa6420e9fb2af945427b1c391caf532054e3b02c7cff921,G,G,True,0.17688573512334937,True,5,train
pop1k7:src_001:50,3e36226d832f094816e2f5aee579fc1e1aaa23574d6b580cfc7ed5a456379045,C#,c#,False,0.015627059667317256,False,,train
pop1k7:src_001:51,d9327f26028b90ba508df1b234d8128062a2758e965dd2e07b614f039768402d,ab,ab,True,0.08872133004074623,True,1,train
pop1k7:src_001:52,5f5db77f1c73f9c5026994b114f03900cb8c57a52318b73b519059cc0fcac985,Eb,Eb,True,0.012558435862967565,False,-3,train
pop1k7:src_001:53,880fa2c6fdee7c54c5ce80da31ad01848e91bd86b6989b4e29aebd43b1c14511,c#,c#,True,0.06566665025347629,True,-4,validation
pop1k7:src_001:54,59682dfacdddd773696b229497c77f895a181e29b1eb73a7c82d7ac7ad0c73fe,Eb,Eb,True,0.10857388117110789,True,-3,train
pop1k7:src_001:55,6cd32f2f2e468fd8e6c5a0809c5010a6e03001175b1854585516424e4a446359,d,g,False,0.10533183382830846,False,,train
pop1k7:src_001:56,627608e2d17eef1a35e76951b4c8ad8ce539a717238ca34dede8da6c4778e720,F#,F#,True,0.14510349432318914,True,6,train
pop1k7:src_001:57,81846dcb2c8ddb06e05caf8bbaa485bcd42919c926d2cbf1938e24436b726f54,G,G,True,0.031365548157721634,False,5,train
pop1k7:src_001:58,cc53546b84ef72994e270f85290a4d916a3e6d07cc7ce7259920115a6c0ecd1b,A,A,True,0.11574858994965143,True,3,test
pop1k7:src_001:59,931ac5e166d9a9761803cf492c1b0c5469fa48ca9553867cad5b76e6594f9971,Ab,Ab,True,0.06037743852530675,True,4,train
pop1k7:src_001:60,8251e6e1f915f9924b74a6273b95989cd8284c20bfa0e68e1ca2e31d420c754d,C,C,True,0.19042216626358044,True,0,test
pop1k7:src_001:61,848a0a58cb55ea93b771aaae87198acd6a93acd17f31fee76ec4072570a9fd39,c,c,True,0.17528229972902543,True,-3,train
pop1k7:src_001:62,fb5c996680db0d27ab9c1990470ee96797b70960cdeef71a5d322c7ddd1e6a20,C,C,True,0.22941831448505978,True,0,train
pop1k7:src_001:63,245bb2004a5c9cae2c4529b840d93bfad8f72714931e2a3a11c4933fc1afc629,e,e,True,0.07241903122261162,True,5,test
pop1k7:src_001:64,25c64f126f309818ea211a0a97ed533851085958e749b2e6f41a287f3e9991b0,A,A,True,0.07057939690739512,True,3,train
pop1k7:src_001:65,93849cacdf315f0cf1ba3fdcfacd6e3945e207f1ce6dc1a7e59fe8bfe8a2f2ba,F,F,True,0.12569479733925426,True,-5,test
pop1k7:src_001:66,8e4a74796c7f196a3cc70fab1d3c7034adfd57693d318049b585c1870ae90bc4,e,e,True,0.2662944249135697,True,5,train
pop1k7:src_001:67,c8c4da339fdf894721bd95ca5bd6f7196c0a8b9dcb19d4413869d7f996d6d733,Bb,Bb,True,0.028506337682586036,False,2,train
pop1k7:src_001:68,1bf63aee9b5c5e9f4222f6ec0bba23e6f9c1abb8f55319eaaafaf53010273741,C,a,True,0.16739609119204402,True,0,train
pop1k7:src_001:69,ca44508404b5514a4c030b6c8bc9ad8483263ca9b73ab620e18eeb469748289d,d,g,False,0.10595139588503633,False,,train
pop1k7:src_001:70,3e275628a1fca542e78e21e6bfe9f02ddc216c798c0c561672dbbc8364b92c79,c#,c#,True,0.1770728062157324,True,-4,train
pop1k7:src_001:71,3913509e00d9d4018c0ef58d986153e0123a16dab6e651e9b12c670db46edb61,A,A,True,0.012728944150472543,False,3,train
pop1k7:src_001:72,ebafe4a4f557f55ac8ee74665742d35ff17d88bf87bbf2d9cbfc7141ae3cf630,C#,C#,True,0.25336928978514206,True,-1,train
pop1k7:src_001:73,3c8e3f21bc892f4e77b84d44c6cdd03ecd94b863eaabe0f99dfd14c18400ea45,b,b,True,0.10821186168659613,True,-2,train
pop1k7:src_001:74,19344067f0418adc43eeffc97855d877da6f9fd24a52ecb0b6adc16ee34a2a75,ab,ab,True,0.005173527983725501,False,1,train
pop1k7:src_001:75,6644957fa3a88b5bedab4e9db652bca99cb753a8a440e15031fc8d8b50ef3236,ab,ab,True,0.0676477933794356,True,1,test
pop1k7:src_001:76,bce1c7174e15fca9e5b087cd346df7e85dc1fc0baccaa907d94ed74dfd14f18c,B,B,True,0.20142230158070817,True,1,train
pop1k7:src_001:77,8340f0eba6dbcc445e823844daafde85c08c99939fa2224671729d071bbb6658,g,c,False,0.07435290229427938,False,,test
pop1k7:src_001:78,c68903cea380cd3473b5073f3fbd8c4ef8c9a6e15b9ea671866b61f3e0d6e3be,Eb,bb,False,0.017602820530044916,False,,validation
pop1k7:src_001:79,4d8c73adcc4cc0ed03951b8e5fe584fb9a4cda47fa61cc2171521f9c01f26bd2,E,E,True,0.0937248275265844,True,-4,test
pop1k7:src_001:80,81b4c1f6bf7e97c9e055cca38e9d64c8479103c089c31481dcefa81f09ff3b8d,G,G,True,0.1578041833723206,True,5,train
pop1k7:src_001:81,6e18036afa5eb89ee8adf8c460740b79281b23224649d0fe02edc346cac06ba5,c#,c#,True,0.20585711941567564,True,-4,test
pop1k7:src_001:82,5f5e8c9773c893f6e4e14a656dba13c863471dcad01c84b36631ab2584c456b2,A,A,True,0.04859682540274446,False,3,train
pop1k7:src_001:83,9bd31458522061aaf5a0479397d28b591999cc230f72e236eec70b52886bfe67,Eb,Eb,True,0.1985422735198784,True,-3,test
pop1k7:src_001:84,5761f24023a889dcd57489235b6ac371be67ee103ad22ea870b29472a56b127b,b,b,True,0.23998228293079815,True,-2,validation
pop1k7:src_001:85,6d3c4b671c6c28755791b28b6a09b0a6f5f61a1e4fd8064be5fbaf1410930fa3,B,B,True,0.25086217362003627,True,1,train
pop1k7:src_001:86,93d2753697991050cd2b25ddfac5b75a8ed9feaa753e1608cce6ff2d20faca72,b,b,True,0.039733318063103984,False,-2,train
pop1k7:src_001:87,9cebfee550d848c52db8797368cd30909fd7ef887e5d31e4f3eff67c547160b9,g,g,True,0.30782758419688727,True,2,train
pop1k7:src_001:88,8c8dd7bd9902c3c64d8aa09988031ef401ca413da25dcc8321fe3386c9bc24d1,f,f,True,0.10874408599268248,True,4,train
pop1k7:src_001:89,b4cbe133e17b447d9add9925a991b33a13fb6f92528aedbe925c77b27c83bb7b,e,e,True,0.12343056253764473,True,5,train
pop1k7:src_001:90,11f019b6de12c1ef7c91084e4c8c50692068c725839f18db026677ca75d444e0,b,e,False,0.11822430295131592,False,,train
pop1k7:src_001:91,acb149bb0f2e2ac5cf7915522b6e0b1e435743bbd8328ea98972d96afb4ad7b5,Ab,Ab,True,0.21380669785177053,True,4,train
pop1k7:src_001:92,6371c5a3d7151c5013a3532222eeb5f20c18471b239d30c02f0d6064c81d0c48,c,c,True,0.15866062131827385,True,-3,train
pop1k7:src_001:93,675dc711d43ce1ab4e376b6e61c6b47a082e1ecb0c97bb083ba0441272c6cdf7,b,b,True,0.08586830858964545,True,-2,train
pop1k7:src_001:94,a344ecb3f7411beb660fef1f33d196355174e7a9ad2071af1b63e42f39a36cba,e,e,True,0.07658614276790643,True,5,test
pop1k7:src_001:95,b7060728797f09b03177b412bb5d9bf0f32cd40e8c9d28e4392f984f0460cde7,ab,c#,False,0.07152172260068279,False,,train
pop1k7:src_001:96,3efafe6ee8c6517a36f840f4594c2dccc096459a346ddad69905835eaf62bba2,A,A,True,0.0180002047350738,False,3,test
pop1k7:src_001:97,b4291d30e077a48a39e3f10abc73867dc8f74544582927364465e2a2ffb20d5b,b,b,True,0.16415350063661815,True,-2,validation
pop1k7:src_001:98,1e64c25912cc9ae7df111da2faa07b622024dab40d154348ecb17804b35433ed,C,C,True,0.07571566047073142,True,0,test
pop1k7:src_001:99,6c1162df0569762f764b2fa3d62f4b92e71f9941f013f545d723d99d8fd1db71,g,g,True,0.15569689306038692,True,2,train
pop1k7:src_001:100,501028c8e7f4f944c96e515063f41e3fe5ac484452aa3d7759b115abdef66f85,Eb,Eb,True,0.0827213545737675,True,-3,validation
pop1k7:src_001:101,c4d95ba122c66484357c06b3eaf83513861059eed8ada4aeaea7095443318bbc,C,C,True,0.11323040406959162,True,0,train
pop1k7:src_001:102,e2ba6a92bc6d2e60fea96f853c934063508079124c29d559c2336c31a7f64cf9,C,C,True,0.1536841076192308,True,0,test
pop1k7:src_001:103,0c9e0026190836120b164c94a8a512794ef22866725554f88b1f04a18fe83342,F#,F#,True,0.19953457254282703,True,6,test
pop1k7:src_001:104,1bef996a9303f76b633649de067eb00a9215d531b398c78135ad6ade26e714e0,f,f,True,0.1812273084993995,True,4,train
pop1k7:src_001:105,3afb84c5f8bd12242aef8d7546def17d7efc35312608563c2763eb01b3edb115,e,e,True,0.16516683007406296,True,5,train
pop1k7:src_001:106,b4d96bae72c66668cf0174ceb14e327902a78cfc290651f0bab82db322e1ccf2,C#,F#,False,0.047212041714177366,False,,train
pop1k7:src_001:107,51306aa0c7602d53369d8207a033d13508eacf2e9e4ff8278e8501d49f9f4e30,C,C,True,0.1809908340866473,True,0,train
pop1k7:src_001:108,dfe43756ed6cb762948881a26f7e02c264c6133c6adf2180a9f33c59141b9c56,B,B,True,0.21539364589183252,True,1,train
pop1k7:src_001:109,7490d250805d6fa5d7664a91728ba735f9b08a6034238ca5822ba3124eb4b447,e,e,True,0.22286975436766265,True,5,train
pop1k7:src_001:110,cb62b0b957d437321d6384cae9c096ed6f0b9630eb81fea0e887ce1526d9845b,C,F,False,0.13272652456785772,False,,train
pop1k7:src_002:111,2db119071659b8bbd5faf11b5e61135db0495090fa930ddcbe8c9ed0b4681ba7,g,g,True,0.20444344449690632,True,2,validation
pop1k7:src_002:112,6cda9ed4535c3e822d11672e924a2bcdd61e8c8b59734f1b915684dbc31255d5,F,Bb,False,0.0832111514398991,False,,train
pop1k7:src_002:113,53b464dd860a6282965fdf60e7799abbe484bf36de7e53ce84b883c9f84c23bc,e,e,True,0.13385902739174382,True,5,train
pop1k7:src_002:114,b91364cab1291abd27d0cc2debd802795b7ae34a9bf9c56bef3b5f18acb6d157,e,e,True,0.317393805066182,True,5,train
pop1k7:src_002:115,a1f7e6faa8f7e747f71f36f8c2dbe7461037e835660bd4b93ba8f1bc77ba9a33,f#,f#,True,0.1659269863124454,True,3,test
pop1k7:src_002:116,12f8eef0a6d8e783f2a86fbad69dd615ec9d6c02c3c74e2e43c40577df239bb1,E,E,True,0.20703835400332804,True,-4,train
pop1k7:src_002:117,c0c5601d41b8d3a985c8269f4d13bcccd5974d1a229e90bebedfffc76269a5a6,C#,C#,True,0.09606749927318159,True,-1,train
pop1k7:src_002:118,852fb3d1912cbf253c839d064e6bfd4574a0079872a313fde560ed8c3301d351,A,A,True,0.1887005834952542,True,3,validation
pop1k7:src_002:119,2dfd88a6bbd04e649417ae27322288fd8d64c0f34cb203654686a1c7e5225254,E,E,True,0.21421515863062657,True,-4,train
pop1k7:src_002:120,631178d2b5a680c7cf554a831b834b51e22f949063094f8598412fa6783d1da3,d,d,True,0.13161551381343006,True,-5,train
pop1k7:src_002:121,99b5bcaa3de6a05d2240a763c1b2cb923e3db04f887e3b35d5e5c936a8f958c3,C#,C#,True,0.12421488892873744,True,-1,train
pop1k7:src_002:122,ed46d5946224ff012ddf6b257e8a8126b34994042d1c1715e37acfc3eafc12bd,C#,C#,True,0.09721663079918119,True,-1,validation
pop1k7:src_002:123,68085c45cb2a14f8dfe868da4fbad5ad1ca312bbbace8a8bce0a09a16ad3274e,c#,c#,True,0.06710677252939246,True,-4,train
pop1k7:src_002:124,b93efc78f879df3d90b8f53ea8f39b18bed37333deeca056def30bb6e88b7748,e,e,True,0.1522353940712714,True,5,test
pop1k7:src_002:125,d4100b3718c7c42781b16a587cca5c311f72bc2dd1e43e81998d3f41b6106bc2,Ab,Ab,True,0.05419812953008296,True,4,train
pop1k7:src_002:126,9185e368c9087a5571d1afb400bee1d791ff2ef83e50ed6c07b77b59d975760c,D,D,True,0.19670009835262958,True,-2,validation
pop1k7:src_002:127,752ade74bf9f4c5b9b0ff22941fea42eb80d9b2b3711dae1829521b2c2ca68e0,Eb,Ab,False,0.04652912712183033,False,,train
pop1k7:src_002:128,10f6e87679977f896a2becf63d450dfa820e454ca5e7d6a81579c618417b9fcb,B,B,True,0.12725625690207187,True,1,train
pop1k7:src_002:129,9bae90e6a4e3292d9cadb4f3aef9aa87344e60d9473f41173e2fdeba92a561b9,G,c,False,0.010831343158508533,False,,train
pop1k7:src_002:130,b44c903d7cbe82f066054a3853c6d44f203cfc94ba97c57a49845cd770981748,c#,c#,True,0.0499592840375217,False,-4,train
pop1k7:src_002:131,88b79b89cb47b1313f5f77a4d9d0bdf389b4a90ef986a921fc6517adb53a2559,C#,C#,True,0.16950769662635268,True,-1,train
pop1k7:src_002:132,f631663f509b9bf6e897bae1e882517fb6db3de7192eba4985681e8ac5aa0776,Eb,Eb,True,0.22584949082377226,True,-3,train
pop1k7:src_002:133,0ed162865f6a7e53ce701a224ae4e32b37b1558dccacdc7c173c75e268a7595b,C#,C#,True,0.15136716386284255,True,-1,train
pop1k7:src_002:134,6977f66fe633a2ff835099e1f966940679df1fe344cc7f2436856a7ce534ae7b,Eb,Eb,True,0.2223157312013786,True,-3,validation
pop1k7:src_002:135,cb7bc0726839b00286e72aeddf08b4df619b2e6377424f07aa72b430699ab9a0,c#,f#,False,0.0022079523864477757,False,,train
pop1k7:src_002:136,508fe0e332cdf262a7d40f582137e512d450b5168e85fd4c670d59f2b3f4f6d2,ab,ab,True,0.07213180735154989,True,1,train
pop1k7:src_002:137,513cee1aa6d657e68ee5fffe6e26ac1fb5599b65802f9280caa29b1e997a195b,Eb,Eb,True,0.1412945331010127,True,-3,train
pop1k7:src_002:138,2a2462cb01795268e1f9af55d593a2f6a7170fc1957c4d0355f68b643ec87d20,F,F,True,0.05334179567600794,True,-5,train
pop1k7:src_002:139,2a8cb70c71402446fec86309275d29fb223ca6e0c0ab60d473d4a1d867bd88bc,D,D,True,0.20891874867556826,True,-2,train
pop1k7:src_002:140,f6d31f84160f523de471d1ceb75910e5a9e1e9c9d64e2f61299ad372e636c6f0,d,d,True,0.15008079598752755,True,-5,train
pop1k7:src_002:141,dea80eec3e0171a37e02fc69bcc3e5df9f9c4a6de684bba9808f040de8320abf,d,g,False,0.07304185990583922,False,,train
pop1k7:src_002:142,e77a7b349e9a21d4cfbdc332aba568397580a39724a6e8fe0801d70a55ebf843,F,F,True,0.153331203551071,True,-5,train
pop1k7:src_002:143,99731f19a72ca7780f193c3550148e26ec11137efa83feaf8240b1375d38d8e5,f,f,True,0.184109015544072,True,4,train
pop1k7:src_002:144,148d806b8ae5f3fbac42f2e4e4d2706d127353375cf7094967941b4c3302f1b4,f,f,True,0.15085283328143495,True,4,test
pop1k7:src_002:145,20d7a7b25b7553a66b0d59f0b1b238d0fa96f8434663dcfa5d74fe3ed201a60e,D,D,True,0.13110822860225657,True,-2,validation
pop1k7:src_002:146,285021aecd736a60c7dabdb6fbf3831e49659bbb47bb9953a6c04d82627931e0,c#,c#,True,0.18942882274053174,True,-4,train
pop1k7:src_002:147,ce7446a833103f3a0696de7aaaa2ff32736dbfec1f55f809395713b11a42bc46,Ab,Ab,True,0.2563590917312808,True,4,validation
pop1k7:src_002:148,70113e1a706257f1b030d229fa19c8e7815c8f2716e52edbea97272f27f757d8,E,E,True,0.28953019891866427,True,-4,train
pop1k7:src_002:149,7f29b815e6102de66eb537a8aae98ba7555c5712fb87aec31b67992a29b6b39b,F,F,True,0.21242628691805843,True,-5,test
pop1k7:src_002:150,0205ea0f7810a24dd5ec4bf273f492d49799af740c4b5ad7d8f3bb0bc804c59e,a,a,True,0.12911723125717078,True,0,train
pop1k7:src_002:151,ba9e93690c1fd4ef9cb45abb33eb7361908151dff0fb33779bb89bc23a1b3ae2,c#,E,True,0.0746432620709615,True,-4,train
pop1k7:src_002:152,6847c4fbdee1eec9df7c567c44615ae5893b043eb7688e125377fc528107c245,f,f,True,0.27226937780508365,True,4,train
pop1k7:src_002:153,9b59d35593b79ebea5cffc4bdd8b354191b0dabad8962dc26a3dc11e05bc0260,F#,F#,True,0.14522899431283065,True,6,train
pop1k7:src_002:154,730654d7c40db3fe48327922ff71c91644b1303cf2506c84b64efbb587c41113,G,G,True,0.16868580324940996,True,5,train
pop1k7:src_002:155,46d2b43a74ca0d7ca0d4c04f542cfdf530f3ce16bb2b4de157e6d1b863026635,f#,f#,True,0.003915562586582655,False,3,train
pop1k7:src_002:156,bfcf6d8494ee694066abda49d5af508c68fe44ad93336a8fb072660e59d8543e,C#,C#,True,0.19300343569056821,True,-1,test
pop1k7:src_002:157,31b32cd48f2370041d352f3a55861340cedb3d20c23a97da287e99a05e884a61,Ab,Ab,True,0.25150789451935474,True,4,test
pop1k7:src_002:158,b7c9cdf5572c4acabb404af1fa6c2620b46b1a0ebaea8a39ea548dceb15cf6a9,c#,c#,True,0.020681741044970225,False,-4,train
pop1k7:src_002:159,0be3df899cbae5b28c63ac88afa03b9700c4234d42343b3fb268816682b5291f,c,Ab,False,0.011379520685623867,False,,train
pop1k7:src_002:160,75a8aeb561d3167188248a1c2876e32adb208b013176247eda1f78c5eb7768b7,bb,bb,True,0.15723906572855595,True,-1,train
pop1k7:src_002:161,2eb41519e2494d5c7af0768ed768cfaaba283f2b0bb458c12952d182174b945c,Eb,Eb,True,0.2650876150470661,True,-3,train
pop1k7:src_002:162,9ddedd25333986ef7a896c21aa12068eb946318d4962822990a71891caaf03b3,Eb,Eb,True,0.23891968031390598,True,-3,train
pop1k7:src_002:163,c3f5062202621d6d140bc60421416305bdea7e33415c8886e885427db2b8d575,A,D,False,0.05486189129966468,False,,train
pop1k7:src_002:164,74b945678119473f1dbc476877909021be792128442efcaed58ba192a8481373,E,E,True,0.1311470091656589,True,-4,train
pop1k7:src_002:165,236cf8828fdf2670db19c084c73e4c650f00ba90d2684186d2de009e9d513de7,Eb,Eb,True,0.22944497935302066,True,-3,train
pop1k7:src_002:166,a082bfeeb7550e0843bf47cddfcd61cdc13474cdac2127d657cffd9c0aa13619,G,G,True,0.12704448392718848,True,5,train
pop1k7:src_002:167,8afb34448229453d9e2c9992b10f62c8ab389c8df47a97843d3d77f3cb250c47,A,D,False,0.029176893928499537,False,,train
pop1k7:src_002:168,e59872dbaeeae0cc12c38a60e75a6d2b85f322f7c9f43c90d5456c460df46fdc,D,D,True,0.1469069559590066,True,-2,test
pop1k7:src_002:169,c6aadd7ffa26b8f0079c2042433ff1e17f049ba1b74270c0b8df004df6bde0d1,B,B,True,0.018924054424960257,False,1,validation
pop1k7:src_002:170,c7aff89abbac55f12501840b78995b922f7261fb0dacf61a32dc770d80fa105e,D,G,False,0.08340184376198712,False,,train
pop1k7:src_002:171,b1e4c6584e4a50064907a48a47c7e1971b0888da96f76433d4ba104a4c7af91a,Eb,Eb,True,0.21758644778972547,True,-3,test
pop1k7:src_002:172,ff9a587167237c2313d967ae8e697ea088f0c3d7410122e936dc3defdbd5a420,b,b,True,0.044387114040609466,False,-2,validation
pop1k7:src_002:173,c3c0330eac5df8a22d8f63efbdf7bb623bc60fc4d0d55c377e36d123e2e2accf,Eb,Eb,True,0.13742374530501744,True,-3,train
pop1k7:src_002:174,70ccde7070dbd72eba1d985fa499d29005caa187df58931ef812f2b405396d49,Eb,Eb,True,0.07014528155546751,True,-3,train
pop1k7:src_002:175,e019fabd2073280fb505826fd3c499a2f6a9da4e0e2bca0bfe46227d12fd5b86,G,a,False,0.029415867034580656,False,,train
pop1k7:src_002:176,0ea82f82d8939ee35fb643d816756a4da26908c3775be090d16d54b4616534e4,Eb,Eb,True,0.11385018725834406,True,-3,validation
pop1k7:src_002:177,f3f6f4af363ba9d5d55631a2e3c26ec2697599cd7815bec9729f6ddbb811e3c7,bb,bb,True,0.22622554850301368,True,-1,train
pop1k7:src_002:178,7c8d528a85a060fa5e4826966cb9ee68d5ca1e8f574ff1bfc03e065e1274ee7e,Eb,Eb,True,0.13756786692607736,True,-3,train
pop1k7:src_002:179,421b4f5fde5e7c3dc6cffa09d1e7ae3024458a349a4352f7042757b108dc7261,F,F,True,0.029589128943886767,False,-5,validation
pop1k7:src_002:180,68dbe1d9733872f3de47c7a9ebc68fecf502758b48809fba06e39eb29239b704,c,c,True,0.0535760037185371,True,-3,train
pop1k7:src_002:181,ef64c158273a20d93c43fa622480fdf71a486d14dc25966ef3c29a7f2866c784,f,f,True,0.12524662384472274,True,4,test
pop1k7:src_002:182,85aa4b0c041cadfe2e867150a087ddab34fad7c4c864955b83efc437c976f00a,c,c,True,0.07505295180181559,True,-3,train
pop1k7:src_002:183,afef3cdeffa65a75a4efcdf814ae2c88cbe93f556a143ad8a0bcc5ac4935a2f8,Eb,Eb,True,0.24178827658414548,True,-3,train
pop1k7:src_002:184,1f20c43442236cb6d8b17ea66077c1edf7b5a6d186c16c9d9e6f26cbf9996459,G,C,False,0.06257390087086445,False,,train
pop1k7:src_002:185,535d405ab1b236e4a27375be9b49c887447ae0e9a2863c94ecf8064ff09ffae7,Eb,Eb,True,0.0018639414745728056,False,-3,train
pop1k7:src_002:186,1bda71a6af6e3d7e8f0e4795eaee152b38539ab59e45b77e3a0e92a94e5b6d70,d,d,True,0.0404642380768484,False,-5,train
pop1k7:src_002:187,dd3613358e4a39773972652859936feab413c86a7525477fa5907e4e33b29885,c,c,True,0.05217217687561038,True,-3,train
pop1k7:src_002:188,19553d65344c1c1f3a5fc5a47617e4eae58dc7a7b7cd175268b03b374295a5af,E,E,True,0.20826514973040933,True,-4,train
pop1k7:src_002:189,463399ef220db61fe6dbcb1ade5e6740a861c0a9d2e94ea6fe88f84d319141b0,F,F,True,0.25211765634100625,True,-5,train
pop1k7:src_002:190,87df2a369d3b32f64b5999d99186f07cc0f549b7a3915004a40efd02489bc401,A,A,True,0.050558440275898175,True,3,train
pop1k7:src_002:191,789d2962c3feceb63e855861af2519d98f7af8532393e6101e563360bbe605eb,F,F,True,0.007390455875454283,False,-5,train
pop1k7:src_002:192,73a49dd43a67d24f1366eda54be3cf592c4647e6ab748cf2b3853e813f10e171,a,a,True,0.12324135945603965,True,0,train
pop1k7:src_002:193,eb6630be66d1ebe8b522b634d3381fd36b2af27734cb51d4e1f65e92f936c7ca,Bb,Bb,True,0.08815826794554049,True,2,train
pop1k7:src_002:194,10cbef8d9f2df2bcd660c2b1e9a11dc963b4f55753c309d6e9313e06302f6538,Eb,Eb,True,0.14796288612444508,True,-3,train
pop1k7:src_002:195,0d3c71b786461803024e4cb6f1c016d936255a8f6efaf485b959d4e3275abf2f,eb,eb,True,0.1283253029935828,True,6,train
pop1k7:src_002:196,9438be4f64e3cf5159ba2ad0f8e480dcb58ed9e4e99f5fceac877f1f3f8b3295,C#,C#,True,0.0393507969129111,False,-1,train
pop1k7:src_002:197,502d307aed5187916868276780738db698ac97c82243e8d0aca8d0bcfdfd1415,C#,C#,True,0.08404335417935849,True,-1,test
pop1k7:src_002:198,25fc4bd545a8e9fc8298e124e6957c8b28e171722318c690425ff685b393c042,Ab,Ab,True,0.1378945168347907,True,4,train
pop1k7:src_002:199,055566cd1ce3e537276f10117987bcb4ec9e0e496372eab8ed7ce5a911328900,B,B,True,0.14029573613131996,True,1,train
pop1k7:src_002:200,7e7ede7f224303c321fbc3834f78a5a1d513716838b51dcaef184d84a8a81e9f,d,g,False,0.07632099033737982,False,,train
pop1k7:src_002:201,7613e497d998656f996800846ed8ba0f8d2c706238acb7b1dfa9dd589298710b,g,g,True,0.06981114696774426,True,2,train
pop1k7:src_002:202,57b2e8fe95aadc4fa635a6b4547696dbba14175297660c9b4e96e3fa637dbf54,g,g,True,0.22490422599224014,True,2,train
pop1k7:src_002:203,48e8811a71e9e37570fc04cc0159749d11aa0e48d3cec480c2c1ead12ebab833,Ab,Ab,True,0.23779450525282553,True,4,train
pop1k7:src_002:204,fb01989c9731a8e4da7b460bb0659cdcc60cd0fd62c32284214ddd986d60b8cb,b,b,True,0.06112741320873971,True,-2,train
pop1k7:src_002:205,a806239fd0719810a1247ccd7bcbdcc5a24746d9eea9ba22dc4a0a1cde77c428,Eb,Eb,True,0.10645728522088438,True,-3,train
pop1k7:src_002:206,37b84ce896a12cf46fd3c5b53082f37a34be096ea0396ee26bc10bb2234fbfb8,F,F,True,0.09535975202453806,True,-5,train
pop1k7:src_002:207,41323d6d122c461823864c4994f02499c01f71391d1aab168df0b4d44b0abed8,G,G,True,0.0445752651529846,False,5,train
pop1k7:src_002:208,f6421b9aa2b7389d4770f2e3b932c7b0461515913b0453ce0d5ab495c0ab8e5f,Eb,Eb,True,0.18203908553857773,True,-3,train
pop1k7:src_002:209,ee4f46d767aee0006a86b5275a320ff2dd3d8c512ca4fdca07fb4ffdaae99980,Eb,Eb,True,0.1904870636086502,True,-3,train
pop1k7:src_002:210,09c3a81a0d51b87fa04cb286f4b960f03ab41623f89dc09629b43e7de6951319,G,G,True,0.0005941478671807054,False,5,validation
pop1k7:src_002:211,da52528d58d94689657591a4853c303b59080d2f28fdd5ef53abb0b4ec109388,C,C,True,0.05295045465681458,True,0,train
pop1k7:src_002:212,825f87e04935e6909a63fe6094a9a139edf1a59a4775ba6900d9f7550f319f90,B,E,False,0.0047202273831077335,False,,train
pop1k7:src_002:213,fe07298a3298a28101d5e1778e68e15cf6125b972e437bacf11a68e31a7ffd99,F#,F#,True,0.2348656590171968,True,6,test
pop1k7:src_002:214,f3d37e33cd3a5ba4a9b6d3f0355ee1a405d2de5f9bc9b7ce15d8466bb4f8bea3,D,D,True,0.032888706193902384,False,-2,train
pop1k7:src_002:215,6066872d04cdd88547c483f98433d6a0a6d44f8d7efe518247d62b268aa57c2f,d,d,True,0.2046516513939025,True,-5,train
pop1k7:src_002:216,fd568fe88afce108b53eb9ab8cfbf393896d2cae284b88cde2461fac0956b114,c,c,True,0.08227155982699053,True,-3,validation
pop1k7:src_002:217,7d2c436fe790ce304593f3424b323919c6231a68a3f74ed6b9cce84352727e29,e,e,True,0.12196374992206571,True,5,validation
pop1k7:src_002:218,a08412590faf1e51ea268e71ed1ea9f4a111cf2d99d530ac645ec6d299da4d04,f#,f#,True,0.3086098475547284,True,3,train
pop1k7:src_002:219,b1bc18fe28015c7619a852780a28ae4836717a365998c3df250377add087cb80,C,F,False,0.03901984778016787,False,,train
pop1k7:src_002:220,199817a5be89a9665740de84f638af140f1e43a0ca1305bdf23567d0bd7bb0d1,D,d,False,0.027575403370258766,False,,train
pop1k7:src_002:221,463f80bac768d92000e368c02650d04c855ac7e6580bbaa67dd31d2276970767,C#,C#,True,0.24091753128657045,True,-1,train
pop1k7:src_002:222,85a53b8944e530320c2526bf297faa7ea0b007c6ec419abd8659ede1b09c9d2c,f#,f#,True,0.16705614396621804,True,3,train
pop1k7:src_002:223,de92abb02bfc126ebd607069dbda9c2aab04153181472dfb661e2f7bf2985af9,Eb,Eb,True,0.14466800700437443,True,-3,train
pop1k7:src_002:224,506523cbbb53385f304a1ace5a84f3969a8c1d31b1c670cbba5ded17ee49f9e8,G,G,True,0.22894683832163443,True,5,train
pop1k7:src_002:225,1a4664dd87544dce2924280a9b5d18900d2f0842f040377030510dbe7489d6f0,d,d,True,0.11338980402978993,True,-5,train
pop1k7:src_002:226,851f22eac40379fed0128cc40b44ac6eb5ce96b717844656a8a56e235e7629c8,B,B,True,0.1718367447422453,True,1,train
pop1k7:src_002:227,d2adc8d68c0012e786ecbbb613b48a93b58601e8c8a07ba636e21c36298f118c,d,d,True,0.06394310488397881,True,-5,validation
pop1k7:src_002:228,057fde484bc9027dacc73bc78892495ad876982d3e122e01f2679059d2adb7b6,G,G,True,0.1159611837626956,True,5,train
pop1k7:src_002:229,86dd7beba9f44018ab72341b0965cdff6b2fa0e86aee1bb45563c31b51ac6f63,b,b,True,0.19492309980622002,True,-2,train
pop1k7:src_002:230,da5f22bf2a161a31c64e704a0596dd0885b66f292691e27b53920a26ae3ebb53,Eb,Eb,True,0.10401473550219575,True,-3,train
pop1k7:src_002:231,4f5ceca5a6d15315fa522261b4172736563e9ac5d6a8a0cd9864e1c0f004b080,F,F,True,0.3003570333935729,True,-5,train
pop1k7:src_002:232,19a9aedad0670b27a24af8e47ee7e5afbae5fe2f4e0dce2cc42e8d0daf8ccba7,Eb,Eb,True,0.13883148831315362,True,-3,validation
pop1k7:src_002:233,9ec96dc2cb67e33ed70e2ea6d356428f1da6c03bfdfbd6b7c1699520bf5dd9c4,D,G,False,0.006272360146035161,False,,train
pop1k7:src_002:234,4055039b5cfe6c6ce42777f1ae393016e7a889cce49b6a0c563e51cbe8fdbcb5,G,G,True,0.12788097669509058,True,5,train
pop1k7:src_002:235,72979c74daadbe65ddd679fa698ff62f5213828923b9e7b8cac6e68e9247a58e,F,F,True,0.11766004646208339,True,-5,train
pop1k7:src_002:236,04a795315c1c1cc2cb9cbf9d954f0fc254561e11d158a96c2fc03a7fe8c84247,D,D,True,0.012460872054497973,False,-2,train
pop1k7:src_002:237,381caf1dcf45c974e38e6fff78a03806019612cd75b3ef835ffb7d6f48d220da,E,E,True,0.12384235242313713,True,-4,train
pop1k7:src_002:238,20f1c46ee11370e9395dcfd171afb0f9e71ee6bdc0a463e368908e6bffca3e11,d,d,True,0.183665419241839,True,-5,train
pop1k7:src_002:239,5073f1c329845b02a26de4489c6e01b9dcd9dc0c64f69dacde8643321f38a1d4,C,C,True,0.20527202652077559,True,0,train
pop1k7:src_002:240,2a0b87a3ac1cea8590126c70c5128a1185a073e33b1e70c923a89b0dcc0ae343,G,G,True,0.17840255733259003,True,5,train
pop1k7:src_002:241,7333bd9b2d85f789e150287212f4af974143f0206852afe0fd61509e709dd5d5,E,E,True,0.09483399394527048,True,-4,train
pop1k7:src_002:242,0cbd6e870591b73a7e96dbafcec15421c2a8e675e87d23514e0c62289c3013da,a,a,True,0.11066579202112659,True,0,test
pop1k7:src_002:243,f07c8ec13dedf291c938a76f476720e04b7282cece94aedba119f85fd5786d4c,Ab,Ab,True,0.20169177597246435,True,4,test
pop1k7:src_002:244,a5d256ed0abb0da4413cede6a991ca2fdf87afd7d94f0f9c87fc23cbc6cca7b0,D,D,True,0.23260178319951208,True,-2,train
pop1k7:src_002:245,2709597d565fa62f5288718d930d92883d5134f59b11a57ee95b499094e97217,bb,F#,False,0.06696460778816782,False,,train
pop1k7:src_002:246,3c8ab29ff64962bc44ee0a0fef47922bbd3501bc79b788939ca09f6f1686d136,e,e,True,0.01178862024599625,False,5,train
pop1k7:src_002:247,a6ef8018e8e562b5202d6d7fd2182f316c19d0c5866ccd5e81712039184bc12c,C,C,True,0.14107304829100675,True,0,train
pop1k7:src_002:248,9e1390744ad7eab4889a18b74559dc4c1e45d777fd598de8b8b5959850a845f8,C,C,True,0.09862301273382112,True,0,train
pop1k7:src_002:249,c3e36fe2a4cc13051dd3afb34c95d7d039d67b308dfce1ba3f44e4e2089585ef,G,G,True,0.14270990551325857,True,5,train
pop1k7:src_002:250,b208bac6d8aae04eacd28411be4a7658f5b15ecf1831a778f62a3d29dbfa321a,Bb,Eb,False,0.06318510181173898,False,,train
pop1k7:src_002:251,e76e8b1cb9b59bfdbcc6d0f085fd879b514a8b9a8f77bf4035318f413b2221e2,D,D,True,0.012896610943871734,False,-2,train
pop1k7:src_002:252,2f7539d3374f0d780824dce38a7b2811411f29802fd24a96bfa7ae5ae2bdba8f,F#,F#,True,0.0298384856008731,False,6,train
pop1k7:src_002:253,1eaa496909029eae5d26e43eca32d1244f65e5d9b7c42fe1190edac3c14c59af,F,F,True,0.221308721397521,True,-5,train
pop1k7:src_002:254,989df2a07ebf46ae4532385ff34d6b94e9e966cf42a7844595095fe593c8ffda,D,D,True,0.1352575888940013,True,-2,validation
pop1k7:src_002:255,1ad5466c45185696d9206217f4196e37a3edecf075307f2748ecab826e7fb452,C,C,True,0.204066244257887,True,0,train
pop1k7:src_002:256,822d9626b19f05cbd2c98d07f8c43c3115118acae0d23e27189f0dcb846bc3c7,f,bb,False,0.004763577061222102,False,,train
pop1k7:src_002:257,57bdd572258693b4438325249758c57d3d359f65a677068abd8503e6b63b448d,c#,f#,False,0.050676052784440095,False,,train
pop1k7:src_002:258,2e8137b9a37adf3ef77e4f055d29d318dfd795d00a61102d940beddeac2af76f,Eb,Eb,True,0.078344785814636,True,-3,train
pop1k7:src_002:259,e94d4faf1356384d503f93782183e690f5eae3c0259c85b6f2fd3b916e0a51ea,Bb,Bb,True,0.20576575463826496,True,2,train
pop1k7:src_002:260,afdf9e8790354d10643d2a0c9498e53ea47267557a059e8a9e18944d8778ee06,c,c,True,0.050010605754848725,True,-3,train
pop1k7:src_002:261,a93dcbbec5f646fd73234774673eadd5205952504c03a1a1c9e0e7eaab5fba93,d,d,True,0.15276982529073446,True,-5,train
pop1k7:src_002:262,4fb0348233f3d7014dbecd31e61d5693e9a0bb8889013ecc8476bc18a34b5f47,A,A,True,0.16203820214803444,True,3,train
pop1k7:src_002:263,d8314ddfe2dcdf7d09dfdecc0974244f64b32ad677dfbfa83006d91e9cc14268,Bb,Bb,True,0.13272734198270075,True,2,train
pop1k7:src_002:264,b9fa883e26d11236c56f6532c305f633e5c9eef79def8273dc05cf8cdbb4c044,D,G,False,0.005373592703426078,False,,train
pop1k7:src_002:265,f13bcecc074b6c0ad957f0d6d471b72301cf9406d4879ee7f3fe35d2bf345e41,E,E,True,0.09007506889449435,True,-4,train
pop1k7:src_002:266,b2201f6f13ad9c6f48714030697c957bb9a9d4beafd935f902cf19ebbc3403b8,g,g,True,0.2316112291073925,True,2,train
pop1k7:src_002:267,58e0a649d7a1c13ecf4ab870308f1be275532c377365b79967d45c6bcf9f10ca,Ab,Ab,True,0.16045847064564556,True,4,train
pop1k7:src_002:268,3826c3b09e07407f8d249aa84fa3cd0829315034a739a4d2e3844350b465c81b,A,A,True,0.12221079143943991,True,3,train
pop1k7:src_002:269,9a4dd650ea8c2576dec2ff4bf8056b953d72555543667c0c64847231eea301e1,G,G,True,0.04453019364737809,False,5,validation
pop1k7:src_002:270,d8e8164db0120b5330939a975c87164916dd6a22e1c7821922d2ce78a59b2ece,A,D,False,0.03343134164724004,False,,train
pop1k7:src_002:271,548080bad17811ced882bca44059959d3558d3f1b595da791cac8d1cb5daa7e0,C,F,False,0.06891350053110101,False,,train
pop1k7:src_002:272,6a033e27b7ff387047fd5761dceb4deb2e469b953df0fbdcc1ad63d9ea980d4f,ab,ab,True,0.13285090753704054,True,1,train
pop1k7:src_002:273,8f5db3d5e9fb352b4ab56501492ff8839cccf0e5c543a18a54f9ce10a43db1c9,Eb,Eb,True,0.048143297552350584,False,-3,train
pop1k7:src_002:274,76df47cc016e072a21044f58943ab7368cf8a2a89b6f6dee428894b6a27207a2,e,e,True,0.12813311314397846,True,5,test
pop1k7:src_002:275,946ef9cd9df3e6f9c035c1962687bf16e05eee46c553c67ce7a984ecf01d122c,bb,eb,False,0.011411506466536103,False,,train
pop1k7:src_002:276,c1a888a2c1dd7186fb9d3fd69d318a277873bf79ff727ee137c5f366d4bb1b0d,c#,c#,True,0.05584984688386985,True,-4,train
pop1k7:src_002:277,47ec170ce6c79a92df4834dbb9eff29b58b51d78b174e0abee25c62a84ab8091,D,e,False,0.0036755824016296845,False,,train
pop1k7:src_002:278,35a1e0393cfda766e5d5a081429dc9a1fb21c3af0deda49705f1ae5de7354043,A,D,False,0.03328030681058214,False,,train
pop1k7:src_002:279,9e74c14b68e38f8abf4b9e3bda7edeea157ec168af048415fc0933e1332f3465,D,D,True,0.20188530598058885,True,-2,train
pop1k7:src_002:280,230a328cd8b86a5388840f56592299f8260f59e0c217a8ed3e45a26e7425d9e1,D,D,True,0.2143574513367572,True,-2,train
pop1k7:src_002:281,27b12f20fa55f4df3cd9df86b9b0a8aba347a7a5a3117beed745b53b5b8cad95,Eb,Eb,True,0.15444417434413904,True,-3,validation
pop1k7:src_002:282,21e2132506e50ecf0ad85805e25277bf48bb27e9c1a0f78abaa8488625eb3418,a,a,True,0.018086530062102257,False,0,train
pop1k7:src_002:283,d859006d54446d7b3de9f9c4d1da1770a35785a7bd890c2fe2c15dcc6fe244e7,C,F,False,0.05566810717577664,False,,train
pop1k7:src_002:284,8755e232a4ef6261fa31a193bfc71926bdff892202bfb24fff236c464b716a42,C,C,True,0.034247301263236496,False,0,train
pop1k7:src_002:285,606a049d5767da66011f1e0b7bb81fe98e5ef6bc45ce9f55a7b2f285c66782b5,c,c,True,0.06578664666627987,True,-3,validation
pop1k7:src_002:286,7d6f337ac9269bcb1a2a49d90110c329cafe9f46d7c37a7ace485a3f003c0cc6,f,f,True,0.11849114550446704,True,4,train
pop1k7:src_002:287,871cb8ba10b17844c452d484113c745e60764f6e03f7defb3dc6c191f13f9e74,F,F,True,0.07447792807132891,True,-5,train
pop1k7:src_002:288,a8f3321fff136b7d37a2841fdd69debee1b1d3469e93615a681901c3c92af963,Eb,Eb,True,0.15426543918462943,True,-3,train
pop1k7:src_002:289,49f3d9cf9bed71fe2809459dee75b41cce057c6076d447295d693620aa755315,c,c,True,0.13745719724666372,True,-3,train
pop1k7:src_002:290,b6dda7ca1c78624b6dd03f5182b17ef452fd18bf348193bdc4ab7bc77a6880c4,ab,ab,True,0.26877811551317066,True,1,train
pop1k7:src_002:291,ecd58c46e560181b94c5551fe7835956d6faae34b42d71282dc0aafa336cf01b,Bb,Bb,True,0.17863720792112925,True,2,train
pop1k7:src_002:292,645a6c3a60da33cbe43fa079b6bc9f7b87d2a24779366739f248c37196db92c2,F#,F#,True,0.17095614349378307,True,6,train
pop1k7:src_002:293,0132447290271f7cdce18a09ec519e028ece6ccb824f74d0778cbcf5154e4c21,f#,f#,True,0.07707452872867526,True,3,train
pop1k7:src_002:294,d2e918db6300f6d1987bae8d0db0b878d67e809c469636c70a97e6fbd468f9d2,Eb,Eb,True,0.018468250924843055,False,-3,test
pop1k7:src_002:295,eae98699d6a53c7da9190f10b9897f6da34ee76bad3c7ed75aec4ad21d4c57f0,A,A,True,0.14284630537424536,True,3,train
pop1k7:src_002:296,0f2f0885fed9cad00290814005c3d781dbe486b08cd5eb9c037c8721ec80aff8,G,C,False,0.04532107852441647,False,,train
pop1k7:src_002:297,af1f77a728ccc8647f8615bcef63be60325464bf57a12c839a59e995c12649e0,A,A,True,0.16004693173870288,True,3,train
pop1k7:src_002:298,cad78fc670c696281c3c09226cda1f7ba05a148b574b451b39bf1e3c7ed48d1e,c#,c#,True,0.1796142221346333,True,-4,test
pop1k7:src_002:299,61827776914bcfb0947576a2cd7a4bec37babf49c2cc0427cd5748ff26868480,Bb,Bb,True,0.014226768189335992,False,2,train
pop1k7:src_002:300,7481945d861ce1abff79a861eb8fcf865a126505d2d2711416bbfc20b1b49ce7,G,C,False,0.049211890517964485,False,,train
pop1k7:src_002:301,efa31e4cf855343523b7711595b8e5916c41f9b238f494deff7387bddddf1d4f,a,a,True,0.13995557660611135,True,0,test
pop1k7:src_002:302,46f36e632280c2e7993d7211b3584dbc70e0a9c5c25c60cb3f8bacf468f55a14,g,g,True,0.05407099836598794,True,2,train
pop1k7:src_002:303,f4caceace0b7794958e1c78bd644cd70dbd8710b63ad0d72be5f42171617da9b,eb,eb,True,0.008436403187727093,False,6,train
pop1k7:src_002:304,464677459011bf2e2781669a225a2d472bdc1534b29b32d3c95bb25745132359,C,C,True,0.043359282164198376,False,0,train
pop1k7:src_002:305,2a64b2a020b4a963f982a102bd5505d829b06e5d5b9be4b7477ba78f82229f36,d,d,True,0.007570403569901241,False,-5,train
pop1k7:src_002:306,7d8b607ef9604121e95e93910be08f6eb9dcc0b51d16c9b70bbdf6aea3de7b53,F,Bb,False,0.013996084997719427,False,,train
pop1k7:src_002:307,da2f55c71dfe3765e4d0699ac31aedc17b5c4c53852807590bd9c69313c68770,E,E,True,0.2145976113041954,True,-4,test
pop1k7:src_002:308,f1fee6606ecc15887fcd419f786234a7b7da1039ae9287138c492a5fe33c15f5,f,f,True,0.13073788771945005,True,4,train
pop1k7:src_002:309,18ef0c198c11310e9fbea077cfd8600f734984f4f21e77478784cf7730dd5e82,C,C,True,0.0019472575551332527,False,0,train
pop1k7:src_002:310,b30dead85fb6d6faec4ffaacb6b6a6dccb8575afa27cd49262ad20a57e4ba864,C,C,True,0.15986422888780083,True,0,train
pop1k7:src_002:311,b4513ceca7bb20ed13a9881f79a04b9309db420646ad428c35a5f33b91844a9e,Eb,Eb,True,0.23965139299007343,True,-3,validation
pop1k7:src_002:312,932d6fb2ff2f0c053ae578fec2b5bc3804c3f113e70b9b0e8fca21c8c238a4cb,C#,C#,True,0.14850977266710774,True,-1,train
pop1k7:src_002:313,e9315b0491ed26ac6334e6355862bd8d78c91f6d829c21a6f5d9884db997fc33,f#,b,False,0.17123514518286986,False,,train
pop1k7:src_002:314,899a401657739a13fe862590c89c767b07dc3bcfdbfcac2d885324a48b3bbcc0,Ab,Ab,True,0.04525846709655146,False,4,train
pop1k7:src_002:315,a982e6686b74a0b05bfcced79d4e5bf6f5aa9bd3d8d0c7cf1789f4a6b173c730,c,c,True,0.1590740682794317,True,-3,train
pop1k7:src_002:316,13cd717301548f91316265aa1f77a45b822acfff6dad1081cdb2d188310fcedf,D,D,True,0.09634889108371625,True,-2,validation
pop1k7:src_002:317,702ecb11847a3cd6d63cdc61294ad17d99ca122cc1a552164c972c45425a0603,C#,C#,True,0.23513513566046274,True,-1,train
pop1k7:src_002:318,ff777661d8a6b06c20d7066a0ebfeb12256edfb2fe20bf5cbe6331b6c5a4d9da,Eb,Eb,True,0.3007483824248809,True,-3,train
pop1k7:src_002:319,b9693c19ba8720d3ffb991216bb4064752f4b6d3733df51f2c83cda33f7f32b3,c,f,False,0.04365966915081565,False,,train
pop1k7:src_002:320,ef949b8300da6a320d1418c450144e37d25d9b58dc7dec64133721d2521e09ef,g,g,True,0.12968809242264234,True,2,train
pop1k7:src_002:321,08c209e036f95086d7e010734c8993b6725a3e8adfb7346db6fb07045b174801,F#,ab,False,0.0046965028950261,False,,train
pop1k7:src_002:322,dc403e7fd03955f55392428f3b4807b4b7cdd92e06b1f0af24529cf61afa2a15,f#,f#,True,0.16461453210832155,True,3,train
pop1k7:src_002:323,60cb4e6befcab67c18a7b2474911e3f1e07bcc042bc163ccf63ee605d957a53d,Eb,Eb,True,0.18230794275725126,True,-3,validation
pop1k7:src_002:324,bd524737927ce4a4c0e2e6d951c2aa29e4ad8a57967ad216e0fd5e18b1446fc6,E,E,True,0.17714491144637812,True,-4,validation
pop1k7:src_002:325,3dbf46f0153f9b8f630e3329c4c4c13d674b12b8159c0c3eb6137b6116a604c4,Bb,Eb,False,0.03209412434542891,False,,train
pop1k7:src_002:326,53c3969f2c9fe2503a7026b616e4a341152b9c9503f4c5d30d1a7ee3f3fcce44,C,C,True,0.03745043262051839,False,0,train
pop1k7:src_002:327,5dddf9de09368cdb4d62cf3821fa6574e781a4da1469910c090b7881cc1341c5,Eb,Eb,True,0.039327222515395555,False,-3,train
pop1k7:src_002:328,284018e21a478205fe81a2dab877e4f1b66a3bdb51c12c55da9c86185edb8eef,G,G,True,0.23797783889720314,True,5,test
pop1k7:src_002:329,2dfa6e93548e52c438d4f144d490c6e2b5c7ead7b8164a32b31eb0794a991736,C#,C#,True,0.12687503703233127,True,-1,train
pop1k7:src_002:330,a15089f3fae8321d79713e4e10cc5385c328a91f7593c21e9f24d2671bc2d09c,Eb,Ab,False,0.03310342747033357,False,,train
pop1k7:src_002:331,61dde265ceb40342e6fdb3bec18c5102208e7e95b08900366f8704421a3b0cee,C#,C#,True,0.08007676187496204,True,-1,train
pop1k7:src_002:332,b93f557402404aa9c2ff100af398fe03361a05bff4bde55e06098d3ca8c7d1b1,Eb,Eb,True,0.10019544254061186,True,-3,validation
pop1k7:src_002:333,fa07ea8017782548cfe578f4d2159b5d8952d0a098f44d903d7cfe30741ac8c3,Eb,Eb,True,0.15574603407461607,True,-3,train
pop1k7:src_002:334,8f8fda05dab14cc756cc01af9f42cb153455c94090c06e41c22b37509efcdea1,A,A,True,0.15164437123051688,True,3,train
pop1k7:src_002:335,d7efee4df2a00dfe59b76dd0c421facbf5a24d51b7a750608c26ca91a1f1474b,F,F,True,0.22833723050000831,True,-5,train
pop1k7:src_002:336,1d63ca16b4a6e3a72425989f6890e0cf7c6a34a51efb4a7a809cd157f66d8b4c,E,E,True,0.2537549041320438,True,-4,test
pop1k7:src_002:337,fbd56e973f675ffe09ea104a2864b23e0e66e6f870ac5c824833b9f96d99fe73,F,F,True,0.2096397577182838,True,-5,train
pop1k7:src_002:338,72c32f693725d712c7643f165d9de9fceba9f218258a331d390039feae57d79d,B,E,False,0.07121254739822891,False,,train
pop1k7:src_002:339,4f07c4e362fd2ebdd91cbf0e0db42449015adfb8527253ad0667357b6c7c58dd,C,C,True,0.051813843039904106,True,0,train
pop1k7:src_002:340,6d1f31dedf6af4e2f781c083835d1fb47d132811fb1d54c7d1bf2e4ff56adbf6,C#,C#,True,0.25266602808704564,True,-1,train
pop1k7:src_002:341,3c180e3828f40001f199f3205e5f271cff9fc62031b5bda5b4470c8ff639d35a,G,G,True,0.05670089048559568,True,5,train
pop1k7:src_002:342,2de731125ce2778d681163643332d4005ba76313c67d4209f9db57fd3c0b1cb8,F,F,True,0.2441272520315586,True,-5,train
pop1k7:src_002:343,fcd417d29f3f03505093716efc06f8fe8e280deef42d82f36d1f3a05d5cb3fc8,B,B,True,0.10116975930187377,True,1,test
pop1k7:src_002:344,8a3011a400e5b1d085d57004047215382c920461f3be991281f1d55f695ef42d,C#,C#,True,0.14637562514363722,True,-1,validation
pop1k7:src_002:345,f8b4406eaaf53707e43dae91554bdc07867faffc32c0c996da25739edc3ff708,G,G,True,0.15475936844166804,True,5,test
pop1k7:src_002:346,542972cd711b51035b47ff6fd5ef555f024d1dfc55760797f416a56a014b0a7b,C,C,True,0.03672873540422017,False,0,train
pop1k7:src_002:347,ed39b9a4f109f4a6996bf2ebada5d2d940703885ad534c5b9207c27f2ebe3024,Ab,Ab,True,0.2059172707617689,True,4,train
pop1k7:src_002:348,869137a32d9fe9ffb85d84d72e0b3230f7a35678f90df513883b7f66d54d2808,E,E,True,0.1926931732239684,True,-4,train
pop1k7:src_002:349,47b2d74c2382886e3b484320b9f3e7693f4a5eba871002ac180953062780b120,E,E,True,0.19580750819005166,True,-4,train
pop1k7:src_002:350,e2621e3972af6801e917fde705af5cf4af217109a389073fc2691785c1c88019,Eb,Eb,True,0.08569326729794025,True,-3,train
pop1k7:src_002:351,ba9e3de580475733575e941852f0dc8358e1411f19f012d7092665422881705b,Eb,Eb,True,0.08404041867380885,True,-3,train
pop1k7:src_002:352,6c421e2325d29a7381a7e186db2ceea14280b3fb7531990ca7b8c81eecf186fc,F#,eb,True,0.19383174972133732,True,6,train
pop1k7:src_002:353,9c6bea6302cdb1f832a0cd6f2c22b62ca77921e63ec22eadf111c1c82e0d6a46,C,C,True,0.07648541057320113,True,0,test
pop1k7:src_002:354,1d411a5b11883358673ef83e982e4ef8845af4eb9e92d7b2d56c43c57aa7439a,D,G,False,0.08955785513116643,False,,train
pop1k7:src_002:355,d5303cebc7ad80b81298450827ccb30da6b485d4b5fc9a8f1b2c2466cdf0c04d,D,D,True,0.175739630903897,True,-2,train
pop1k7:src_002:356,65cfe4fd77edc790bcc3a41df18d2acf83d3965cf65d82e2002672ed51c4d142,c#,c#,True,0.19442714897078806,True,-4,validation
pop1k7:src_002:357,44e82042fb05a92bf3ab397317f49c0ae07d17d4537ce0365e665da335c18a6f,f#,b,False,0.011069527053137462,False,,train
pop1k7:src_002:358,89e55a6c6eeecf3ba7194e818aee2243a58a3c00584b8e30a362f3be9c8e5f4e,a,a,True,0.054048673425746485,True,0,train
pop1k7:src_002:359,96a7dc0595491e273dd0116ed7d1b1a4e9bfc391fb6a3cb489b09dc5dfcb651e,A,A,True,0.16367660250184424,True,3,train
pop1k7:src_002:360,5d20bd58470d9c47d2ace9181f31626e8a9599597e849d04cd779d0ca2c0498e,Eb,Ab,False,0.005758587371871293,False,,train
pop1k7:src_002:361,c749aea5cca77851ef6a158081794345d569c95371ff45fb69539f505e4dd64b,a,a,True,0.13265334669889406,True,0,validation
pop1k7:src_002:362,3a504eb343864349d08da45e319ccab26d6cd7c73f26e5661cd27f835099e46c,C,C,True,0.18000584640069062,True,0,train
pop1k7:src_002:363,ed147ed592ea804dd713fd24105581c3c1fe3e2534eb4f8f5755b10196c5f341,C#,C#,True,0.20713875508456792,True,-1,train
pop1k7:src_002:364,b9707ebdf6b5ee54a4b17b24942a3ca9e4bb4f9d4026c8118638ab23d4efeb15,bb,bb,True,0.19339350079379236,True,-1,validation
pop1k7:src_002:365,dbcd212d5a2e7ffe03f7120a404f64ca8eea757269b2ca41b85e3cc86d82b60c,e,C,False,0.029974858469408505,False,,train
pop1k7:src_002:366,6ce550af8ed8fde339a1c6374bcf9dc47fe9781dedf7e9c31521f7bdb8412252,Eb,Eb,True,0.13912424828909953,True,-3,train
pop1k7:src_002:367,f3eae7487065356f2a398f447980edae619d585ee99784564ff537307d56d605,Eb,Eb,True,0.06911686691893115,True,-3,train
pop1k7:src_002:368,a8324445556b5c5db3f034ccc64908a6856f7d08feb615f8c0b085f518a2d534,F,F,True,0.1310692790250786,True,-5,train
pop1k7:src_002:369,81a5e91344ef7d5eef976c6fe4af24b77bdc54310281834180c30e2216bf38e2,Ab,Ab,True,0.1863506662596851,True,4,test
pop1k7:src_002:370,8dfb35fca4128fddf0b938d7b279b5961539c6b3f292e2719ffbb71f4b97bde5,B,B,True,0.16837999120475222,True,1,train
pop1k7:src_002:371,ac068328ccd5f2d6f104b9ae61bb719009289a79740b866fac1ec6cd6daa5ea8,E,E,True,0.2267459088343644,True,-4,test
pop1k7:src_002:372,4f5911b6db5adc9c5b0cbc1cd15cb1a294e40031adb7520749dd6645f7432e58,c,c,True,0.10836559278612656,True,-3,train
pop1k7:src_002:373,cc6a69da4d37b72615dd498c14bdabdca1993787969da6a9af37ed913870563b,C#,C#,True,0.20730449907182658,True,-1,validation
pop1k7:src_002:374,02dc73f9ad20329d87479d53fe24b3631f8fb2dd37ec664be24c0c4288dcda8c,C,F,False,0.05788542112672612,False,,train
pop1k7:src_002:375,f6f7b7647bd9e306650c819d01b537a80cfde65dd65f6ea9ef3830776ada49cc,b,b,True,0.04886652214623666,False,-2,train
pop1k7:src_002:376,eef9c9b5434caf1b9ae590fe70791e157bf1d69551eba70ae295c056313b1f8e,A,A,True,0.0242455083895472,False,3,train
pop1k7:src_002:377,bbc1d889052e4a5e324984ce3b81d1ebe6a4f230e37444e4d6d2c4eecc73e843,D,G,False,0.02162368653121638,False,,validation
pop1k7:src_002:378,d046a58814770f8fae8271d610bcf771b4b2e449c6d7b52f38fec90df13812f8,B,B,True,0.08233779975456257,True,1,test
pop1k7:src_002:379,b8e1130e456578e515debe418ef4a1ed8b05e230f5793c8e7be4ebf51b6bdff6,Ab,Ab,True,0.1686144865207021,True,4,train
pop1k7:src_002:380,1be6aef7108500dd8c940a8b1bbbb51a6f98380ae632ccc18228b7da296be803,D,D,True,0.16496820227056597,True,-2,validation
pop1k7:src_002:381,bfec7202770b63ddc6fee2d2b0d34144b70936c95e0ed7b93f5433077e3d179b,Ab,Ab,True,0.16762686970318974,True,4,train
pop1k7:src_002:382,a2ed5d8c642388b22eb92d6e8ad7bd80f5ab9da3b6e4253dbbda12e96a531fea,E,E,True,0.08210639153122379,True,-4,train
pop1k7:src_002:383,c0d0c60fa421e8dac28a68f92c86cecd41214dc0db8e2264d9f42afc3d9338fa,D,D,True,0.06467744778849915,True,-2,train
pop1k7:src_002:384,1dd6650f3f543cce6fd535029c741c0036a7176187e4cac809d526b592a9f306,G,G,True,0.20217526028098753,True,5,train
pop1k7:src_002:385,cf0d9d8f0003bef1f0231256f43ed45ccf2e46df7412f30f9aa7ce2ebbef6eff,C,C,True,0.10026561732277439,True,0,train
pop1k7:src_002:386,39dd80b5bf841937bd633ad08c05c4891e3860279a841251fd226302df232009,A,A,True,0.17305197541419237,True,3,train
pop1k7:src_002:387,1bbe7e1644df6ca6c41312097a5ffa1b808f582a66dbe548814244a006c1b8e1,Eb,Eb,True,0.199575631575298,True,-3,validation
pop1k7:src_002:388,492dbf41b2f12cc469876a2b2b8ac92b47ea5d906a446690c53667dbc321b8f6,A,A,True,0.04607406216126764,False,3,test
pop1k7:src_002:389,6eb93aaf0a0a9cebcd576f91dd6bfe6968b78b594553146bae2a9f669a87dcca,D,D,True,0.15572195945521128,True,-2,test
pop1k7:src_002:390,5a85cfcfc5da520309c2598d5455b5609d819bf0be2e6f26e52e4201a5255c43,G,G,True,0.17117077304203676,True,5,test
pop1k7:src_002:391,7093fa427bb7610fe95a7846803c1d3f4e58a4830a20247b0988e551ca89d17f,e,e,True,0.06559348038718915,True,5,test
pop1k7:src_002:392,ab4f7ce1df3e05c1bac182da36e78ccd1880fa230376fadb37736ad561060cae,A,A,True,0.12772781552111412,True,3,train
pop1k7:src_002:393,78c2cc4320f9137ebfcd9a4090249a4c41e38482b66333ff1ba06ff3838109d2,F,F,True,0.043988545577877236,False,-5,test
pop1k7:src_002:394,c2bf87a66f0fe695692c28926e2fd0c30091389090f802b57d02cc09cb1d6b8a,C,C,True,0.21151794765684417,True,0,train
pop1k7:src_002:395,c79adfdad77e482ffd863159ee89f6678d088a7111588eefe78d3d128c79e3ba,Eb,Eb,True,0.19841914034683306,True,-3,test
pop1k7:src_002:396,0fe40a081aaa6f1b160e8b99a7d7d35c4f6948acffaf14f79a50ebca47c498b8,F,F,True,0.06966726571106185,True,-5,train
pop1k7:src_002:397,78e52a6f1d5054f4b7babacb9e6afbfbd8bab7c19dae7662ed75f99426fdd3e3,Ab,Ab,True,0.16976584435453745,True,4,train
pop1k7:src_002:398,4de9f38d54b8b636e87113a325fd611583e48d0d7f92e017eeb2f26bc60f688b,e,e,True,0.11370677561203557,True,5,train
pop1k7:src_002:399,51fa51b8fce5758c48ba63ec9e3789b0d7fc4049ca4cfe7896a3e5d1233f2b4c,D,D,True,0.2613319034350746,True,-2,test
pop1k7:src_002:400,ff27ccabb2e90e07e2e9b6faff00186efe7288001e0ec7df9f3f046e2952469a,C#,C#,True,0.14620666122649828,True,-1,validation
pop1k7:src_002:401,64aef0a68f05e8a84059d14ca1f4d9b779e07226d93a676405a9ade6c4d73e63,E,E,True,0.08566416740305471,True,-4,train
pop1k7:src_002:402,b2157cbefcc8aa68d8da55e3cdc52862164ea64fe0469567869df06c5585fa0d,d,d,True,0.19138508616475047,True,-5,validation
pop1k7:src_002:403,4c6acc8a567dc288d8d2e92c9fb9ec0155638ce808865f147083394c0efe5603,C,C,True,0.10340507433317181,True,0,train
pop1k7:src_002:404,919c4b14622debb783267c4d971e330d558f5f8223a19ac603cd811287f2312f,F,F,True,0.09675833326670946,True,-5,test
pop1k7:src_002:405,d4dd13540d30e57ef07903d3be2ebb47ccf4c6b1788e64f6ed4963da85040ccf,A,f#,True,0.12453422967646488,True,3,train
pop1k7:src_002:406,008a3b7cc14f0e782fa450621b8c64baaea973834a1b4d22c2b1c2662e344eec,F,F,True,0.04257574597768987,False,-5,train
pop1k7:src_002:407,fc2e13e86a26f6b559ed4d45d0a80e99e78566ab0abbe6469769eb6c0dd32139,F#,eb,True,0.11803389698241173,True,6,validation
pop1k7:src_002:408,a6b645dd9b5da429dc3f2c8c6f52c9b57bde97aa5567cdccef38784de19edd42,Bb,Eb,False,0.0015286580233740965,False,,train
pop1k7:src_002:409,1d777c928426aabf297e64d0283a0c1a29f9962068a2d3e41ddddf2b46ac1f74,D,D,True,0.086197752647583,True,-2,train
pop1k7:src_002:410,f3e1050b0f9b07ec9132fd68b94f0004b600de9a2a7cd52933698992e9daf9fd,F,F,True,0.08623822139663684,True,-5,train
pop1k7:src_002:411,d7f7bf497efaf7e0d81349750c73864df1cc5df09396385150d44e4158d4d006,d,d,True,0.04847741957356255,False,-5,train
pop1k7:src_002:412,ec6022c7c3c885015365c0cc271045fdb94028dd57d45214cf9560c1a48d9268,g,g,True,0.14489131607206318,True,2,train
pop1k7:src_002:413,7c1fc60010cf9805fcdad635eed9a73777e710c4839778f7e9cafad25e677a51,F#,F#,True,0.06468700112125114,True,6,train
pop1k7:src_002:414,a5a43187da8f0364df838aa4ed1746a1260d6f517e7bdadbc71a455d447f1115,F#,F#,True,0.1952388422446163,True,6,train
pop1k7:src_002:415,b8566aafe1376b385373df202dc68f23613bbfbf7b508ef014c274384e3c3e81,G,G,True,0.23642819501641876,True,5,train
pop1k7:src_002:416,f8c9476944758a12ba367a5b59896740cb5e2679c962296fd834f9ca7639e513,b,b,True,0.08630174766426957,True,-2,train
pop1k7:src_002:417,91c8964557ba577d92fad49de8e10274568705e555ff3717b9a20d9848401203,G,G,True,0.11976341328360995,True,5,train
pop1k7:src_002:418,75ff0174a62443e0d24a3a255491025e36811893d9c838ab794b09dd3e5b184a,Eb,Eb,True,0.0646006552497731,True,-3,train
pop1k7:src_002:419,05d5bffdc367bd45429a3c3b1f674e10b7c7f86f37d79b678152a93f85de6249,c,c,True,0.0246155625784773,False,-3,train
pop1k7:src_002:420,17c1fa6984a454cb12f76dfe79e71e2c3dc2e83c3d1a3372d886491e9bd18ea5,Ab,C#,False,0.004125112079693238,False,,test
pop1k7:src_002:421,77115c3d6aec619c5363c122078ee6cfcf8252a3de43fb9e65ef52dd32268539,C,C,True,0.21920694068767987,True,0,train
pop1k7:src_002:422,724d8a97ef86ff01d88694216c33ceec1757ec47516ef5bdd2380bbcbaa2161c,D,D,True,0.3294561304970256,True,-2,train
pop1k7:src_002:423,6c9a486f67eaa51de0cdf12720d27e033158810fb2cb1eb6b97c90caa56d74ef,c,c,True,0.010180603206296768,False,-3,test
pop1k7:src_002:424,497384860256459ebc9316ac3560dca92c0881e25a2333a49a6afb11b5917dbf,C#,C#,True,0.21370705175108162,True,-1,train
pop1k7:src_002:425,d27e7187b1f2f69d74d97c80ec7ac8bf1995968b60d51ce1591aa28872c0e16a,Ab,Ab,True,0.08406103062568238,True,4,train
pop1k7:src_002:426,b62f5307f1eb61f816ba7dd2a97465833712efe8e3ae368c4670b97f14f3d009,Eb,Eb,True,0.001558203513342793,False,-3,test
pop1k7:src_002:427,703152706b3f3075822a7485e812ca14001a199a485194b2312c25ec788d0158,B,B,True,0.20576574330395858,True,1,train
pop1k7:src_002:428,2dd58c7af9aa8ca034758415b6d6b838eecf185c1438633d191fe368487b097b,Eb,Eb,True,0.06204955135999446,True,-3,validation
pop1k7:src_002:429,c1a02a7b06c5a8e58994fb4e9155b3e3bba8e2c05dfe92876336adbe7899c085,Ab,Ab,True,0.22957432769241215,True,4,validation
pop1k7:src_002:430,b195339a8d4a570bafece384616b6509d26dc821fb20a24672a6523f2defdbab,d,d,True,0.15078102497444512,True,-5,train
pop1k7:src_002:431,7029689c127adfeb9312ab46cb783546bc169f32fc7cef1bd37639e3d2bd106c,C#,C#,True,0.13697904971029307,True,-1,validation
pop1k7:src_002:432,610653c09bf85cd186ad53755d42382b58bfcf4bb66dd85ee8b1427fcb2515e1,c#,A,False,0.039296116337577125,False,,train
pop1k7:src_002:433,76e30dde6343cf2314f73ac6bc83ea646b714af55392b0524e6b2e4fee53f77a,e,e,True,0.08889342620697682,True,5,validation
pop1k7:src_002:434,3f1265ecb1c5812cd4d8259ad9fdc16b99961b0f9215930b93a7a0dc62212e7c,Eb,Eb,True,0.20068010824529048,True,-3,train
pop1k7:src_002:435,2ed3ae2bd868cb8c9dd0cc36c23b9b0363a1fe7d2b596c7c1004c0eab1dcd4a0,g,g,True,0.13264365572469594,True,2,train
pop1k7:src_002:436,834eb3e95c268d5ff8daa6c6d3e57ef8564eab39d1e6c87ebb9520ab1d97892a,d,Bb,False,0.13236488394706802,False,,train
pop1k7:src_002:437,50e519db88a418f8617ac4ba003535d43ed15f81eeaac5f8b6dde25bb0fabdd1,C,C,True,0.056740802670760315,True,0,train
pop1k7:src_002:438,bc3eda3f44d14c7c255a0a9082377222f85b00385dcfff3dfab4d9807d43dbb6,b,b,True,0.04135903299762789,False,-2,train
pop1k7:src_002:439,28bbef550c47f8d0399d4a0a10e95cbb01a3bb570e46a6cc3cf9c5d28cfccbed,Bb,g,True,0.14436420574204356,True,2,validation
pop1k7:src_002:440,f4b81a3eac58f1895ef711cb55f1564666fbf900bfbdd93e884435d401060dba,G,G,True,0.09658903891028203,True,5,test
pop1k7:src_002:441,d903f8cca981ea8982bf806fa100d80450a8e119bf07e75c4b6f76f2eb730ea6,d,d,True,0.1425923817779583,True,-5,train
pop1k7:src_002:442,d75e10587ab54060ce244938e878311e96b0ef463304bd9cc6cb46adcea530f3,D,D,True,0.048367741849159374,False,-2,train
pop1k7:src_002:443,ba810a76edbffd1723455c8985f54d75847fa3460718d081a17be4d7d38111c7,b,b,True,0.1048859426715596,True,-2,train
pop1k7:src_002:444,bd0fa0d424f8d3c2a853ed8b0d44f16eff49bc9742ae1665e0a52c564725dab1,D,D,True,0.27789787697158086,True,-2,train
pop1k7:src_002:445,6b4cd695b881c65e5436165be0d3065deae76c0e6d8720588aa9defc3bc65421,eb,eb,True,0.15565774005139343,True,6,train
pop1k7:src_002:446,5ffae6731f0614ea5fe954b6968a6ef637120a5a99f48326ed04e257249f3544,A,A,True,0.0017317215766122773,False,3,test
pop1k7:src_002:447,a6d937467c18e751f82a96f2a003724bd1796b19fd94e5b4e9b73d842f5c70ca,E,E,True,0.23356976732286994,True,-4,test
pop1k7:src_002:448,eca4b3c3aab5dd5d2f1b6dc5af40ea0adf7454997be1a0bfe0b023684cda39a7,B,B,True,0.028296581665979703,False,1,validation
pop1k7:src_002:449,4a05bcd354c82bcb5a4cb30f379e5c3171b0e80b1835b717a33e6208383338c4,F,F,True,0.0881264272709108,True,-5,train
pop1k7:src_002:450,1cf9a5649a6bb01c9f424773522d73c7c3088f482f8c6888e98cdbbfa3c65f81,Ab,Ab,True,0.1746878232256549,True,4,train
pop1k7:src_002:451,1ad33ee3c6a610013cd90c83534672cc05d714486d24345e232386a52e11dd98,f,f,True,0.2630324976698858,True,4,train
pop1k7:src_002:452,603ec00ab97b84a982f2ea4a71612efea35b64dfe2ee1f1998dca0ceda413517,a,d,False,0.03220718244009679,False,,test
pop1k7:src_002:453,773f06996ca2ad2df95f5674da321bda4694772cf3e4f881b2e6fa6cccbe8c40,A,A,True,0.14852659146778358,True,3,train
pop1k7:src_002:454,2092ce47621eb149c5830d89481336d1cfc3d7d527d5900df62142a71dbb1f5e,Bb,g,True,0.17733858111411027,True,2,validation
pop1k7:src_002:455,3672c7d870edbfd431edd95248829d1782398986acdda1dd3576a0470fd1072b,g,g,True,0.19341476857297368,True,2,train
pop1k7:src_002:456,4782db9aca150d25ae5dd32beed0466e6a535f3de2ba0aee84068921c0bb0e27,G,C,False,0.0532149910087919,False,,train
pop1k7:src_002:457,c9c3546810a61edde62a795bfbf92433c781d0c41617be4816cf53de0c72ab25,G,G,True,0.19057027613158117,True,5,train
pop1k7:src_002:458,30bccc15683f40d13c5a806a6eaefce0b62fcdf6f8f956bd6ea6eb0cf890f03a,c,c,True,0.13881665650176023,True,-3,train
pop1k7:src_002:459,9dc0747009add6e00eefa4821f79735591546148cabe41da82dfdff947a3d3b2,eb,eb,True,0.3158674881624156,True,6,train
pop1k7:src_002:460,4875f698d7f371fe7fc5fbb586e80f26df968ec4a0afd975ad8d27dac6f1862a,A,A,True,0.14530922960737236,True,3,train
pop1k7:src_002:461,caf1f792c0a061c76cf5166559307599dd7266550eecbf38c3fae4631a54a27b,f,f,True,0.11475976083545458,True,4,validation
pop1k7:src_002:462,90ae76dbc94827822cd726f5ae951c2178e93f99577a0758371941934e355604,Ab,Ab,True,0.3073569047507675,True,4,train
pop1k7:src_002:463,506e5b094f714788f720b4524ce030c04ab766f0f2840a97b1755c8bea584762,C#,C#,True,0.11767519405945215,True,-1,train
pop1k7:src_002:464,5756d134f0ee473787291ca67a21435c7bdf258e0e84eee3dc5510c7b4c31b23,F,F,True,0.09616332469733269,True,-5,train
pop1k7:src_002:465,2d1fa87d8ba9b53e187d724c87942a19a0f754dd1090eadc57196e3e75306265,Eb,Eb,True,0.08703727513222637,True,-3,train
pop1k7:src_002:466,fe32d0fd6ec1dce23ac2c90928cdc206b49e810aef8699d09ff5f184609d52df,Bb,Eb,False,0.07596724008936329,False,,train
pop1k7:src_002:467,11160cb7f2704b83c7aff1b67afc73b44f8bd34cea332ebe66216d6c1e86cbab,F,F,True,0.2351225404202446,True,-5,train
pop1k7:src_002:468,723be9be98a5837c131e112ca522bcfd6106ab7752ad4eabb88919e589750220,Ab,Ab,True,0.19851937592901314,True,4,train
pop1k7:src_002:469,850ef7717e6fee7e52b21ebb88bd8069d1381fc1794cf7209cf4a703e97009aa,E,E,True,0.1646482156463347,True,-4,train
pop1k7:src_002:470,5682bd4d6d34fc48750d973fe8f0481468c31c0aaabb9e0db72b7d76de2da00a,G,a,False,0.026224944127288485,False,,train
pop1k7:src_002:471,bda72d689679a681d0cb4692e258db18ef679a26095628e22eda2e9f20dc0fde,F#,F#,True,0.14389907045600003,True,6,train
pop1k7:src_002:472,68b3c292dc9a3335e048487be7ebae82a6d6f30ff3d7e4e0ed490067f1022394,F,F,True,0.15382414273427958,True,-5,train
pop1k7:src_002:473,56f450d5b9570250c069432e1cb7b5d4e59a2a77f9d507a71079e129afba64cb,G,G,True,0.1912150037326481,True,5,validation
pop1k7:src_002:474,32dab32f297554358ec92114e309955effcd1454f0ae878394b072c72f741452,F#,F#,True,0.21279511946092,True,6,train
pop1k7:src_002:475,1f5931f2e7cc4e9642ea9b5e6248e3d7698fa4ebe8116259bcf5bffd40540bd0,C#,C#,True,0.17782009955287892,True,-1,train
pop1k7:src_002:476,a4f0ff14fcaf059d3c88342ca20550b527d87009cac1b4470f5d309eb8841e26,E,E,True,0.16106116245096525,True,-4,train
pop1k7:src_002:477,9e755eba4092dfa1ebb940051663cbd2b5122ba1c4184350789ab1ce4b4eedbb,Eb,Eb,True,0.1514594540573745,True,-3,train
pop1k7:src_002:478,e24ec53fd355d983fb793b9e5c28ac01b81f27fa240d571ccc855078b74187f3,C,C,True,0.19757013912517452,True,0,test
pop1k7:src_002:479,429b702f5a48c939012cea0c67139c81267d501b112200543e0b5eceef1a5415,F,F,True,0.16207201884388078,True,-5,train
pop1k7:src_002:480,a7199bf5aad646ca77eff0a425fa17c2517cd7d0f605500376ac4d0a03bdada7,A,A,True,0.13069677967567306,True,3,validation
pop1k7:src_002:481,75c6018bc2e4594ff1219b1441f6eb5f41f26b9ca17580247db31181d594e230,C,C,True,0.08266481418293836,True,0,train
pop1k7:src_002:482,68431bfbd487710caac24f1f202c84fce7bc01114a40337b128cd485c4145603,A,A,True,0.19801793859319194,True,3,test
pop1k7:src_002:483,b9fc909687f6866f8a55e4c60ddfcc81f989959ec834013a594a9a92e75771c6,c#,c#,True,0.20992274976888925,True,-4,test
pop1k7:src_002:484,1ea979e2c0493eea8e70f42838d06663bda1952811ae4955df551ff6a34d40d1,b,b,True,0.13546986536696248,True,-2,train
pop1k7:src_002:485,08c7f1cd9bbf33470040527a6bb28f2568e54bad99a6b137a49862550957127e,ab,c#,False,0.0015496638482707104,False,,test
pop1k7:src_002:486,5a719b98076a807c2dc8788bf771bca4a02e36599214ba6d3d45294742745f82,b,b,True,0.09443160501728365,True,-2,train
pop1k7:src_002:487,262f0a632c9e66515d9a8f3317c84f3ab5b5e393a76f58aee07bff3c157c85f9,A,A,True,0.1601814465314868,True,3,train
pop1k7:src_002:488,586b5e52d471a38b86328009a9ab5cdfb3f887930d7a60f3496cf41215b2b39c,f,f,True,0.19152503076219052,True,4,train
pop1k7:src_003:489,adb0e92bc8bfd854c39f781d674ba9c6d4808a2df123b9516d41c735ce1d646c,D,D,True,0.10254956127695303,True,-2,validation
pop1k7:src_003:490,9a669bcf3f22be53c2bf10c5a5b0c4c3db6f05f208fefcb6f50881ffb876e1d3,Ab,Ab,True,0.0816237666970816,True,4,test
pop1k7:src_003:491,84faa42a26871ef1562fac1f18f58aa20dbb4d89e95fc8986d16c2282df33f2a,Eb,Eb,True,0.23232784033648524,True,-3,validation
pop1k7:src_003:492,b54bebbbaf6d3cfe6481a0e1af6ce24bedfd0fb5bbdec68a4d102db7cb2022c5,F#,F#,True,0.18303381465842627,True,6,train
pop1k7:src_003:493,f10a53e90ed19bc51e3a710e81d45521547651060acf7a9cf7801fd2198d1a19,a,a,True,0.20790987506886016,True,0,train
pop1k7:src_003:494,e32e0ebe33ec9c25bf3a08ed50cab95ae9138b232446abf6c66ac9a88aed7b8f,c,c,True,0.022551129744006526,False,-3,train
pop1k7:src_003:495,cf037b43f0bfa02997434cd27be33fb9b216a07ea5b48f03eed56400b96e9b60,C,C,True,0.012702963339469742,False,0,test
pop1k7:src_003:496,25bf7abd47c9a127a7df937660e30899d92efa2e93cd2f5d9fd3cc12384e60d5,c#,c#,True,0.16342474469398482,True,-4,test
pop1k7:src_003:497,37f1cef4bd20a19e6957f070646605f441aa2e43e6cb9122300e1470cd2c9cc6,e,e,True,0.035732340636194126,False,5,train
pop1k7:src_003:498,19ec70e6a44f5ec50fd4c0328532d12527112ae48377c40c2fcb4ca8025d0839,c,c,True,0.023264069467476056,False,-3,train
pop1k7:src_003:499,72af47df68de84781d847b3e287281be832786e03e39a84e250fbcd291216b24,Ab,Ab,True,0.16462368267954386,True,4,test
pop1k7:src_003:500,c80f1d71a14685778aeb3b0431dc96915d06971e95ae6a8aec9adf25ac62dba7,bb,C#,True,0.15198142131558656,True,-1,train
pop1k7:src_003:501,fdc0f476bf0775847353faea36105947723647388b618b19092c5bedb92ab7e4,bb,eb,False,0.008485612794552622,False,,train
pop1k7:src_003:502,5f827afa132a727309e41065e13071818e7de26f2b614588a3b8353b71183b10,c#,c#,True,0.06373213632504082,True,-4,validation
pop1k7:src_003:503,2505813f2cc9bd03eac2012585569598f8f7abd5e19b06f8f5220c2d885a99c6,A,A,True,0.06273193268732224,True,3,train
pop1k7:src_003:504,bcd0d5e4baf15a4242dc007447ba4a19b5c1925f89278bc6c5aadc172832fb86,a,a,True,0.09637540634544528,True,0,validation
pop1k7:src_003:505,3da8e2b33dbbaa4c38b9e2d47bab2f2c72c2a384c8ca627b18e35d21e0252307,A,A,True,0.03771757273657661,False,3,validation
pop1k7:src_003:506,5192a539ba5a1a43282a6b464bfc576c42cc9ed19076a2a534e6d70b232ce0ee,f,f,True,0.012782475085753475,False,4,train
pop1k7:src_003:507,caf60cbfff27d5bb1ef8609679a75d7990c1c63f0b8c3da5f4b154992fb545cd,e,e,True,0.11278895037980352,True,5,train
pop1k7:src_003:508,0ffb902f9b2346e9a1a8e90b8bf8a045b2210cdba9d67f099cd7f7ba125dcbbb,G,G,True,0.10703320939591143,True,5,test
pop1k7:src_003:509,4dbff60b3c2547b39f3d29a972d7bd9906e3f366d64d87a070b671476be81012,d,d,True,0.19314583237470517,True,-5,train
pop1k7:src_003:510,da084cfeb58666c569e96da56c887e3389a02b99d313368b2b9408c5269ad1f1,D,D,True,0.018473407761306793,False,-2,train
pop1k7:src_003:511,413477fb3999a40652848f225a51dbd8baec16a485a68b723284af7edd3ffb20,E,A,False,0.06359510051080652,False,,test
pop1k7:src_003:512,c136c19b0885cba7f646d6d18f04e9fa8c571230072323f655997428f71519fe,F#,F#,True,0.1528718029691365,True,6,test
pop1k7:src_003:513,48aefc87931436791af9fc25f928b0dd5739d088f79994f2ad445f1155685b2c,d,d,True,0.061035871200918246,True,-5,train
pop1k7:src_003:514,1f932aec63f5164a91673a34a3436ce5dc82dbc14040e8e230f145185b900987,d,g,False,0.0484484255017581,False,,train
pop1k7:src_003:515,9afbbf861ad37e8441a42402845a6d4a9766bdfe0b916315f20dd0308bb39fd7,e,C,False,0.059556013614991854,False,,train
pop1k7:src_003:516,acaafac6e66766965241ed115bbeed384d33f9abc7c20c5ad7fd6c880d401122,g,g,True,0.20755211747976776,True,2,test
pop1k7:src_003:517,959c7bece1da424975ffa32df5cb58d6b91ba3826e0f245b9660d7d25f2f2943,a,a,True,0.07558626812437164,True,0,validation
pop1k7:src_003:518,17cdaa28e749734af03941e15d7826ec23c2c9546f00dc7396f2859674c4c145,C,C,True,0.1347233935958757,True,0,train
pop1k7:src_003:519,a544921e0481ad18f9f4f3b898cff8e4d01b0d071429a0e2e1b9b1f424b172aa,C,C,True,0.088420284644939,True,0,train
pop1k7:src_003:520,196d28ff891979daaaee0906c5fa7216f1a7d8562d7435fb6ef97056560eec37,e,e,True,0.17819620019825655,True,5,validation
pop1k7:src_003:521,1e2a3f8d25f8fa901b64c5350ade7efdb55d35189cb90cf17f215bac8a6da4ec,c,c,True,0.21510515060336688,True,-3,train
pop1k7:src_003:522,e7b19c65f4bea1c773b27039cb9b57a9e83d7f470db5b6505cf81a53d773af7b,a,a,True,0.18680319373315746,True,0,train
pop1k7:src_003:523,f01b5088ce95497515a0870512dc96d69e5f844d89568d46e4283b987a151c49,E,A,False,0.025615692267522694,False,,train
pop1k7:src_003:524,d83e6bc67ba1963d510223cd9dc3869939e06f2cdfc3c5bde84d5b7c9b960f81,G,G,True,0.08773862387474718,True,5,train
pop1k7:src_003:525,f746d7c3e430d576eed3b0149de43c0da2a762646eb4be05d423c67958eb32ad,e,e,True,0.3063736736429544,True,5,test
pop1k7:src_003:526,a060a72757363efbfb02bcd1677c499850f69f2287a45677a00038935dc27fa1,E,E,True,0.15253251412754631,True,-4,train
pop1k7:src_003:527,cbadad54a2869f34be0ff3994c5f28afd6ad71bef28228df44166a9d0b54cc83,C#,C#,True,0.07006542025920659,True,-1,test
pop1k7:src_003:528,d83f4ce19a3c1a2c6661b64d09809d496ff8c25fbfe7e0203261baf32d731e67,b,b,True,0.06305165391196454,True,-2,test
pop1k7:src_003:529,dc4d7a5000ccb2949520e4fd9971d8a4b595af56b33da1d3510a077e65a246b3,e,a,False,0.06967787174000162,False,,train
pop1k7:src_003:530,8495c4b703591cf58bc96c635b827d27c34598a5161c07af7ae5bffee5732d50,c#,f#,False,0.027202138370442386,False,,validation
pop1k7:src_003:531,171a1fd1d4f022e823fc8de58daa2d1e1b35cca132b0111d2f761211495893a8,C,C,True,0.11616428429046477,True,0,train
pop1k7:src_003:532,6c67207a81dd6751081c3cc4989c3c8f2a35e3de4d43559efd8330a7396593c8,C,C,True,0.10239404172724942,True,0,train
pop1k7:src_003:533,1bd8313479a8fa842dba061bfe598ef5d8e91492fb1aec69ebfa4b6428c2de0e,Bb,Eb,False,0.06497566069661209,False,,train
pop1k7:src_003:534,17bb8cf84aeede52e732b9308e973822edae6de281c07b22776c115e9f83001f,e,e,True,0.04925319427381225,False,5,train
pop1k7:src_003:535,6345cc5e2f314c0f164c59ad781848e40a81ebcc65375ec76d86e458c07788a4,eb,eb,True,0.07629672379765051,True,6,validation
pop1k7:src_003:536,2eb93793cbdd7afde9905616fe3a37b84f33516418a5f91abd85a3f99bb47bbc,Bb,Bb,True,0.019880396106567333,False,2,validation
pop1k7:src_003:537,fd9f8d29026ed3c275c54919eb4e4c2bfaf1d8f4ac8630d59bef1d219d4c1fb4,C,F,False,0.07610092727249596,False,,train
pop1k7:src_003:538,6ef6ef3eaf4b3e97b1ac2ac1a17d00a1ea4896dc617732407ed871502d713ecf,eb,eb,True,0.09591885479374418,True,6,train
pop1k7:src_003:539,4fdff14f8fa08f15b56c87939639925a8187ca8ce225e74fe8629f25e846abee,e,a,False,0.0869991343403036,False,,train
pop1k7:src_003:540,cb06973cdf2be29c35d408ba0864c7b48bf5a837190b66a619f2bafd6e96d5dd,c#,f#,False,0.08321185120880159,False,,train
pop1k7:src_003:541,b1529a7d198656c680bb018dcc702430fb10ec28fe4c50ea29ae3179e47801c2,A,A,True,0.21779056958273857,True,3,train
pop1k7:src_003:542,d9471d0d5387f3d02056fdeba7317cfaf4a23716bf200b020f1d0c8bd1470489,F,F,True,0.19337025706548816,True,-5,train
pop1k7:src_003:543,c19a4b3321dc4381454fbf2ccfbf5f421ca65c522bf7483e1b3607861e4824f3,c,Eb,True,0.00016969535321209595,False,-3,train
pop1k7:src_003:544,7eea41a3c7608159a8a092ba89cb1513e71c051f38327b0dd2fe5854fd3c9748,D,D,True,0.1908985270096053,True,-2,train
pop1k7:src_003:545,adf3cd3877422ae475dc81f2bd38feb8726c8871654ad13f5d8a7a4f2c301a5c,B,B,True,0.04486520696224894,False,1,train
pop1k7:src_003:546,9f005c5ea25f1290315eb5a803416dd7121434a5ed0cf123d3da7b94d4c9589b,D,D,True,0.012279070690357274,False,-2,test
pop1k7:src_003:547,57b67a463281f5ece25b9a9e064239588d5e274895a4b9ea44add2e22a62e0fe,Eb,Eb,True,0.23922853481514084,True,-3,train
pop1k7:src_003:548,f5452f17f3fe1f5e557f781e220f72c2b99cbb97a23547b741d70f46149af6e9,F,F,True,0.19657630721581743,True,-5,train
pop1k7:src_003:549,978483b044d1a41e3c6c8af78f03871f4f75ebda407873bf51e68b164918a086,D,G,False,0.02983788331236492,False,,train
pop1k7:src_003:550,3c8e3fed91269a2932bbeb19dde765cd54e605602fa7520e8f32ac97db34154c,E,E,True,0.11498490632756908,True,-4,train
pop1k7:src_003:551,b3403f92401f97f03a9f41c4fef70ccb1d76850b982502ec501cfab937874c18,ab,ab,True,0.058456068966429076,True,1,validation
pop1k7:src_003:552,4c9b32d0362c8a6ee40bcb80e174edf0452cdb6b4eb6abfc37886dbe3b1661b5,c,c,True,0.08062961102119781,True,-3,train
pop1k7:src_003:553,09152ed500d8646e939a29e4baabb39e4a66a9f0d1842ea68d62920d7eea4b4b,e,e,True,0.24552713806954618,True,5,train
pop1k7:src_003:554,b3d3a2740f88e12bc0535632692ef1c5dc3dea5807259782bfd7c2e0a2eded4e,bb,bb,True,0.05308398715730134,True,-1,train
pop1k7:src_003:555,fa3a25525dc1ad6a1d0669171173e02fc16befe60a5e66e5df3e2743872e4827,a,a,True,0.025746269534529742,False,0,train
pop1k7:src_003:556,430a946a4addb72bd9832c5daefd9a7f7e6a2667ba93b0c348e7b62dad095cf0,a,a,True,0.036175096486614655,False,0,train
pop1k7:src_003:557,8540ff339d6562964b8aa2ff51a755acec6fe9552050c84029f7f03b26dbd2cc,D,e,False,0.01023249239342483,False,,train
pop1k7:src_003:558,6c46f026fb3ec15c33005925a2ec0aa2614a8f13112f95a28a06e3f28433d721,A,b,False,0.01807486659415658,False,,validation
pop1k7:src_003:559,cafd504c6944c00b16dd3cc3eef54a079d6410cf48004754deb3e6556fcc270b,a,F,False,0.07789140714225096,False,,train
pop1k7:src_003:560,e4abdeddd3c7fd47e082592703872747ec54eba5f92e0fd84946e7fea32c88e5,e,a,False,0.07083290348642135,False,,train
pop1k7:src_003:561,8bbd309737b8524fb72b3483ab3e882bdd594a4bfc180015507428cb07e19f1a,a,a,True,0.10599773812236002,True,0,train
pop1k7:src_003:562,5be4a6ac4d0e0dda7d2e068513e4d562f9b07475c1eb00b176d1220f0c3be622,ab,ab,True,0.07927205659679559,True,1,train
pop1k7:src_003:563,6b9c48030b5ac7fec102811f8f42cba423f3bb8af811c5361ef2c6ddbc2c11f7,G,G,True,0.09034080148460055,True,5,train
pop1k7:src_003:564,f600ec948c0af43b3007d38ad719d7447dcaea67cf09c19bc5852e65570aa3dd,f#,f#,True,0.08501935597642374,True,3,train
pop1k7:src_003:565,2fc97df44500f10935306b105c5cb6e23364714da35d9389c3cc395147ec4dd4,Eb,Eb,True,0.14401605603770806,True,-3,train
pop1k7:src_003:566,3714a99ceb400186cbe37b415d7053e206168098d189d596255b32df1a2a5b90,Bb,Bb,True,0.024760719846832036,False,2,train
pop1k7:src_003:567,1721c975b7e1a22a2191e2c77977952da5543a5b0ad8094ec26a84aaba98bdb5,d,d,True,0.02710569112025507,False,-5,test
pop1k7:src_003:568,783166c9405184ce481e04d6d0b68d53cf19ff97de7071624279a57acf82f492,D,D,True,0.1467982811522508,True,-2,train
pop1k7:src_003:569,06f7415c9dde45b5b908e25c3793f1800825dcfbdd400584488f40a856b377a4,bb,bb,True,0.096287645313898,True,-1,train
pop1k7:src_003:570,4801337347d1be20934280bea1eeb7b07bad88abc597f0502777de1eb5ba650d,A,A,True,0.09677699882234281,True,3,train
pop1k7:src_003:571,a2d9c5dc19291c4049cdbcbb7e4ca21da208aff0203448e805cb1cc2a740f285,F#,F#,True,0.2445183594611131,True,6,train
pop1k7:src_003:572,69b5a3f90c5e9eb3d78990ead587daadb993d0c57d6b2521adffd51cf776d26e,D,D,True,0.25250860883566006,True,-2,train
pop1k7:src_003:573,9f3897a136e61cb38cc5c206c2b995ce429292b4f3864deb25055925fb863a78,Ab,Ab,True,0.1569786999280075,True,4,train
pop1k7:src_003:574,2935a5027298de5fd41bf500829915a7cee7ce04f699a9235bff2809c63aa416,f#,f#,True,0.016837811901351696,False,3,train
pop1k7:src_003:575,ec3597ce559791b2764a5256d3d712801ab08c74413da930cbad886c1c7c18be,D,D,True,0.20826351380269148,True,-2,validation
pop1k7:src_003:576,8981de58bd483cd59c33295af4225f7cb25c176f9441d15c197cc071f95074ac,Ab,Ab,True,0.025056685420116298,False,4,train
pop1k7:src_003:577,dd255f12ede082130119d62a7f095dd75efc368bdc8b0cabbf2bf11149ab13d4,Eb,Eb,True,0.14492337796045285,True,-3,train
pop1k7:src_003:578,53a833b164ce7490abec06303c227838260f02fd1e9f3c89bd9b5d84b0aae8a4,D,D,True,0.06498111230945292,True,-2,train
pop1k7:src_003:579,9fdb7d6228d6bda450ec7bfccca12ec19a89cd7e56c79541ed318be5031dd0cf,c,f,False,0.12567485626503638,False,,train
pop1k7:src_003:580,04aed5889c67c8477c93b0c377bf42e94051659e92e352961440e52da43faafb,a,a,True,0.10460136426508204,True,0,train
pop1k7:src_003:581,519e45e9cf767d679a6002bd2a15367c2377bc7e07b337668014caf581fd6b52,A,A,True,0.18110176410298473,True,3,train
pop1k7:src_003:582,cebe784fc8972cb6d24f865e63bcd5f9cc576fba748948d6d05b4d8d97bf9386,E,f#,False,0.02947071277428004,False,,train
pop1k7:src_003:583,a24605298dc9c085b841923e25b697693db9beadc3daff1a8b79f0b54776f6f6,a,a,True,0.10242630855845292,True,0,validation
pop1k7:src_003:584,91baeeb4ec753b21de95caddb0c2b8609855cc6e94cb56de3fe108c2070a40df,C,F,False,0.027169651345153367,False,,test
pop1k7:src_003:585,df5938a38cc126604fa5a9c3b283f50c5dc3b06502cd6f4220e6610085eced5a,F#,F#,True,0.0701019310021912,True,6,test
pop1k7:src_003:586,d335ad62cdc51c93dace33ec54fc974630cb4ae02433e9429b8d471a7be4c982,Eb,Eb,True,0.25703940140464066,True,-3,train
pop1k7:src_003:587,aceb995c4b6356197708e5cfecc2612894b4ba0ef7e9b297ff467c15c013d089,E,A,False,0.011876166547083233,False,,validation
pop1k7:src_003:588,d31ce9d2c7a3bf99434027ef365402f73cd3f1c47b190ba2abdb558203171536,f,f,True,0.24683337563097973,True,4,train
pop1k7:src_003:589,5abfadd45924cf0a242e77271a8a2bb4c43b3730e6fdb0c58736079c5b5ac708,Ab,Ab,True,0.16697110421115446,True,4,train
pop1k7:src_003:590,d898ab0e8de57fd73e650a6319b628cc2c6e9549d4829fb1f3c61ae9bd640b1c,C,C,True,0.03456428204396955,False,0,train
pop1k7:src_003:591,ec6e7ed22259f5834e5cd1868cfc5543a9f4d00c5d3a204af044a02654039b50,b,b,True,0.05350226119971113,True,-2,train
pop1k7:src_003:592,ec1fc0c989195831234f3b97a88eaecdc7d058fcc3838ac46fbbbe2d10f2c5ce,ab,ab,True,0.0471235803832899,False,1,train
pop1k7:src_003:593,6dfc34cb9a16f25ff88691d3061b6c6af4d461a289aac9ed04ef143ab3317101,Eb,Eb,True,0.11966866109839858,True,-3,validation
pop1k7:src_003:594,a8968efb9fba665a93a77312418b8106ddd2fff9ec71ad057611db1386613c68,d,g,False,0.04328891897897591,False,,train
pop1k7:src_003:595,9051a20728cc83b971ccf9d7dc38a49a674da2ace2953de71728da551a4ba877,a,a,True,0.10344093906554264,True,0,train
pop1k7:src_003:596,5143483776b3b480573e83fa2df763148ebe5dfe9addbc8146d7f1c6f0e5d441,E,E,True,0.027766263001111846,False,-4,validation
pop1k7:src_003:597,b4a895b07cd49cdfc7d1cc22a46dea6df95e749b57948de1d895d03ab6263c7d,E,E,True,0.1192932727902708,True,-4,test
pop1k7:src_003:598,cef66c3f1b16f99aa7e269d2989a95a15d76a94e755464f9f41dc3c9fbd297e0,C#,F#,False,0.002512547625177497,False,,validation
pop1k7:src_003:599,49c014ad39ac7971a621fd83b899e4521f5aeb3d50e1a234bbc50bf75e165bc3,e,a,False,0.15669635096897816,False,,validation
pop1k7:src_003:600,63dde5fca7f58d96764bf3e83a88abacc916db38688c6280cb0891778bf972b7,e,e,True,0.22997542065270993,True,5,train
pop1k7:src_003:601,49067556c407ad2ccf7adcdb09f60a061081b5a9b3ffbaf2a13d07eb1005dc89,e,C,False,0.07312403434028991,False,,train
pop1k7:src_003:602,82eca88da2302761378fdb963e9ae6d406695285053dbdc7bda6050b67c4f4c1,c,f,False,0.05733040267467471,False,,train
pop1k7:src_003:603,046d879a6f7e86c8ed10f70c3b72d2eedc667a69782b797adbbb9dd466daf564,d,d,True,0.10795444584298208,True,-5,train
pop1k7:src_003:604,f2f718c67021f82f42b0d65b64b68b04cb3d41c1caa18d47f8ded0012e3e8fe9,f,f,True,0.13392856869069136,True,4,test
pop1k7:src_003:605,ffecfdcdff7b375a0017a6f7e37853554529420fe03c66f16252bfa3473075ea,C#,C#,True,0.1274680349133971,True,-1,test
pop1k7:src_003:606,dfc9e0ef39650b135ee83bcc95eca8fceeaf813fd2d763454ee33c392d744533,g,g,True,0.12125651939225879,True,2,test
pop1k7:src_003:607,d500708e99c70207dccb73d1c826e6b48ba1654c63d557bac732bbe1b6254930,ab,ab,True,0.03515806684763978,False,1,test
pop1k7:src_003:608,77092408ec8c608d163a959a01148a3c4d8e6af711832d418e1392c87d4dd852,F#,F#,True,0.01356764029137858,False,6,train
pop1k7:src_003:609,2c93e0acb0eff4e03893270fc16130c44e0c54ed9ba61eed3ac9d290e25863d5,D,b,True,0.08616275907132576,True,-2,train
pop1k7:src_003:610,becdfbb873089088735515f057cf9ee6eba8077b2b73dc8d6bf600a6408587b9,C,F,False,0.06353837375491889,False,,train
pop1k7:src_003:611,5c65138ef103bf32620dc59b89c3c115a4294556ce838a6ed30937ae57f12169,G,G,True,0.18886920628095638,True,5,test
pop1k7:src_003:612,0d54c3f9003e9a13b54082e6408c04b05b82bc2d74ab48fd7c6eb4452560860f,eb,eb,True,0.13117561740201178,True,6,test
pop1k7:src_003:613,d65442d5870274ff88006cffdf3884fb2090ee836193d3398bf27894949030b7,A,A,True,0.2137353885262283,True,3,train
pop1k7:src_003:614,32e6402cb30b74c5730093dcbb5d58aae2559459563b1eca242ccd0e8540af18,A,A,True,0.17213507134292205,True,3,train
pop1k7:src_003:615,864deb396c128cea843c608d8d10b6a3a53e3bb92b213ba9a81860ebb184b519,Ab,Ab,True,0.14423189208345455,True,4,train
pop1k7:src_003:616,b2cbc54f19dfc1426729c8b060a4ab9c1ea3759bad25d4466d4c96bd2996b970,Ab,Ab,True,0.21153395851080603,True,4,train
pop1k7:src_003:617,5b9628a472a2ea128f680fabd9ce3b6b2c09baf371672e03a9bb5fb73cda75e9,C#,C#,True,0.07755574678657473,True,-1,train
pop1k7:src_003:618,7dd7c88566c0f4f8789f1d48fb324726e9544fa27af00b5baaddc8374c06c3e6,D,D,True,0.18030232033853477,True,-2,train
pop1k7:src_003:619,8b369538f4f11bf2489d954c4f9f9a541d23bdc0cc8709466b6de5b0f946d3d1,C,C,True,0.039235615392343215,False,0,test
pop1k7:src_003:620,eb6050cd2a9d99d77ff5e89e64804d3f828da38b5d94f35c1493d10bad32eef2,Eb,c,True,0.15816753622073665,True,-3,test
pop1k7:src_003:621,11bc5fb0ae796cf3a8f83af29aa749e66ef2e0eec2616eeeaad45aa98bad087b,Ab,Ab,True,0.15461121014683166,True,4,train
pop1k7:src_003:622,8b371b35700f2142edde0938f8a49accc3f48ad16dbf21b05a9d03440cfcff50,Eb,Eb,True,0.15715737967125631,True,-3,train
pop1k7:src_003:623,8afee8d7d56713df706d8e09d513e16bd7864c5e80378d62360bbfe65cc3121c,Bb,g,True,0.07803945470663043,True,2,train
pop1k7:src_003:624,f31d928c9ef6e9e2573dd003384c606b4116873e44080cffc3ba3d21e2d959cf,Ab,Ab,True,0.15752553781926426,True,4,train
pop1k7:src_003:625,fb9357ba03dce804a09b4ea764d35db9cf901579a1d51e148239c7c437f47118,c#,c#,True,0.11826728333491521,True,-4,train
pop1k7:src_003:626,b64b65d5689fbde6a4000c71b2e56ec716130a705fe5606a86dd6de063262853,ab,ab,True,0.10095196378167892,True,1,train
pop1k7:src_003:627,4036ca31e84888f78e5a9b644a5a7a7e3e0aaa68b2d9aaa1db5f33eceb2cf6ae,G,G,True,0.043852338935389756,False,5,test
pop1k7:src_003:628,2e4d9c1ce213e3a286413b2f1e5f7e663e818de2f57c4ad3aa7311a04aaedd26,Bb,Eb,False,0.010719572440726632,False,,validation
pop1k7:src_003:629,520c54fbf1c742fafc6f86c324fa4d67d077022bd223845e678ddea3bdebfce9,A,f#,True,0.18719676932309737,True,3,validation
pop1k7:src_003:630,1a00fb5fa21a047d496803aa47a5d59e4c74d6ca40e2f0b64ac7b88745a53204,D,D,True,0.09657030275116185,True,-2,train
pop1k7:src_003:631,71819b0e37f2622b43d8b6e6cd52074a87432f85966238dbaa31730e64b915c4,c#,c#,True,0.28866217708796604,True,-4,validation
pop1k7:src_003:632,4933ab772aff04bbc65a0ef68a7fd75c10d884f29676303a7b2ab416dc375b8b,a,a,True,0.10099658775311937,True,0,train
pop1k7:src_003:633,bb9991e3867f9a9ab15996acd955794a8d1e2fc549354092655fc9b7300b7db9,E,E,True,0.09094515868490449,True,-4,validation
pop1k7:src_003:634,45636eb69de15cfde40e3e6efb50e4a5f846fe65b4cba75c46f1e7af8bd80e85,G,C,False,0.058750719268824136,False,,train
pop1k7:src_003:635,c8397492c336a9943697d81809f6f71427bfbe7d3302572f012022a7a1512548,Bb,Eb,False,0.019529519979330612,False,,test
pop1k7:src_003:636,d60a87452f4fb1105c798dcd2dc03b11cdaca95a4bf626097cd65d5c60fe1492,Ab,C#,False,0.021175232531480903,False,,train
pop1k7:src_003:637,6bac0b1ad693676be6ba9f78fc9765d6265bc0b4e1c68b3a64bc089d4218cdb4,C#,bb,True,0.10717853769634722,True,-1,train
pop1k7:src_003:638,ccc22f2cf6b6574ad3535a577ad9ee390002aa5fb6d7325f3fa7bbf210bdee27,E,E,True,0.20039183141277783,True,-4,train
pop1k7:src_003:639,602eee78d346cba4d531632f00aab55e3fd64861d66309c7b8e906b09f58c747,D,D,True,0.1225359785076805,True,-2,train
pop1k7:src_003:640,147d102ddb508f3545e32dad01895ab788ddfd0e45f98fbeaa30e947a96caae9,bb,bb,True,0.00814590909896784,False,-1,train
pop1k7:src_003:641,e367470b5687a4206882eebb227e9413de974e0723b91ad9bcc606af6ebc5746,a,F,False,0.002085341329891577,False,,train
pop1k7:src_003:642,5319e307127f7eeb468d600bd9b6f3b478cf9dceeade8d8d286c6e3a177ebed1,c,c,True,0.16273320111011436,True,-3,validation
pop1k7:src_003:643,fbfae5a43517629b8018f880a4cb8176bc593ea2dfed8ec79fd2c467e58ac81b,G,G,True,0.22116202180342448,True,5,train
pop1k7:src_003:644,1f9ee02b6c464b8387727757b4e8c97063c64571799e825ab28e71fd4f2faf73,b,b,True,0.27036125661268107,True,-2,train
pop1k7:src_003:645,1ad56e7f3c5ebe6272e2b982f1676009273869e0bec0e8f9bbf1078779b14a43,c,f,False,0.02378423486087511,False,,train
pop1k7:src_003:646,8b528db9f22317f2b51b0430648ab0059741e69a0b6593af63c5b6a14bdfab18,F,F,True,0.1919527860599991,True,-5,test
pop1k7:src_003:647,b59946ba53f3e070d07f235fb8e0bfa4336bd761c47d296e71eccf53cc542369,eb,eb,True,0.13338439292273674,True,6,train
pop1k7:src_003:648,67dba917d81e194985a7dd4f64f3ae9e88dcb5399efa02ae2c0aee5534a63b8c,c#,c#,True,0.08956550225188686,True,-4,train
pop1k7:src_003:649,728e54a45fdd31e9746a101cbff02949de60e5d5c4d445082fa388413dbad25d,bb,eb,False,0.031424123491803124,False,,train
pop1k7:src_003:650,8e1e3657a39f3e31329e8a0cbee7eb0606d9c83b9fab94bce0a85e9b76b62f2c,e,a,False,0.10032073866177671,False,,validation
pop1k7:src_003:651,2ecf75c61cb35154939701fce1c3017706fa4c0ec25bdb1432e93d6740da4a0e,C,C,True,0.030891984989105392,False,0,train
pop1k7:src_003:652,8fb3c878fbd786bf5c3b9f484cad85a6a2b99a1ba219576a6fe0453e63f4cea2,G,G,True,0.08090877755174619,True,5,test
pop1k7:src_003:653,a3c71b9c652c83a086de94cb4336c651fcbe07e2f4e546f75f234f115042d5e4,D,D,True,0.017677845501946843,False,-2,train
pop1k7:src_003:654,bfca5f3a927b2c1ad7903112b6f61f43f31c4dd9375298b4bc4b6934ebeb27d8,C,C,True,0.10898301329263482,True,0,validation
pop1k7:src_003:655,7c6a5e90c75d8e78b5033bf5fbf99080db6a3a08a46d7c88e0485943c48c7e93,d,d,True,0.026341585478950158,False,-5,train
pop1k7:src_003:656,d3b7651ae81c8979c3afad85d21b0c4c0c19203648fd8aaf905ec593a058c5b3,C#,F#,False,0.054680740149343654,False,,validation
pop1k7:src_003:657,1b3ec88a8baae963e5d8cb29cfe8ed48280431db1e4cdf064726e745797e825e,G,G,True,0.13322657804551696,True,5,test
pop1k7:src_003:658,34b4c50a787be0fac14ae1f0d9dc38b524cf15d678e1c5cd4b234686709e8d33,G,G,True,0.1755967998885657,True,5,train
pop1k7:src_003:659,77fa9f0ad60caee7432fa2687c1d37a697d90a638ed9ecf3d38dafca7f5901dc,F#,F#,True,0.22431119181400982,True,6,train
pop1k7:src_003:660,1a42fa3bd6f56b79b9e28d0a888a6e4b1496feaca121f14cbb694f67318f2955,Bb,Bb,True,0.0073737390475734355,False,2,train
pop1k7:src_003:661,cbf2726ec1343836a44d8eeef377557e05ae6d071c1605759cfff8b8bdf3f634,b,b,True,0.16257995447238371,True,-2,train
pop1k7:src_003:662,5d29de039cf0b1732e86c06aafe3ac3f2dee696a4c9dcacfcfaf6e73398b6d22,F,F,True,0.06349676893960332,True,-5,train
pop1k7:src_003:663,56cb73176a95936b703cd3c6fb518f375b37675981a8fd3ba0c7676cff108e96,f#,A,True,0.05798166064681742,True,3,train
pop1k7:src_003:664,199741003e52b1dc4b7b118d2dae4d3ed9f41bd36416e10ccdafa3f65ca71b79,D,D,True,0.1384034486926211,True,-2,test
pop1k7:src_003:665,ddc7d0de84c46609153365bd538f0b9198c748550dbc737c8f52cf08b37c5099,ab,ab,True,0.005407452052879291,False,1,train
pop1k7:src_003:666,9209d82c8bc320b72a14bd3784b0ca6784d0db01d96ee8709bc3f3face720f2e,e,a,False,0.059670214478032446,False,,test
pop1k7:src_003:667,a3b159e9c1769292e1a33d0303637bfe850adf9b596e333742fd9b5c83a9be4b,b,e,False,0.06609387354847185,False,,train
pop1k7:src_003:668,7c4d994be6e44900c89ae5a3c28411fe1f1f095ba008980f05dde389d3fd010c,f,Ab,True,0.0289492568115729,False,4,train
pop1k7:src_003:669,13f5176ccf04a1dfedafeb8796499750c4c53ba8395217622fb10c862699a5d5,A,D,False,0.1084735134572613,False,,train
pop1k7:src_003:670,51521ab45b65b4557ea31c852d4a2274f098bbfe100a6ac57dd375575560255f,ab,ab,True,0.04297611894265918,False,1,train
pop1k7:src_003:671,fecb536d32a8945aea737f6789d261cd2d6d363d7c6124731399ce7e86262405,D,D,True,0.09952513088576675,True,-2,test
pop1k7:src_003:672,c195ebd497ac6310d50883a2a08f1ed2333ddd0fef8eb2c2eeb3e4ec3a897760,G,G,True,0.08861579527833785,True,5,train
pop1k7:src_003:673,b16bb818c38924c1126b3e1bd320018928fd3761d67de2ebfc3afd2e82a9edfb,c#,f#,False,0.022559685928187134,False,,train
pop1k7:src_003:674,a215a3c6bd813e352846592d60135fb409cb4a95e7081580e292ac9e14b75523,g,g,True,0.03932690571385189,False,2,train
pop1k7:src_003:675,d8315df0931f7f7ce07b5bcb3272c7a1c1e8c00bdb6bbd12794d488a9892e104,A,A,True,0.2496536732350102,True,3,train
pop1k7:src_003:676,00bd65abf01717076ede1f5b10602da4df559906eefb90ff570936c573fc3d06,F,Bb,False,0.05834852627073339,False,,train
pop1k7:src_003:677,51855b286f51698c9b7855c81273708dfc38e94ebe3d4d0682f9d850c3e6cbae,Bb,Bb,True,0.15429138508710627,True,2,train
pop1k7:src_003:678,77d641498871c93407806a12025acf28080bdddb527ecab16bd1c7b1e044152e,F,F,True,0.09800074744201082,True,-5,train
pop1k7:src_003:679,0344097c3ce0d031677e96240f7b056bc7ff2b2ce8240a6738c1b9b38f0f4951,Eb,Eb,True,0.09719000300930924,True,-3,test
pop1k7:src_003:680,fb9371f21ee9253d6f8400037e9493e37d4b722ce2b70cbfbbca9422973a0b24,Eb,Eb,True,0.15094516966088445,True,-3,train
pop1k7:src_003:681,8db74cfa6a89079aece2a6e088b81b7c251c54b46469bea5a2ab210062de671d,C,C,True,0.09441087277672822,True,0,train
pop1k7:src_003:682,2715d17e1e3f6c9fe0dc929c6bae47ae28fcdd282553ec440235103ae754ffe6,F,F,True,0.07949042204518564,True,-5,train
pop1k7:src_003:683,d218b72a1e8f49cb26ea5a81460c6caf1054094b86eb5f84e728c13bcd7d8444,B,B,True,0.10383960102742051,True,1,train
pop1k7:src_003:684,ca7eea0a9d0ce6248e55d2986e935f4262fd8e611bc634f15c4e08233b041bf1,A,A,True,0.13999620517930988,True,3,train
pop1k7:src_003:685,60a997496ab66873da4d31b9b97be75b1ab5b169fb625f6bbbac4f7e9825e871,bb,bb,True,0.0017135643781399645,False,-1,validation
pop1k7:src_003:686,26e521c7ef3f8b5cd2d189ce7a60141c832719627bc34e884d19f05b3399b3f3,f#,A,True,0.014032206607608178,False,3,train
pop1k7:src_003:687,7fd2e975456d898cb9faa9c6b21bf234cc93aff42373cd4df2f738391a6a552b,b,b,True,0.19718054896895632,True,-2,train
pop1k7:src_003:688,64adaedae7feb0ed01fee6c817c1474e2d603725690aae2e33a42d2f855caa4d,G,a,False,0.035375631260984086,False,,train
pop1k7:src_003:689,61772c4976c2129bc7b5772053be05ef60edd4959eec3ef87692de6f3a2dea7e,ab,c#,False,0.0296674091606578,False,,validation
pop1k7:src_003:690,011f8f8844d176f0f118d4d17272e4f5f9f33dc28d376a38fc8b00c6da3f3d37,D,G,False,0.01779137014483001,False,,test
pop1k7:src_003:691,4ac7ea9548d4ab36c8a27bb14f5e82ef63defd5bea68fcc1219f1c9d71e46e03,Bb,Bb,True,0.0803016132196186,True,2,train
pop1k7:src_003:692,106f524cb158547ee278745f251249625d31cdeff5f3375a73739fe15a46f252,C,C,True,0.11206932139541781,True,0,train
pop1k7:src_003:693,345fe0b5c4e871ae72c34d276ae1cf85d0636fe12b6b973eef8f9cde9710f018,G,G,True,0.16680532149218663,True,5,train
pop1k7:src_003:694,06acf5cdc92661e0f024cab65ac1c2f41e2396e015c46e61253fda59d6c60721,f#,f#,True,0.13115037926062723,True,3,test
pop1k7:src_003:695,dc973bcb8a2ce570413a8f888b4b867d08452ef2a7a9ce8401cc4806036e5fa2,Eb,Eb,True,0.11981987928533788,True,-3,validation
pop1k7:src_003:696,f74a7c609b3b8777f50dd8dd8246a4b72150f08b1ddd4ccedfdb7708c2e57c64,F,F,True,0.21271799331812258,True,-5,validation
pop1k7:src_003:697,d34ab61a1336c0fda4a5f9277bcdd6fdbe9a7b1c04ccc7ff18d9578b93c3d4c6,Bb,Bb,True,0.056261415365802314,True,2,validation
pop1k7:src_003:698,3037e9083f433230fdd6b2ce2b6c398f17ca5ad93a9acf181bd4cb795f1402fd,F,F,True,0.0952492688958736,True,-5,test
pop1k7:src_003:699,3da62db23ca32baeb634b0b35bda168ea63ab9af498a2de11753f750ff655196,c,c,True,0.22755560776819284,True,-3,test
pop1k7:src_003:700,9644b71de2054b37f853d21fcb418e66cce9c6e4c71282dbd313b4195f40ad78,Bb,Bb,True,0.04264576480413351,False,2,validation
pop1k7:src_003:701,5a9c7514b7fbbf128bcc4f0c8b7db5972a5af7936bf9ecb787b79e09daae9226,Bb,Bb,True,0.16946807186747637,True,2,train
pop1k7:src_003:702,040deb907c2f7b4c1a404352a9ebf03b111d4f5613d9affa510c29291893e42b,B,E,False,0.03833725540333033,False,,test
pop1k7:src_003:703,9567b2e6021e7beeccfe3a2dabf74d99ee8bff9e82fbee956c030428b4e2cc85,g,g,True,0.0012348007933105087,False,2,test
pop1k7:src_003:704,db0caa07e6c46836b82ac8034e9369e43be193f5d8368c64983b051d756a288e,F#,c#,False,0.00433902679059206,False,,train
pop1k7:src_003:705,99db3f8e399a64ffbe95591f3faec09fca4fd8e6aaffcb9d885d71c203807d96,g,g,True,0.22866218270043126,True,2,test
pop1k7:src_003:706,5cb4b25ba5d82fbbb5cbae89c75d833c0c58b586bfdbd929717b7680deada1ab,D,D,True,0.10852608133890829,True,-2,train
pop1k7:src_003:707,33da7fb7df23ec796098325dcbd0f140ab4614e9ad8b6a546f102bb606de3756,C#,C#,True,0.21933929708421773,True,-1,train
pop1k7:src_003:708,d4641202a302d27f3ba33b3aa29727bbcd53be02b362234fcea621cac8dedbad,bb,bb,True,0.1342327948538018,True,-1,train
pop1k7:src_003:709,8a331013b6cf49ce22c4a2da7e104d536904923c872a886f2cf0618f4ab6eccf,Bb,Eb,False,0.030054638441250336,False,,train
pop1k7:src_003:710,718c30b4747c841174eda2f497ccace402041febf123f0f7dcca96545cca0ece,ab,c#,False,0.031109526102016227,False,,train
pop1k7:src_003:711,bb1f11001aed04ec1cf18781f4fdf73f77a96a6ee0b086246aad521d29d135a2,bb,eb,False,0.09529265418598176,False,,test
pop1k7:src_003:712,2c6cd25d373a25de32094fd48255a668f0de371a8b7653cfdd41ef71170d5546,E,E,True,0.14989338296804966,True,-4,train
pop1k7:src_003:713,abf46b0068aa737bd7943a12ec4a1c483038b80e1e5a5161ef4a3780ea3b049a,C#,C#,True,0.20810906040417887,True,-1,train
pop1k7:src_003:714,d44a6cebab5e270d6dde061d14c939aa96658088d8d9f731ddd2cdd7ec1d2ca9,F,F,True,0.05190802622599455,True,-5,train
pop1k7:src_003:715,2e7fa66ccada81ff51109884d3823cb8e0b076fad9cce69398db6b5d6f7b0dce,C,a,True,0.07623381530525541,True,0,train
pop1k7:src_003:716,61f7955a31964e70b8b270af552cba3a64e993b2437a069d34cc79979cf4876a,Ab,Ab,True,0.23879129692266887,True,4,train
pop1k7:src_003:717,916fe4cafd4bead6e1c3e9e1eb86cb4479b1c8e31795c8ff792c4984f08916b7,Bb,g,True,0.156861413885638,True,2,train
pop1k7:src_003:718,8c7ed2ba4029466577ce992c26436a0428063b39fe631a0d4831844d3f786622,d,g,False,0.039873321176745025,False,,train
pop1k7:src_003:719,f9104befa363fe31135a94e4a8eb5be956e300f1b0405cee11a00db9dbe2dbf9,c,c,True,0.05720833281097393,True,-3,train
pop1k7:src_003:720,80082f60247aa42c5a2fce502de37f1709bd2dd654022f48b5dde53c7ccb1042,D,D,True,0.120556974352242,True,-2,train
pop1k7:src_003:721,fc682a9ff1890687dc0bb3db2816cf2b28f254d1d8f5135ae9dd90f0822b179e,Ab,Ab,True,0.21838770186507905,True,4,train
pop1k7:src_003:722,19ceebed385396398787fc5140fa9dafb2f3a24afeafcaba3500cb9454403aa1,Bb,Bb,True,0.13207912249041476,True,2,train
pop1k7:src_003:723,0af40b8c1f94daef68c9a5dae84e4f949f99d566ebad8e11ca16da816edfa026,G,G,True,0.07497841724763843,True,5,train
pop1k7:src_003:724,30b00ff99162e4791599dbef54c0951dcefe7925004e69b1dd9c0147aacb7071,e,a,False,0.1001834909381345,False,,validation
pop1k7:src_003:725,0a203b158cc7ea463569dbc17d73208bfa2d8b8f036f37e8497d3ac4e014b70e,c#,c#,True,0.10424999495309972,True,-4,train
pop1k7:src_003:726,f75e0f31849543316710606365e414fb1a74090bdd41a94057afd2e11cb10453,bb,eb,False,0.04088057435021042,False,,train
pop1k7:src_003:727,849e6f4f8b5b43c99bbb9d7b6b04136a78a4cc0c6a247075b8c94e687472697f,c,c,True,0.1489484294798381,True,-3,train
pop1k7:src_003:728,6b6f5eb41cd1d7efb5214099a82837146e749b6cd6f6041313ef17edadf6f111,eb,eb,True,0.012532667620247961,False,6,test
pop1k7:src_003:729,fedcceaa7ead79683e93279c4c23fa6c643a151887e91c8247bf8354055e6ed5,a,a,True,0.08285788970373931,True,0,train
pop1k7:src_003:730,391eaf982f51f584ac8119a0ee5a5aa980fe7345396718295fd2ec5beca5784c,a,C,True,0.00014897077497422195,False,0,train
pop1k7:src_003:731,f95c19c299c297e086c078d96c6c7c09ce28ade7aa54a60efacd3f4472260497,c#,f#,False,0.09346309780028084,False,,train
pop1k7:src_003:732,056d2c1a324b8c53d5598a82909c39c294181ffca7b72238fdb62be95da0cfb8,d,g,False,0.08623356198203824,False,,train
pop1k7:src_003:733,f453a6910e0559f9d0fb553ed3d1eac83b8e284717fc28374179a1fe515a013f,c#,f#,False,0.08923158897875028,False,,train
pop1k7:src_003:734,78c4e03d3585eb852a091250262ba17b696f26c3ba682d3760ae90b68c275ced,c,c,True,0.17423772189300102,True,-3,train
pop1k7:src_003:735,515152663b8241a125dcedc266a4c0e8b474fc401152600d500fe7a5b05136c4,c,c,True,0.12949870149413978,True,-3,train
pop1k7:src_003:736,fa4bff3c07518fc33fd30fd01f6b580a5002415bb305bb22a2b0a756453d2633,c,c,True,0.0948936958340727,True,-3,validation
pop1k7:src_003:737,362ee4cebbe7e6bd5fbfdc792bb853f3f89edfddc88cb5327f612293bd477ad4,D,G,False,0.0319601225533217,False,,train
pop1k7:src_003:738,026dd3e29afd4bee27a5a303ca93cbf63e461e11c8191c54a721a97315fc57ff,a,a,True,0.11060849606496592,True,0,train
pop1k7:src_003:739,685953bcdfacbfac4a8e644ac6155174c01d154ffa579e1a2d3787060f4fc899,E,A,False,0.019926527857518916,False,,train
pop1k7:src_003:740,bf90f1c1dd4c40bf3eb4d147a0de5acf01847029b442abea6c67aedef55aa749,c,f,False,0.10851885204019851,False,,train
pop1k7:src_003:741,eb89193f9e17bb6a323cc33d388be4680e28fc5b7acaeb17a011a3b89935bae4,f#,f#,True,0.048568944540749115,False,3,validation
pop1k7:src_003:742,b3df6a8d9576acc07aaddf7b474e93b70fd2b5231a565e67b5331d9b08e3e94d,A,A,True,0.17026358612222914,True,3,train
pop1k7:src_003:743,c373bfdaacdd6785a1dce6932492a710d7df7bf89734b0c6cf335b88792cdc6b,eb,eb,True,0.11080395818165567,True,6,train
pop1k7:src_003:744,85eb6a659e7c3150b3ee4217cfe2fd1e428ff9e1bd0a4cc495d08a5952d9d89d,g,c,False,0.018006310396837866,False,,train
pop1k7:src_003:745,7d1f5720c0d823e1629b1c5cb1567b9eea9cd1eb217e9078344c43c4b0d5c145,eb,eb,True,0.24130351525574567,True,6,train
pop1k7:src_003:746,1c06ec6a55d035767e05552cfbab4e0cc71f09ce2d7c28a17ce10477a55a28ef,eb,ab,False,0.004429873532111772,False,,test
pop1k7:src_003:747,faeacce549bfffb66877d2fb7eb49565f18ed77b0bff96a50f9045933504d2ee,f,f,True,0.13709778266758654,True,4,train
pop1k7:src_003:748,9afea4064ade36905fb919ec8bb05fb8d71ad96c314308f6456f054c69e345b4,C#,C#,True,0.06997552481377733,True,-1,train
pop1k7:src_003:749,e6652ef96936deaf59160d3d95b52f52b47b13f3363c279b7eea8cf9830baa6d,g,Eb,False,0.14460525433435634,False,,test
pop1k7:src_003:750,a13b1e1fd35eeb6c923a8628627442ac564daccf7c732ffebd39ce7e49cf424f,b,b,True,0.12301275283152313,True,-2,test
pop1k7:src_003:751,4d7b2531e6cd720ece5b38f70408dd2d241525f66d985e7b5c497205b9412e43,Eb,Eb,True,0.1474463464668856,True,-3,validation
pop1k7:src_003:752,e9125c2a0e2e61f02f33dbeb510bf95c659ba84eb2b9c2468ce256c03196b0be,f,f,True,0.06280743275852163,True,4,train
pop1k7:src_003:753,d9091b1f4fcf3f7cb2df25457b33a68daf4d550fb2d536a69f12b623c5940f3b,C,C,True,0.20928483154290256,True,0,train
pop1k7:src_003:754,4620ce23de5be749b135d7f5c5b3dd933b041926fdde93d37df6b1c227c59a5b,A,A,True,0.1998528528814788,True,3,train
pop1k7:src_003:755,eee4ca237865332fcdf24e612a3b35ff2059b6ce49afcd8447e95491a333abec,D,D,True,0.11340982542241007,True,-2,train
pop1k7:src_003:756,c1ccb33ccc338a6305f910d3386b2e6bc0004e38072dd077500d79c3b08ceaae,eb,B,False,0.008165079563129396,False,,validation
pop1k7:src_003:757,06f0296abf225681e5a45414d4d025fd39d8498710c2200642ad79540605664d,g,g,True,0.18106413260861842,True,2,train
pop1k7:src_003:758,47a0996146e5c3d24156fee9575fe9736a34b70a072c1d1a9475f0a93b7d2bb6,a,a,True,0.06458860946562606,True,0,train
pop1k7:src_003:759,720efdff022ddc45f0019967c0887ee6728e9edf3d01605b074a4ef246989ae8,ab,c#,False,0.04499962611539632,False,,train
pop1k7:src_003:760,8a6b9f19e51d4451208494c949183ed65eaa7618395057d76b97a3047534b469,eb,eb,True,0.18459546242185265,True,6,train
pop1k7:src_003:761,11cd79eafdd4958618680c50530b6326d822ad8e60fb2b4578a9c06c116ebbf3,A,A,True,0.04955420305037961,False,3,train
pop1k7:src_003:762,c93efa0844b8b477b5c0b2eb45c94661daab1a057e722834e9f98ed192e75bbf,Bb,Bb,True,0.08325704044222237,True,2,train
pop1k7:src_003:763,adb0bf4b7758c1931755d6677a743a53d134b1329d63ce5e96274850c0836af1,f,f,True,0.08988862175230927,True,4,validation
pop1k7:src_003:764,705cf97fb279bdb7b911896e0c19a051c8463c8c38390b3f5c08cf70c9a53208,ab,ab,True,0.15440866790403018,True,1,train
pop1k7:src_003:765,b54914fde290157a5e15180a598a96a3d6208de1abf8b9983732f6b3f50e3ef6,c,c,True,0.07137052964937618,True,-3,train
pop1k7:src_003:766,38f67bf1bd24fb9024b6ce40ee089222d738477b568e1db4c85bcdee51efd549,g,Eb,False,0.033223818724673726,False,,train
pop1k7:src_003:767,6c75bb1ab5b74ac07a250fb157be822bf8ae214db228be7f2ee695c75856d278,a,a,True,0.29595178626830965,True,0,train
pop1k7:src_003:768,f8a7d7d8bae07d95268112efcc8b96d452f06755bdc999c3966fc38a800a75c3,f,f,True,0.025556235062018318,False,4,train
pop1k7:src_003:769,2450974d6878b125dca1bfabc659d33ff65a2120dce65b47f5268c981e468c1f,C,C,True,0.1302392865946821,True,0,train
pop1k7:src_003:770,b0183453f3794232eccaf575ca7ad87734620f633b617d225c77118213febbd3,D,D,True,0.1155650124406995,True,-2,train
pop1k7:src_003:771,00eff2d3ded8e53019f1ba46485b4cf91b080c32dccd9ecadbdb0128a5d8005e,F,F,True,0.07509497102870777,True,-5,train
pop1k7:src_003:772,a8be721fc0eec7e57b1f48237b3a4001bd25ca1b444fc53018e9a0dac1686df8,a,a,True,0.11693947524673942,True,0,test
pop1k7:src_003:773,6eb7169578178539a360cb97e2b20f0f3206068f18a489584af55fd91735d5ed,C,C,True,0.039372894862115815,False,0,train
pop1k7:src_004:774,0d8ec9b8f7e1ef232a8fc51f18c36ce871e7341b18851f98985268467d1b5d99,E,E,True,0.033427829318438684,False,-4,train
pop1k7:src_004:775,6b44a7b0a8fe2c203084e0661a61ace55ed694f58d1c63b64a0645afedf79864,C,C,True,0.2441288938189754,True,0,train
pop1k7:src_004:776,dc0edb3cf38fdcbd65a4bf0c1799429e58cba0ead0c82852f5e061d40148d2b1,D,D,True,0.03868242382087672,False,-2,train
pop1k7:src_004:777,62b7d8259821206399f7266dae29b54dd243ebf2d2a48c3aed2704e85550463e,D,D,True,0.18127944386593953,True,-2,train
pop1k7:src_004:778,445d05192815ab3e697a0c2a84f24cd5beab1e954552df3ae15ca85601119681,B,B,True,0.02903950742437411,False,1,train
pop1k7:src_004:779,6857a60eb246b40369e97f267e05366785f7c0670de14f2ad98866bfc0e6b1e6,Ab,Ab,True,0.13036270069316658,True,4,train
pop1k7:src_004:780,cadf423bad10a583df7118e9d5c6b1e9b5e61d53e72ed56b4cccf3ab0604b665,c,f,False,0.03921188785356433,False,,train
pop1k7:src_004:781,15f1b622f9ffff0d1dd42ea176f6313a784a32bd9ad2a5b1ab8e7cc0e70e2ae8,Ab,Ab,True,0.025741260845096536,False,4,train
pop1k7:src_004:782,9db5be2481b721cc12340277327aaf149d60545d0b2441f382110a6caae6c1ef,Ab,Ab,True,0.052864439637051674,True,4,train
pop1k7:src_004:783,9c479d110c99e8d2d6eb14a0e3ed6c59c876173a6aa70bf35c57c6343ae70987,G,G,True,0.05808788957014088,True,5,train
pop1k7:src_004:784,1144f355484640a14428083e6cd8a57fc874568a2f8835fdb7f596ddc871f680,d,g,False,0.040719458698348254,False,,train
pop1k7:src_004:785,8014b622909fddbf36b2eed189062b5bede502d0dfbdfd3c0472155d615872d6,Bb,Bb,True,0.10434428571780852,True,2,train
pop1k7:src_004:786,e64dd8832a7f72609cd6b50259ebd1a06f5d37ae320af0723a610b4df2d73cf8,F#,F#,True,0.1922192562271393,True,6,test
pop1k7:src_004:787,455bf45cee20a5f5aa4abec905d7a1f82aee8c87a927b9ae11526556c32a2779,c#,A,False,0.15519873179326515,False,,train
pop1k7:src_004:788,52a1ffed1438a70a92afd9de48e4116843840e8f8d9669a03d0f5ba1e13ac8fc,D,D,True,0.1790872402249707,True,-2,train
pop1k7:src_004:789,d45586e5e63a5f3f78ce59fc94e61483e634eb328853e25236736c66b4f3b618,E,E,True,0.09177137484851927,True,-4,train
pop1k7:src_004:790,3e5c5a8197fc695bc613f2c12d61137cd7a32f5a2d579ffc62ebdfd1c2b4f252,B,ab,True,0.109716361284947,True,1,train
pop1k7:src_004:791,6b734a5fcc2a76c665cf3936d2f0687c30f00397abfdfb3d08be74dcc5031acc,f#,f#,True,0.0045352412066694825,False,3,train
pop1k7:src_004:792,df37e7374b0002ead66f12cc86068db0014a61426def0825074a98b5f808a675,ab,c#,False,0.05973911298478818,False,,train
pop1k7:src_004:793,d776cd17ac8392632093e2139702755992a5bffb81382a25626a07ce606cf985,F#,F#,True,0.20874616876567487,True,6,train
pop1k7:src_004:794,4b996afe368248a4605335f5b7764a471a90774c005d33d48fecf00660e2855d,F,F,True,0.043983789991763,False,-5,train
pop1k7:src_004:795,0dc12efe0a5718dffa298e486e77e398a773f217fc165be458df00ed92c64aca,C,a,True,0.034501603104457934,False,0,train
pop1k7:src_004:796,83ce82a02ab44b7f285d93bf862d45be04ced04546446c963d504b4e81afc854,c#,c#,True,0.20610434087664364,True,-4,validation
pop1k7:src_004:797,be5a7b7f961300402ec0dfbe50ccf829459b58bf56d853087f9df1f851d1a461,c,c,True,0.09368529557671001,True,-3,train
pop1k7:src_004:798,1e4c20cdd3e1fb61f7f1928b0ac433030c86bc093e6453b8679f1c2dae377bc8,f,f,True,0.1885094925155567,True,4,train
pop1k7:src_004:799,faa21e5034e1cec8d2a1d32eefcb152cdd223e116becac319c0c14a1aba92c04,A,A,True,0.17108738201663343,True,3,train
pop1k7:src_004:800,562e39b62c9ccd425304772ac553b37b95d00af4ee1496a93b576e6a5f58b822,Ab,Ab,True,0.1011417713918048,True,4,train
pop1k7:src_004:801,f5ec23e640e972d52e1118e8492f350c291e2147cb91253515d5ff6a4475de67,f#,D,False,0.0914294882955764,False,,train
pop1k7:src_004:802,623886228fed9dca2c1d4f11a60e1213c8b195c0914ed5d5b7c0c2b7a359bd25,g,Eb,False,0.19570138050864128,False,,train
pop1k7:src_004:803,79132f8c6b5c34bd8fcf8e0dab2db05882dadf5201ae56939baea1070f744352,C#,C#,True,0.19721771670575883,True,-1,test
pop1k7:src_004:804,36a1e8013ca894a99bccb281518cbccea238e4f820a75afa139147e4467c2a21,F,F,True,0.19202363856379812,True,-5,train
pop1k7:src_004:805,f90ed20caa60b0be1ffa80d5d1ce07df0a5844b5b1ebd38e6f0604ad83e2aaf6,G,G,True,0.19226101183285738,True,5,train
pop1k7:src_004:806,ba4d7b21745ced37e00a874f485f5eae8c1b09e27b9d55dade28592f4f9cfa8a,G,G,True,0.05006669659000329,True,5,train
pop1k7:src_004:807,03ec594a97d1073e8ab851a9b126efd80bb07504ce96253c212cddbc6f6eda53,D,D,True,0.05787778856417081,True,-2,train
pop1k7:src_004:808,8b7b3ce24fcd013c70a08e579159e6afbdb484e8c5a750cbcfc3501c02904be7,C#,C#,True,0.2396808971312212,True,-1,train
pop1k7:src_004:809,90962778f926e8293680fd7a3e500f844abcb4146fe31b78fa2469c84e22734d,Eb,Eb,True,0.14676502771799194,True,-3,train
pop1k7:src_004:810,2039e14c7b9824bf81b833974b8f1b89794d9d573462caa3993a61aa40adaf72,F,F,True,0.2623972725002668,True,-5,train
pop1k7:src_004:811,0596cc1c75b395551807ecde3f7f6a5de32805fcf58f70d18c70006599435416,a,a,True,0.2879683674193515,True,0,train
pop1k7:src_004:812,659399caac4a0d93797500da0637697a60dcd54591602970ed90334b2d1e1527,d,d,True,0.17734644872026284,True,-5,train
pop1k7:src_004:813,74b836274a0fa89ebc884de89b6dc689585b61f2eeb4a7bb914981f50dd3ed45,Eb,Eb,True,0.2540834713117741,True,-3,train
pop1k7:src_004:814,59206c39191faa31e1869012be6c533658e85dd33eba9be411d16b7becc37d0a,f,f,True,0.20519745034966796,True,4,train
pop1k7:src_004:815,0bf66cdfc85e04274169dddb9abbbba53a6f5cb3d52e5f3e805e4a26bc2ac07c,D,b,True,0.17234312901947468,True,-2,train
pop1k7:src_004:816,56123789166bdfd629bec5670122163395051140ed6c1165a4109b38905bd623,bb,bb,True,0.17171279393112227,True,-1,train
pop1k7:src_004:817,42841923b3ac94ebd07400affd5d30952afb79241030120cc7bab8003f77c1dc,A,D,False,0.03384408246986581,False,,validation
pop1k7:src_004:818,d2fd05a0255aead3906bbdcda4fe003ee6326e8c4a90676a7e8ae67932bad15c,f,bb,False,0.13542613498005862,False,,train
pop1k7:src_004:819,557381882ad36f692e12e98511c5edad4eef3ff8b392d9ea7fa84988f8dea6fc,f#,D,False,0.07560168722379845,False,,train
pop1k7:src_004:820,e35b5abdf31307926e62b97dc5af6c1986d1f29ecd27678dd2c86cafaed712af,C,C,True,0.17540595218927157,True,0,train
pop1k7:src_004:821,38286ca74eb2b4eb18b836b1e30e44310ffd537979096df653766debc52edb1a,F,F,True,0.10841848191523695,True,-5,train
pop1k7:src_004:822,e05e5b6fedfc8a74b7895c2caf561c5f17e1f985d9b067303de72d76daba0ebf,F#,F#,True,0.11764652118309205,True,6,train
pop1k7:src_004:823,a3c6c9a7df8350e9fd80a06be67e7c387caf2550821aa93555c1299d9d708dbc,D,D,True,0.047805623411574016,False,-2,train
pop1k7:src_004:824,9c6b7ff89e0685f19a4dad9047517caa29feb7e1e25a385b768880fcba609ed4,g,g,True,0.27224263644189883,True,2,test
pop1k7:src_004:825,e999a2dc2b464caea8c054d6c944c0a1abbe4071240979733f7933258953d11c,f#,b,False,0.014501369354479987,False,,train
pop1k7:src_004:826,d0e88698ce4f072b87bd9c9acac41274454585077b7d2257370179a4297f0ad3,G,G,True,0.12429342103488261,True,5,train
pop1k7:src_004:827,7b65cb0a4e054df1149da7393c821587efd6769e958a035050191e38c2989765,C#,C#,True,0.18192486850699952,True,-1,train
pop1k7:src_004:828,f49b2087c092c3a8eab6bc11c7df77ced78b73a4a78b6cd370cbdd3e33f51010,C#,C#,True,0.13335415325057165,True,-1,train
pop1k7:src_004:829,d8198f6070f183ee54e3adae1c846ebbff2b9f8e64da538122260c9e2c3a7dc4,c#,f#,False,0.051168567447414826,False,,train
pop1k7:src_004:830,e48c06fd2cdc3da85708e12234b15d5b695942bf0f1eb9ebfb8c0f47ff8042a0,Ab,Ab,True,0.15968462565951647,True,4,test
pop1k7:src_004:831,1c6230b582d2affceaabb5a5c80f6f43860f0c43ea81131582141791791f9ad6,D,D,True,0.13590096538179797,True,-2,validation
pop1k7:src_004:832,603c83bb381607a082b5ad83f4c27471d9d19495795bc33ee957477fec9be973,a,a,True,0.10334318030333367,True,0,train
pop1k7:src_004:833,b43c0b511e11aca1c33f0317dc788de2bdb766277729c368fd6ce5eadc6acf85,g,g,True,0.25774121015630724,True,2,train
pop1k7:src_004:834,f34573389cd3557bf6f423063b3bfadd120816c2ab51171776f9b31bdbecc91a,Ab,Ab,True,0.16277769416750232,True,4,train
pop1k7:src_004:835,676c936e2e36ccc5a767deb69843c6d20e8e0e733447361624bcf493c2f58c4a,bb,bb,True,0.12372257686210075,True,-1,train
pop1k7:src_004:836,ab6a440bf8d1bca8cf1526bb59e2ad426385ed2d5610ee20492023a3c9e7b1e0,E,E,True,0.01072122329084313,False,-4,train
pop1k7:src_004:837,8dcea8ab61bbc21a5056a2309e3f5e99ca7b532ab170064f57d7c9f3a261d6bd,Eb,Eb,True,0.11665560551397147,True,-3,test
pop1k7:src_004:838,c5e2a552b51ea3a046bd4b664afc51fe610b6dbd8917feaba730c4a9a020a06d,F,F,True,0.1608033778916902,True,-5,validation
pop1k7:src_004:839,5d18c6ac54f9f84d999913458998ca1ae77e71606ce61b1766368611cbaa1d2e,F,F,True,0.12206099969516193,True,-5,train
pop1k7:src_004:840,46f3878f5e310c96aca2bda288af9d4856dc6239ac3353d39f65d367f3951c00,E,E,True,0.1834973644630844,True,-4,train
pop1k7:src_004:841,45a599b58e58de707b729651eed198550f9c702a1783dc8810cba529b06fe83e,c,c,True,0.12628433495130253,True,-3,train
pop1k7:src_004:842,9119504c0d0dc1521c7451bda1ae607d0afad21c74c25a198b5ab5430e72548b,Ab,Ab,True,0.03576335721935042,False,4,train
pop1k7:src_004:843,465c0fa0023d73494be7fad02339626785c52d472cab9ec966249f14691e048e,A,A,True,0.1646355412081434,True,3,train
pop1k7:src_004:844,572a9d8c72273f201603328315bcfd236ea8d27e43063081c93bec7630afb01d,eb,eb,True,0.15914148598285127,True,6,train
pop1k7:src_004:845,3e076771d5e3832d28baad0532205ebab52c2d1b120cbe325259fdc3f2ec3156,B,B,True,0.08142486454950082,True,1,train
pop1k7:src_004:846,efb5506b058486514a9c9f7abe978f1a0856c3e706176b8aafaef47c2223e5ba,c,Ab,False,0.031145620681944708,False,,train
pop1k7:src_004:847,f3bdbdd562ab20cee411e87325ed7a6b79c599bf40e82b70757657dfd141ae30,F,F,True,0.11360201770590272,True,-5,validation
pop1k7:src_004:848,0c90ac202bb222d3f78206a6086c7e0ba74bdc2a213d2f6aeaaed6523fdcfcee,G,G,True,0.2123852174173645,True,5,train
pop1k7:src_004:849,54b52f5c4282c3e414d02552f413cf9a7fe6e38b7459b61648089e2cd34ef0da,G,G,True,0.05643874448986652,True,5,train
pop1k7:src_004:850,ce691861e0a5abbf5de8c600a42eb17761fff73f175b17fdb2e0ab824a63ed49,Bb,Bb,True,0.15995283334333288,True,2,train
pop1k7:src_004:851,f18f93b935b5a748f2474278af2d367d6d27c08340bdabb3cc032136dbe2b281,ab,ab,True,0.25177353570232575,True,1,train
pop1k7:src_004:852,0a5caecaa8812a8edb1319da1da830c6671aa8da7edec192971e21fdd115b211,a,a,True,0.15052990469584837,True,0,train
pop1k7:src_004:853,b22c2a004e48f3a7aa70ebee7577b4425026b893967c21e16dd97326b9bdc9a1,c,c,True,0.04275352456284787,False,-3,test
pop1k7:src_004:854,9979240d5d13f3a57647cbbc2f464c4b8e359cb1957b3efdf8df916e38987ce3,D,D,True,0.1517572648197144,True,-2,train
pop1k7:src_004:855,ebe9904e1e03010a3e7c993e5eaa84974aab6ea16bcc9c5dc5ec87a045846b7f,D,D,True,0.054131900276097045,True,-2,train
pop1k7:src_004:856,a5dfdc981645637dc62e8743702c4f86802d1bd621548d89d629b1df22902897,C,d,False,0.0002069938827012896,False,,train
pop1k7:src_004:857,9b3b581b0929134eeecd687d54ef6ab76539818b2cc8928cae50c3bbd1dab185,bb,bb,True,0.14669065611148402,True,-1,train
pop1k7:src_004:858,aefd515538825af87ed628413a2c8b091f76a641cee562fb424dd4ba5d3acd59,C,C,True,0.16910195765907332,True,0,validation
pop1k7:src_004:859,5b2b06b66057fa9e1428cc440488ccd68cbf8e763e4c4ce62a908b9a91d6d36a,C,C,True,0.13600850580610802,True,0,train
pop1k7:src_004:860,ef38838c28c0eaf24b0143c64fe35a641662201876acea1b4c3a9fda0268bc40,a,F,False,0.05022974790080825,False,,train
pop1k7:src_004:861,8fc43a406cf53522d04c5afa7dfa95a7bc2edb42f81beaecccc94c49e5336214,G,G,True,0.14297126153373885,True,5,train
pop1k7:src_004:862,aece26fd700595a41e1d506b99c86b74dd6bb32c165c2912296a5d60a909491e,F#,F#,True,0.059282275820420116,True,6,train
pop1k7:src_004:863,bfc16051cf1831f8ddac9acd9db054fd7328ec28936742e67533be402d13ac38,F,F,True,0.1334499734818123,True,-5,validation
pop1k7:src_004:864,7fbb42202c6c5d3f5223d87f78698cfcb61fcf64750d3b49a2bba316140d4445,E,E,True,0.1156171987724347,True,-4,validation
pop1k7:src_004:865,0b808d072755c14a0231479dbcd12809ea6a03c23c02afeaf8fd50243b4a7cd7,C#,C#,True,0.11252845004821854,True,-1,validation
pop1k7:src_004:866,04fecdb3526e242fbf0e08f6d345055411f8d4c71ca7af01bcbabb1d6aa46ad1,C,C,True,0.08978331579400822,True,0,train
pop1k7:src_004:867,a97b22abb5feebef4de62d4c129630dd504fc0217b4bf0cb32ee51fc9ec9238d,Eb,Eb,True,0.20658187245866777,True,-3,train
pop1k7:src_004:868,8b455780dc5bbbfa40018482ddb98fea6b3f8478db58cae826f35205f0cf87fc,c,f,False,0.07911374910786495,False,,train
pop1k7:src_004:869,2404a787cc924bbcc1899df656ba19dab4b1b40184f14bf4abb22aef0eb86f70,ab,ab,True,0.04009002574848308,False,1,train
pop1k7:src_004:870,60030ccf6289d557021686509a660d4774e19f39e4357508efd934aca1f35db1,c,f,False,0.030983081000384938,False,,train
pop1k7:src_004:871,1d18bc86871ddb363987c05ac3d8e94906c0899be33f70613b7ddbb831ece5ea,F#,F#,True,0.08338841780557904,True,6,train
pop1k7:src_004:872,4fca83fea86a449537530705155147bda4fb87cc74987a8349e57476b402ac13,e,e,True,0.005454656889482101,False,5,train
pop1k7:src_004:873,d3f5a36858df1bae60c230a4a27e903f00f63f898cab47e72775b5293bb60d56,C,F,False,0.06668057936672012,False,,train
pop1k7:src_004:874,3ac1f8160559d26d90a8ba49be476154fd6bbb357c9fd19dede762cac03a31b3,G,G,True,0.10802965278885046,True,5,train
pop1k7:src_004:875,6db4459646cbd5ffb279ddd9de49ff07b0f3229b06f0f066cbf4d6dcb8be6ba4,G,G,True,0.17625178321280743,True,5,train
pop1k7:src_004:876,4d7a5ee0c59cc1b461f145edbe0d089e66796af0c25863ae38f3a2e6369d3b85,F,F,True,0.24878413366461039,True,-5,train
pop1k7:src_004:877,52f858552d4facc88ade4b0f625d25b922cf3619d5611ba7be23a766a5cc0851,C,C,True,0.0960900542153994,True,0,test
pop1k7:src_004:878,0c1e98ff7bf74656f62b6b6ab72f3d8dea07dfdf52ae9b2950b35fb2f79fb9eb,E,E,True,0.18886706821345356,True,-4,train
pop1k7:src_004:879,c9473aefee602817a623c0eb7d43ce0d2726a217a859e7e11eb9e4ad3f3913c2,F#,F#,True,0.08239084584330769,True,6,train
pop1k7:src_004:880,c0d0de7fb418ea098418dc71a0cd1ac9573d6e2117ac7e49ef6ae2df4b6ee492,Eb,Ab,False,0.003929237198101787,False,,validation
pop1k7:src_004:881,0a3261fa4c2643324b5fe4d59a1eb936b9dedd0caba502356fa67b8233fc7d12,Eb,Eb,True,0.0439486572858403,False,-3,train
pop1k7:src_004:882,779ecbf4da9382c93ae3fa17ca36b062b32224023f39131523f5e86fe09d2323,D,D,True,0.1648231451538047,True,-2,train
pop1k7:src_004:883,e7b3b48cae2ee0bb312245cf420792ce0108906e44e1176b2a07442d6a171cef,d,d,True,0.13628048076298138,True,-5,train
pop1k7:src_004:884,d3662dae0aafb341be924a764b29c2fe4369ad1bb094ae94906c7f7358ecc822,c#,c#,True,0.00424553306915143,False,-4,train
pop1k7:src_004:885,f811b29b1f5ed90f539e6d8a3c3fb3b8dd2cda652573429a9a1f824b5ead100b,c,Ab,False,0.19589521231392582,False,,train
pop1k7:src_004:886,f1d0bc05f29d664583d3846c3a70677f570aa9b278d18e5f866a3b28a2a37272,a,F,False,0.16259372179903175,False,,validation
pop1k7:src_004:887,26cb54e12ed85e176b001ed0a045cbfd47752e753b0f36b9f7c2e659d4d710c0,D,G,False,0.07039692133162445,False,,train
pop1k7:src_004:888,85bb50622d0bd6afdbb184f0b08ea1b8641d36dff94c3ac0d81cc034b173efa0,c#,f#,False,0.056334439854159535,False,,train
pop1k7:src_004:889,c4728e07eef17c0bd8aaf5286fac47ae3ba48ab2cfd363050653cc5ca7593638,F,d,True,0.19960146694784842,True,-5,train
pop1k7:src_004:890,399ddfd54f6c47884d1bd15aa5c81269f02510bbc30aa682476539193edf4b13,C,C,True,0.23023566082375713,True,0,train
pop1k7:src_004:891,3d9eeebef9a0ae82989102da6496dbd896bacbceea564466ae9bbd13388f02d8,eb,eb,True,0.22078264625415334,True,6,train
pop1k7:src_004:892,36b743e89323976b43a88cb0bbe76fd066db6fc8b8cf4c3ce0f0e78af5c8bf22,E,E,True,0.11477383787678264,True,-4,train
pop1k7:src_004:893,9d08cddeeb19be4edcddbfb389f4afe6eaf67d342b1a9e0c4aae7f293a9a8cd7,G,C,False,0.022052170558037987,False,,train
pop1k7:src_004:894,08ee8f3bddc7f15366e603d12efdbc847b9cdfe7d53a0779d15f5b46fde172de,F#,B,False,0.05641382219085134,False,,validation
pop1k7:src_004:895,d079f593f0b83558fbc6442bbf57bb11601cef1801cd427531338f50592f9547,G,G,True,0.18126395399152295,True,5,validation
pop1k7:src_004:896,e55e7bbfd76f0aa4534b80e3da1a07d9cc2709486e2c63b09987f681bc695543,D,D,True,0.203238087760092,True,-2,test
pop1k7:src_004:897,715ea5626b0cbf4f9011aa021c9c1870875c22067c174e7749a6fba5c78d6e6d,ab,c#,False,0.04182802821610632,False,,validation
pop1k7:src_004:898,44474da42a29e64a2937d86754081219296ef3963322c527b4f9e1e5e6acf9da,ab,c#,False,0.04399302734079802,False,,test
pop1k7:src_004:899,a4fbbe0346b987c156337c89ce6bec004f7280bc2a15188cd734ca93b82307dd,c#,c#,True,0.032560550955455514,False,-4,train
pop1k7:src_004:900,face88e66965927699cbe5e0f9feedaaa364b0183fcbbf68464ca8e2698b7eaf,D,G,False,0.05139047603514735,False,,train
pop1k7:src_004:901,65e126864fc95c3ca98a58aacf37ca5fa2d34bba0e69e6063ad3bbe96161eae4,F,F,True,0.22641621260040123,True,-5,train
pop1k7:src_004:902,96f7b844293920c56e168469330fe243bc2d2934e7674ecbb73e778c859dacf7,a,a,True,0.16698427340639188,True,0,train
pop1k7:src_004:903,5b3999c5b679113dd3a83cae64448ea35eb81f570934cb7b0e43d36bec3e5604,C,C,True,0.13185241337239462,True,0,train
pop1k7:src_004:904,db675183e1dc4c5d039bf8c6e9f49683a565029615c48d64b6686699017e95c1,c,c,True,0.05800943847332418,True,-3,train
pop1k7:src_004:905,c0ec81bda75a809d2fd096053aeb0928341024c9e4ecf9dd5b25e1b3b25a2abe,F,F,True,0.21297716519188248,True,-5,train
pop1k7:src_004:906,8087422204a9370636e82d5837b4349967ef08f4237deb7a74391f3e6d9e75ba,C,C,True,0.07965056361329215,True,0,validation
pop1k7:src_004:907,8e70eeaa998148ca3a1ea51e44059329d5bc0bf8a4c4d2ca3d8a32cdf2625585,Eb,Eb,True,0.18169067836488106,True,-3,test
pop1k7:src_004:908,6f8a343b9ed8dfedfca84c1f4bf39a2fbb004662df45e9364aeab3afd0dcbbfe,f#,b,False,0.043178979065061296,False,,train
pop1k7:src_004:909,6bdf7f16f4293191c745de0a7f9ec6182e912ef697e1da42543e188efec991e7,B,B,True,0.08452001849070989,True,1,test
pop1k7:src_004:910,5137e66ac2321666a7204e5c69577b920dcd700ce32a5dc560105453065b0a3a,e,e,True,0.07537012774165297,True,5,train
pop1k7:src_004:911,f027c43602265454ce123a0f4942ac172f8b074049ba7cbb0fc814bc871c7dea,G,G,True,0.15260862557002797,True,5,test
pop1k7:src_004:912,f13591292726d1d1b8fbe77a44e114f9cea89d6a9b4b27a72bcdb30d4ddebedc,Bb,Bb,True,0.18712771748110557,True,2,validation
pop1k7:src_004:913,a426a16e866c94d78fa613e00fd7a3cc134cf63d8d191670b7d6768ef47f6788,F,d,True,0.1463774332655441,True,-5,train
pop1k7:src_004:914,008802850b3c3acdabd11aa0d8dc533091c577852bce96822e395997cd766c29,e,e,True,0.036436649733770254,False,5,train
pop1k7:src_004:915,dc6669e8c9d31b7ecdb3ca2aec48ea9ce4cddd7ef795428cfc2fbc1da7929de3,d,d,True,0.3190431258644508,True,-5,train
pop1k7:src_004:916,b67ed070a0a3a7fc2edf8f7d7ab1ed40fc964f04fa9cbd293c124f8ec176d16f,C,C,True,0.15472476344098063,True,0,validation
pop1k7:src_004:917,6015551d912687bf8efd89d83ea5f548e7e7b4f33205e1caf4cbb08ad0cc3e42,C#,C#,True,0.2095720504088645,True,-1,train
pop1k7:src_004:918,000ad3b9ce630451710591d8a9337612c572a1037ddfac7f0de1da2486536472,G,G,True,0.1242583439327305,True,5,train
pop1k7:src_004:919,cf7150c913758bb5d32c23d991e4d2bbe1473323c140e16a465eda2c2e33c87f,D,D,True,0.02094476089048425,False,-2,train
pop1k7:src_004:920,b551f5a751edca4d260bb1e5c1321ef3b14739e5fd6667a3c25f6d2dc2ad70f8,D,D,True,0.20177201413666712,True,-2,train
pop1k7:src_004:921,2e6ed1767b9c6ca525878384f8e5a1fb9f5ab57a47fd5ee5d0091ffb647ee2d5,a,a,True,0.16133490672612938,True,0,train
pop1k7:src_004:922,8d5a210fb67e17009e2f4a39b8574a53a62dbcc135de0070c463ce058faa7e95,G,G,True,0.06069172701403014,True,5,train
pop1k7:src_004:923,0c6e2f3ceb4d5fcf3cef2b59e5aa615b842f0baa98a32afdd94b35ff89749383,C,C,True,0.108669359351929,True,0,train
pop1k7:src_004:924,5add4b5f3c24c2d97bcd5d37ed24b22da0fee9f663f4835a93f5a2a5cb49e415,B,B,True,0.09923648361155346,True,1,train
pop1k7:src_004:925,d604bc4ad976d6bf7ece03621448e26efc3eb757acf25b095dc97347b12bd7e5,E,E,True,0.21715432692563863,True,-4,train
pop1k7:src_004:926,617c673d74b7ad284abdb2eb2d300294c1962c6e318c34046511214633eb8ead,A,A,True,0.18682431480102912,True,3,train
pop1k7:src_004:927,43a3b8c1159849f491cc431998018f6ef0ea1e9c73e30d7457972b56eeb43579,d,Bb,False,0.07045709679660972,False,,train
pop1k7:src_004:928,fa2e5260cf5b11853c9a66e975dd2878b9600fb3a5fd5ad197f4b8b4b531ea84,D,D,True,0.25878653850097744,True,-2,train
pop1k7:src_004:929,0994bb250179666710bad4122072abce29b4c35150280c930fdbb13d8fd20cca,d,g,False,0.060116015003712886,False,,validation
pop1k7:src_004:930,19ec7ef1203e7c7c1f6cb7385f067330838fad568be12a00e6e75bcf013ce315,F,F,True,0.22794636279730862,True,-5,validation
pop1k7:src_004:931,6ac63d6a75da135fcb9d28c6c5c7e2372869710b144f905e2e421eaf93d84f11,b,b,True,0.24771187825479657,True,-2,train
pop1k7:src_004:932,aeff0f05e26411f1474b93690087a5cbb886edd6bf92af391097134ae759f041,Ab,C#,False,0.12443213848964796,False,,train
pop1k7:src_004:933,a341460aaf86e453077bb5504a4e0d07096585eb3ae3cebd1eed6d995d16495f,Bb,Bb,True,0.04011707170679335,False,2,test
pop1k7:src_004:934,a2be83a74c544da150bcf93e900471a782a352d40531a1c1e9471ebfbc13a0fc,c,c,True,0.010349027766719587,False,-3,train
pop1k7:src_004:935,b50f1609014ec792f35cc467576adbd63587b2021e8dea077f3bc37d93512f9c,g,g,True,0.11789445639737473,True,2,train
pop1k7:src_004:936,0967ac8a7a985a5bcc1c6c39a6563cb64810eb6149099bbd76286e6e4e23e692,D,D,True,0.06661040373244476,True,-2,train
pop1k7:src_004:937,edd6817f176a159e49bd749213aecba193de064fc093a2a4147e1eb89cf2c2c4,G,G,True,0.10541547038949084,True,5,test
pop1k7:src_004:938,4b3b84103336d6fe3a19177c6cce7b596f6f074e51876a44b843bd83d3feacde,F#,F#,True,0.16858047936920717,True,6,train
pop1k7:src_004:939,afafb95dc89ad464cfba62fbefc25b5397885d0bf9aacb36c6d0625a8db40a8d,C,C,True,0.15849842340610354,True,0,train
pop1k7:src_004:940,4bd6dfcee72d295afe054eb44c1b79834c2d1cd7766afe439889b1a785fecc0a,Bb,Bb,True,0.2123482249489813,True,2,train
pop1k7:src_004:941,eb9a5bb3cdd94337d92bcbda2eb03911a64b4f0d8f6ef46e5fd1db4bd16cb08d,C,C,True,0.12904429166864395,True,0,train
pop1k7:src_004:942,d9a96b47109adf170a529442756e207b187a8e35c1cf8a9c3273929ff2c4544d,G,G,True,0.2383299689946312,True,5,validation
pop1k7:src_004:943,c0f9b6acfaf34493381eb98ff531c897d91654c011920373ba973235288a8418,Ab,Ab,True,0.008082297678441375,False,4,train
pop1k7:src_004:944,62e16894bec02e70b44fe2912ecbf6c03ae7a952a0b5b03fc91894579cc32320,Ab,Ab,True,0.15490767689215457,True,4,train
pop1k7:src_004:945,b934d4f33c5cca15b99fef4cd00887e102f89ea02bf20023127634ddae7991a1,D,G,False,0.002713751634928152,False,,train
pop1k7:src_004:946,046212938ef587ec38446ad691fb72af16bb61a98930679c727d76acbfa7992e,Ab,f,True,0.12095047651525692,True,4,validation
pop1k7:src_004:947,bdc469345b2bf39bf744ec221053480d6ae1639f8b3b1df8244533f3903f55e2,C#,C#,True,0.08760976808663445,True,-1,train
pop1k7:src_004:948,eb8b1067ce14d626cbdc48e3384c36b7e62c5d8aa60e134360e7b389c52a8475,E,E,True,0.11550524753505809,True,-4,train
pop1k7:src_004:949,e996786ffcbbe82e4bc3f879aab187aaa224d801396dd6dd0e304e42629f3799,Bb,Eb,False,0.0879588003720485,False,,train
pop1k7:src_004:950,2cb189e4c6794a2c8b8843551aa27db842bd5a4acb72c3024cc11e164560fc05,d,d,True,0.12460575357003667,True,-5,validation
pop1k7:src_004:951,a40f75ba2bebb79bc2ea88c0589e5e595ef4403b71a3ecb06e2bdb7db570666e,G,G,True,0.12327226239293887,True,5,train
pop1k7:src_004:952,26dc4f8b5276ecabdbd3b20061308a6644e8e849dd80f0011d2f01d7e7813a9d,C,C,True,0.191328279089641,True,0,train
pop1k7:src_004:953,60d94a7cf53fdd3cf6fa18a2f19dbfb02519a2655305a33f0a7ae88916827d2d,G,G,True,0.03869766134653507,False,5,train
pop1k7:src_004:954,0b0e00d0e66f771d9105056b8de95a8f817372f04fee9692946be754512935ba,D,D,True,0.10042554934358228,True,-2,train
pop1k7:src_004:955,06ee7462b9a115414bb06e1fc8545f358f76e1ab7ee02571bd9c3346f5374f55,G,G,True,0.18349428932559053,True,5,train
pop1k7:src_004:956,4b8e5c167989148ebf15ac825efd57019fbbc442e51808203cdb57c0ae6740f9,g,g,True,0.006933851535944169,False,2,train
pop1k7:src_004:957,50d528db0daa31b2163f8026384cdc8fd7ae2d8c12a8f737419497e593c46ff4,a,F,False,0.17834773018497396,False,,train
pop1k7:src_004:958,22e120c3a9cbfee83194397c9a0fd71b5af9435612b1858d6eac52b28d4d8be0,Ab,Ab,True,0.06095093284308084,True,4,train
pop1k7:src_004:959,284b53baf7563c1446eb303cc1ab7bfef491d117667b00ad1d1982268ec8db59,c#,c#,True,0.2508915647686224,True,-4,validation
pop1k7:src_004:960,25cfffa3c28288d4757cb0c730b9dfdeac83969fe2721131d5f4feab088d0ad7,eb,eb,True,0.21490835925702123,True,6,train
pop1k7:src_004:961,7c2bd1d694f1bb40ab485d960c405eb74d6a21d2ae565f93f11ee12b3501f92c,C,C,True,0.0002012185137688638,False,0,train
pop1k7:src_004:962,0408da8a898d1fddc4a7919a825e682a575b4301357ce15fc7881011e8c6db08,C,C,True,0.029065719293094316,False,0,train
pop1k7:src_004:963,b4ab9eb2f54e57c943db7d8e037547927eb5d94b14bc506f22cf31c2032fb262,C,F,False,0.03607329087583089,False,,train
pop1k7:src_004:964,c97063824effc902be41beaeb547b49540cd55eb62e4c4d1d0ea7490b42a223b,bb,bb,True,0.2366319857930539,True,-1,train
pop1k7:src_004:965,7beeccc6e053acf131f7f8a8ba37d79a1a6f79ff4e44a680ce6b6c831bde388f,C,C,True,0.20853251484200408,True,0,train
pop1k7:src_004:966,b9b7f87495cc6c417014f35a395e499fa4415d808cd60393d5fb1ab7ac7ea9a8,C#,C#,True,0.19314501259159367,True,-1,train
pop1k7:src_004:967,2528eae651180826e9665cbb29a6e0aa11339d9ddb7b58df242c4e3d7fbb9ee3,C#,C#,True,0.17866321891512427,True,-1,test
pop1k7:src_004:968,15a585a200759a6fa23f1a02e99998ac8e947d2b62c581ee5cc0944391467226,G,G,True,0.01670268151853349,False,5,train
pop1k7:src_004:969,48e3e312c50f360952e709362b304196bf7f2a78752283b3cae9fa7c30bc2d90,F,F,True,0.10214633760686831,True,-5,train
pop1k7:src_004:970,8b731d44cf131a51bb2606360dd43b0a909969ba880020d59a5b8f4243803759,f,C#,False,0.03644852526905551,False,,train
pop1k7:src_004:971,557d079ce37b08db7af2c7c03ac0826cea9cfbe8861d3b1d2a8c94bd2e996104,Bb,Bb,True,0.16515606012499273,True,2,train
pop1k7:src_004:972,f47465e51e908777681dda4f36caa30f2b94c6c868167110a5155f2a39f41572,D,D,True,0.08746737190818676,True,-2,test
pop1k7:src_004:973,e94a684b8d009225a06af54932b0415f5ff14331fc86b7f13080881d4a89f54b,bb,bb,True,0.11910254587919167,True,-1,test
pop1k7:src_004:974,e80e1d72726b83c115f852c91ce1b8d2a91c0ee7312780d0a0ddf5756ae5ca11,e,e,True,0.018640598696557542,False,5,train
pop1k7:src_004:975,b3bcf3c2db24b66cd77527bb1fadd68a655f7ae06173c6926c28ac9146d10f05,ab,ab,True,0.1639801810813274,True,1,train
pop1k7:src_004:976,6f2b07700121b1ae4a7c735e3c51e7aa2619a5919c35e416999b58c153c122ef,F,F,True,0.1798084607714131,True,-5,train
pop1k7:src_004:977,5df2c731f216f334e2922281b326f4f756baa02e6473379b70e56d4d7c58f663,Bb,bb,False,0.012842563724734024,False,,train
pop1k7:src_004:978,f26a76526b40c61a6fdf3470e13fe86e2ee24a4fbc1302ba34746cce9023cfc6,B,ab,True,0.0005771953629255533,False,1,train
pop1k7:src_004:979,84fef7bb34cb56a1cb7733431cb18d175066479412a6d15ff86702afc0f265d5,G,e,True,0.14932349838743153,True,5,train
pop1k7:src_004:980,06186c337120ae669461d7be9ddf7204da905d7d5660f9e90b0fb436eb57d402,d,d,True,0.04167044909629991,False,-5,test
pop1k7:src_004:981,4115acec6bb6cc80caa0a3ae4eeeb91b51c3eca398a6fe81e1be4d74b3d6e87c,Eb,Ab,False,0.00822559771675424,False,,train
pop1k7:src_004:982,4236db46b0e168e494292013f73db89da955b59bd51eeb998f47a1b59cd99582,Eb,Eb,True,0.14960324577837236,True,-3,test
pop1k7:src_004:983,c21879022af0b8f173b3013b6aefd6fd1fb92c4f9cd0db981fe26798815e23b5,G,G,True,0.059868465689301376,True,5,test
pop1k7:src_004:984,d19dec92f5f8d0eaeac8815c8a6850c743223a687f81def0b5737d16c1ae6060,Ab,f,True,0.1583474072349076,True,4,train
pop1k7:src_004:985,c1607dd548ac49be6b3a2ff454d9fe5c643d34cd3c78231b4d4de3045439204b,A,D,False,0.03363373292962801,False,,train
pop1k7:src_004:986,1cc1082d53a9d15a50022359be33e9ac77e4f5f76e26ba6c17513c93001d871b,F#,F#,True,0.08578631340699427,True,6,train
pop1k7:src_004:987,a1c97d6a5f61da1cb09acbcdd0e3acabed92338432a09a363a7378ff4adb7e53,D,D,True,0.09462319680958275,True,-2,train
pop1k7:src_004:988,ae6990282566f8d37f1e0d2ec1de3815eb91ecada8aef2f7a45e7fa26c26b403,C#,C#,True,0.05716586072383023,True,-1,train
pop1k7:src_004:989,637969ea46d2db03409e5ed8b5ebae64098a138f13bdd84a03cb8963d6bc7985,Eb,Eb,True,0.16385115048330268,True,-3,validation
pop1k7:src_004:990,8d5d3b922739f17a1782b991b12a99f6dae330f1db4a0e12c16979e7681d725c,A,A,True,0.1956218065241051,True,3,train
pop1k7:src_004:991,2790149c40e1014ea2a729eca115f67dd4b15394e0a21eab80970a5ad3b2c4c0,f#,f#,True,0.21878891163355674,True,3,train
pop1k7:src_004:992,ab288fb18860c9a7ab7bbd0d5709bed82869fceaf5d1d13fb4eead66051f42d5,D,D,True,0.03378812947154364,False,-2,train
pop1k7:src_004:993,f1eb7e8be2cd05840e1f098c98bea33be26d8cfda4b80a49525826a807ff16d0,Ab,bb,False,0.0364677445545305,False,,test
pop1k7:src_004:994,00596ecc1525fed5d7a40c06b3a487f74c69148315f1e0fbfbd857b8d3769103,Bb,Bb,True,0.03421659985240133,False,2,train
pop1k7:src_004:995,c58c9a7f8c80d17c9fead23d8fb662da53788ba2e1cadbdc669bee062713b086,c,c,True,0.11103006243739744,True,-3,train
pop1k7:src_004:996,29f0f3b8ca601fc5122c65de19e09212698168a062d7ada9b6033ceab99501c5,d,d,True,0.10774848443070639,True,-5,train
pop1k7:src_004:997,877bd7a49241d63c547ae20a3cc3b28a914a5dd16bd3ebd00caf7f363618ac9e,C#,C#,True,0.22479950806790627,True,-1,test
pop1k7:src_004:998,19fa0318a4589c36577db6d1a998e79fa100b795d05d45102875171d535d3d09,Ab,C#,False,0.019037730546325293,False,,train
pop1k7:src_004:999,fb966f51c819b3f609479ab50472548fde0efc8b6349bbd3c741150057a09fd5,A,A,True,0.281498367847695,True,3,validation
pop1k7:src_004:1000,51defc5dd34b6cb4fa0e22e58c99a7e34ad6101796b390bdbd637e399a82fd22,f#,f#,True,0.08070266823800953,True,3,train
pop1k7:src_004:1001,2811ef0b4acc9175dec51eccbe97de42199370abd2baff8a9774a4e2362e7e90,A,A,True,0.20284575075814937,True,3,train
pop1k7:src_004:1002,d15d0bd2dfa666781475ad3dd724305a95d34a4c15879f854a6ad837a0898d26,B,B,True,0.1469836346364094,True,1,train
pop1k7:src_004:1003,cdaac7701393b2b5d9ba6f4a4e9776732447e390330ff1337e5a7b42c4d91d0d,f#,f#,True,0.07733856978315934,True,3,validation
pop1k7:src_004:1004,74fcc51264fd3877017e5c4a9d16a18e397fdada3ce8104088d642cc516d2d28,D,D,True,0.19477262787624894,True,-2,validation
pop1k7:src_004:1005,cdb42437bc415d7d0b9d6ec4ff1e121a9d9987c8d7d5d925ee16ba985a5efafa,g,g,True,0.004670145850401819,False,2,train
pop1k7:src_004:1006,b83b4866831326567186340fc4355fa5f6705871c04c7717d3615c715bfbcaf0,C,C,True,0.16664594231367036,True,0,train
pop1k7:src_004:1007,a0056454ceb1c46264262a9f158d01aabdd37cd01970f34818dfe3373bb4dfcb,G,G,True,0.20021704955554298,True,5,train
pop1k7:src_004:1008,5f588b526fa9fb8db5571fcbad04c64b64344b38221e9b6cc3302f99b03d627f,F#,F#,True,0.18400033939434157,True,6,train
pop1k7:src_004:1009,9197095bcb876502e4ce9275f482b521e5e502ddb276bd8f4c8af558e77d60a9,C,C,True,0.06993222067969873,True,0,test
pop1k7:src_004:1010,fde9dc681b4b3f41ba7e036272c67c35d2fc1a7a0f43fe4bce42c48c71393349,C,F,False,0.014190282899478657,False,,test
pop1k7:src_004:1011,70aef9240018b92db1b56a37ebe17df56b6ca0cad5dfaed9849105589fc9e027,B,B,True,0.18241006539012772,True,1,train
pop1k7:src_004:1012,2726f54e78c94ca98e9eda3a971758e9f471ce74e02e076981300f50b11179ad,E,E,True,0.09168925103757242,True,-4,train
pop1k7:src_004:1013,32d82652fe667940129537bf9e03eaa9b38067d7277fb14ab3a65aa64f50e57c,c#,f#,False,0.142799254983753,False,,train
pop1k7:src_004:1014,24a54ed615e626b068af2871b040fd08f5c110116ac8a9adf9d4c775d7cfc03e,C#,C#,True,0.151334993937419,True,-1,train
pop1k7:src_004:1015,a50e11dc4f198e8cdce1103d669371001d0ddb74c766e475ee73bd5fbccf14b1,d,g,False,0.04870267476058843,False,,train
pop1k7:src_004:1016,fdfb8d3c08a80192b1c7eec6f5a6af5a382f7593f83a659a867d0c4feee7601a,D,D,True,0.0815487467720406,True,-2,train
pop1k7:src_004:1017,05007b3b51106b7a8e31b452f1be685c88005e6f2b2958b068d35587e23d283f,Bb,Bb,True,0.16555732816414637,True,2,train
pop1k7:src_004:1018,f7d20f02769ea6be2a8facaa8206fa53066c00b98a9eb2120b5d1e6c4997785a,F,F,True,0.015012746440481894,False,-5,train
pop1k7:src_004:1019,916006de9e1955b180b891adf406af2f3299373a08d6e45d916b44e6c43c0096,g,g,True,0.14296349039578093,True,2,train
pop1k7:src_004:1020,8d52fdc5f5cad0a830f399dd4282ebc9c0dbe2fe1a983d91bc66fa780f736e93,A,f#,True,0.14436489133163688,True,3,train
pop1k7:src_004:1021,05188fa0856b5e70ebaa745e068793902c01a16f060f2ac6344fd826cef9d3ef,bb,bb,True,0.08334173199830508,True,-1,train
pop1k7:src_004:1022,2710f4c7d3eeeb8d705795148f2b6fff3d9bd1f248a7060f3a688526b7379f0c,C#,C#,True,0.10635533945085052,True,-1,train
pop1k7:src_004:1023,af1ab57b301f659d7c0544ca53e2e41e254358623526199b0755a4bd15a9c85e,F,F,True,0.14267339300180482,True,-5,test
pop1k7:src_004:1024,4bca7b69cafde7438177d4b3986daf55030066ea60214f112a819e4a22b23a6b,F#,F#,True,0.0904621678589197,True,6,validation
pop1k7:src_004:1025,a364e4a7c1a2948020600f2f8a313b95bcab05f9973be582896a5113274498c2,f#,b,False,0.010065292429302541,False,,train
pop1k7:src_004:1026,1f020fc7ce2163b28a3f6aab5356d4b728850424da32cdc894552e5ddcff139c,A,A,True,0.18753768395832282,True,3,train
pop1k7:src_004:1027,1cd540c102cf1942e6fc598c9048eb757a9c273cbd7f856dcb545dea629a6bb7,C#,C#,True,0.27022187407938714,True,-1,train
pop1k7:src_004:1028,a33b5d39a945f310a234facf99d845a6f2ded3da28e4fab38930e0dd732e086b,Eb,Eb,True,0.014958637943137898,False,-3,validation
pop1k7:src_004:1029,c439e1cc3d1a0c87385b991a63725110440afb3e2f58087c0ac3ef217b191157,F#,F#,True,0.07675123817232499,True,6,train
pop1k7:src_004:1030,3bcf500c4a4d07d5bd1f0d98ebf8d1dd1032ee5474febe61b15b0720a5670315,C,C,True,0.01784628610224026,False,0,train
pop1k7:src_004:1031,973f3835e39d1efd1bf31a1f4155dc3608c799f75bf84bd7f9c523862d5391d6,C#,C#,True,0.12280326885443038,True,-1,train
pop1k7:src_004:1032,c0d412cbd1f889d9bcd8c970b655c83fef10a701407661ebd5a95a27b19ba026,Bb,Bb,True,0.050069033275184416,True,2,train
pop1k7:src_004:1033,98f43af8e84e9214411a9aa49e8f4128f196b54ddbc9d4299f371ae43fd97999,Ab,Ab,True,0.20431379578739595,True,4,train
pop1k7:src_004:1034,a1655a50aa6b441696761c60c0fb2ffe2086a8cd0e6e3b8adc662d28dc420a20,f,f,True,0.21826679316359865,True,4,train
pop1k7:src_004:1035,3bbcf7755beb0fd2a34e39494545bb6f0d429bed3e09ff4a67060c9b3efb5e3c,b,e,False,0.015970302089980293,False,,train
pop1k7:src_004:1036,932cf0034d0dc85622b9e917cf82a728b9754ca9afd6ec93a37b1d511b27ac3e,d,d,True,0.1001264525678498,True,-5,train
pop1k7:src_004:1037,98139b9cb7d922d0e67693e2ac3b7bb7f9e01ffb1131672e60cd4026df79dcad,b,b,True,0.2698195000612531,True,-2,train
pop1k7:src_004:1038,0fd973304e9cd7f9401de11448c7b9055e770501f941707400511f5f43031aae,C,C,True,0.10986379416393632,True,0,train
pop1k7:src_004:1039,1d5b981f4ecf900b34d7732e51e9d662d58fa006b8366b6040c457d41e10f2a0,Bb,Bb,True,0.16844020808393256,True,2,train
pop1k7:src_004:1040,85bb27eb5dac6335d24bfa66280be7540be05134acaa56314e87314d66a788f0,G,G,True,0.1777990798414265,True,5,train
pop1k7:src_004:1041,aa216dfe5617746abb92e1418c76beb57d0e125d844d39f2e16b257966ceee1f,Bb,Bb,True,0.1498043669968453,True,2,test
pop1k7:src_004:1042,4a8830b2f6edc537a01bb27d1341a2a78bb3e11f7f4be87318a20d7ab51f63a6,Bb,Bb,True,0.13955119927882675,True,2,validation
pop1k7:src_004:1043,c8ab1e227dbeb6d23df4efeb311d75ba272d7c970a05cef6dd801b595aef1651,E,E,True,0.21284271119144704,True,-4,train
pop1k7:src_004:1044,de1c1d8c1e8f5a83f2ad31a80aa4c6fe549e316069ad9dc1289d0e6a154c8d14,B,B,True,0.1293974674449334,True,1,train
pop1k7:src_004:1045,3b64eb99baa45357252c1ab463f71ccd604cfff779c055e6e21dcde60e34fb2e,A,A,True,0.07534596064150567,True,3,train
pop1k7:src_004:1046,01d1b934972e36e450fc0f0e79407d00d478e79ad26eb2d24245d687828bf834,F#,F#,True,0.13789905253949486,True,6,train
pop1k7:src_004:1047,bbab00577e256e1b5c45746e90435f5515e0a4f4f9fe50fc52b0f362df358fcb,Bb,Bb,True,0.10741790231967108,True,2,train
pop1k7:src_004:1048,564dcfca3c3d06a41b570952cf2a699f7ec148f9d88f8b893deab97fa10c804d,A,A,True,0.19674396186441323,True,3,train
pop1k7:src_004:1049,b131efce91f661422a23947b134c130caaa2e6a98ebd11ffb377013d402039c3,F#,F#,True,0.08274388068450256,True,6,train
pop1k7:src_004:1050,fe52262a7d25d5466cb8a427eec062d369e3607c4a9437c12f2fabcb832056b5,Bb,Bb,True,0.23817549038605768,True,2,train
pop1k7:src_004:1051,1a73b2442a842215593b2d4dc8d70c0075b2c195a706a27532d096fa0c384780,bb,bb,True,0.07857739368298122,True,-1,train
pop1k7:src_004:1052,6dfad72f34d549d6fee8e5d9505871c9781fb3a0102f5e17336453b69fb1c35d,Eb,Eb,True,0.11664866182685851,True,-3,train
pop1k7:src_004:1053,bbe8361918e75c7a62383005bc66877cf72d90003ca8f8744169ac0d333c1bc8,C#,F#,False,0.00622852603354096,False,,train
pop1k7:src_004:1054,a8d5d842f6012819a72cf1ac4bd4de73abf3f08d05b933dfe84b66c16ecca352,E,E,True,0.09087702768994876,True,-4,train
pop1k7:src_004:1055,f83a00de969811ec0e7fb89ea1a67dbd36b665eda28982510bf5f1c940ee36ff,Bb,Bb,True,0.1534274553527416,True,2,train
pop1k7:src_004:1056,57eb95b82604a3274f651e94171878e7e830d82b9b472be2dbf749310e419335,f,bb,False,0.026010316053157068,False,,train
pop1k7:src_004:1057,bd0e117500e6a7c63d004d49fdd73290a75e09fcd4bc9f433c4aa63b2fe37258,ab,ab,True,0.1308113755594308,True,1,train
pop1k7:src_004:1058,bed7a561f5411276f1ea86efad9ae534e24bb87c6168d5a9b37275cf317cfeb3,A,A,True,0.24018842547776775,True,3,train
pop1k7:src_004:1059,0c63e64dbe467c22ba6994a0f3203892e71e5200d910615b9730c36a6c178cb7,G,G,True,0.2131443572628462,True,5,train
pop1k7:src_004:1060,9c61b314fd88e87303cdf6eef5a2ce84503fd08a50dc4ee548f378763ef6088d,D,D,True,0.13909279857202694,True,-2,train
pop1k7:src_004:1061,648c647ddfc65d1dac80d9cf5356968c557150e0178863574550b241617f17f9,C,C,True,0.21958403494672907,True,0,train
pop1k7:src_004:1062,39332e3e3893c69584af6a99f33b8b88a8ae7c44fb343006a42ad94bf5bb839c,d,d,True,0.17472014742098863,True,-5,train
pop1k7:src_004:1063,7a5ad2bda50cdbb8e95a709f8443c8501e34fd05d89a4efad07bf8204ece9890,a,a,True,0.09864652825024178,True,0,test
pop1k7:src_004:1064,2f138a11b5506f9f2d6c0c8863f8305ce4e647e3a3af64eeb918e99b01bb9b21,D,D,True,0.10951294021617397,True,-2,train
pop1k7:src_004:1065,d7e5af8916121bf7185a1457d1809bf5ca5d05615c23f992c2304657b25e8fa7,Ab,Ab,True,0.10298468832274388,True,4,test
pop1k7:src_004:1066,94366a979b97f7511c59f3af5780fe1d0ec738394ac9da702a3d200308ecbcb6,F,F,True,0.25403523074765766,True,-5,train
pop1k7:src_004:1067,bb976ff2b03bb532239a812b1ab0751514c5cf89fb958c56f26c2f868d8083d4,E,E,True,0.06248165395841032,True,-4,train
pop1k7:src_004:1068,c620a24a9363fa0046ce805b3c88112f856f6b7e4d83a164c039c9e803c4f415,G,G,True,0.23501904088733838,True,5,train
pop1k7:src_004:1069,4379c850778ff383b123fe0951ebe0a663321396031b42a567de5fbae5fd1961,F#,F#,True,0.25510131097820044,True,6,train
pop1k7:src_004:1070,58260946f2be84d703da16db5f759f735305d082840b3a71c119580e4a2b7ce5,F#,F#,True,0.23141972665308386,True,6,validation
pop1k7:src_004:1071,cfe986de624f2bbef3bf4d1c311d28e857b3c24f2eef59297b7817461b933d6f,g,g,True,0.0837118140364882,True,2,train
pop1k7:src_004:1072,85bb1ae3a82ae95a407b9771ecfe03431c266a7f0bd63a31a34f1bfddfca2b91,a,d,False,0.13130517483995507,False,,train
pop1k7:src_004:1073,b53c0dcce4a9333e1e88a7d86e29ec9fedbd30cf3d9131b6a65fa4c045343b6f,C#,C#,True,0.24380267321165927,True,-1,validation
pop1k7:src_004:1074,14b13c158fa1ca9e24ba18345a6453f77f1903e288a81264abdbb76a005538d4,G,G,True,0.08609022490109608,True,5,train
pop1k7:src_004:1075,94c49fd47c86b5fd577ec3fd7a3e2e79a1ffa652ce4edfa7b650680e07c6a033,C,C,True,0.10640831333928458,True,0,train
pop1k7:src_004:1076,9a4bae77089cf9c22aae70bc4be583a7a39b9065124bdb92d631a22063f556bb,A,A,True,0.21939553216728735,True,3,train
pop1k7:src_004:1077,1a5ab80a08bbdfeeadd87850abc577abf9255f521c07ef36442f09f9a12b8569,c#,c#,True,0.07656022539576712,True,-4,train
pop1k7:src_004:1078,f6599dce2c46c2dd40d2eb17836f91a2d0ed9466dc36be1d05d553d184e27e28,C#,C#,True,0.2583188981564567,True,-1,train
pop1k7:src_004:1079,aa6d0d828a023dd707218907be9aca5ebf7473ea4e01d443beeb61a1a93e574c,C,C,True,0.02047170337131543,False,0,train
pop1k7:src_004:1080,7f60d6e6dde887ecc9983ef09d012b348da28f32026dae95260d2a0572884a72,eb,eb,True,0.1876037232795239,True,6,train
pop1k7:src_004:1081,d2b5ebdb5de829accd7f06eb32b1caf209cf02b1287853648f0a5b5832a3b029,C,a,True,0.15414635590233872,True,0,test
pop1k7:src_004:1082,bee6ada49e6f04b29f1ef06149339e6fdc76a5a93b8dedfc4c0a3a9aab1d3024,Bb,Bb,True,0.146207393890593,True,2,train
pop1k7:src_004:1083,0adb7cb9b5e948654a7b7548da219546a23bedd758c53a6a62a7567a72ffbbda,F,f,False,0.03253133572200673,False,,train
pop1k7:src_004:1084,b653ae0dec79f096521bc1eaba52796fd8df5fb04aa262332f400f80da0309a5,D,D,True,0.11292083850420342,True,-2,train
pop1k7:src_004:1085,d0e74175bd150d3600ab004b6f91d154679a9be91c5336907da3ad1c1ebb2951,C,F,False,0.04941902412110999,False,,validation
pop1k7:src_004:1086,e02f1a95c73d1365ea12454cf65e909137c199a62a65766edb6a06f949b54b14,E,E,True,0.19859915340978396,True,-4,train
pop1k7:src_004:1087,8eea21518131b01686f2d6ad5c72f0c673b40149768f161adc7f7e7425116007,d,d,True,0.13971730547967454,True,-5,train
pop1k7:src_004:1088,3857cd53f5d809432bf79c07bc28a2607f832d57eb22620c10c61ae17d418882,F#,F#,True,0.03860719839849436,False,6,train
pop1k7:src_004:1089,3bec884220188c481870e9192b9f3d741611dbe4a33d5df5c03185265a14dbe5,F,F,True,0.170671901435843,True,-5,train
pop1k7:src_004:1090,f89502a81d8b15cb8ae424897389cf326cac033e1ed702f1f98c2c5ee1760d5c,E,b,False,0.011067277038250167,False,,train
pop1k7:src_004:1091,7935ad695f6a635bd95b9177560e024594ccf7ac055ded9008f524e972c83d2c,Bb,Bb,True,0.01668377337423199,False,2,train
pop1k7:src_004:1092,cd97a0ba881ebdd9c65d9aa1e99ac8d07790dcdc02032322bd0f8f82fd0e281b,f#,f#,True,0.06942988026740848,True,3,train
pop1k7:src_004:1093,8bc2a23a433f7f1c79285e5e5cfe813c9338dbbe849e62bef1131174fba279d5,Bb,Bb,True,0.11088058169654513,True,2,train
pop1k7:src_004:1094,dd6a7bd0d44f744f5f6568d1c6e76f04e74f6cf86440e4fe7c6a1a14f3b15f40,C#,C#,True,0.20279374687965057,True,-1,train
pop1k7:src_004:1095,248d1fb44c008eafe0523fccb7327c29ff14694ac971f014f6737745806f4377,F,F,True,0.11073284537351757,True,-5,train
pop1k7:src_004:1096,87515e67733faf48f47cf7fe473b8d0b3a5b23ccbcecad266637bc2976397171,Eb,Eb,True,0.1691006105131212,True,-3,train
pop1k7:src_004:1097,ae433bf1f1bcc2bf55de3009862e234ef47c64e4ed41894c4af2887a370009ae,Ab,Ab,True,0.13082653441690473,True,4,train
pop1k7:src_004:1098,0848f54f2d26d92e8159d41a4631c12c9700dad11be7d27b689d15ad4514d8a0,C,C,True,0.03737718504267118,False,0,train
pop1k7:src_004:1099,9503ca31f9caed81b25056909b4a2ccdfbae2ce14e94bbe67645cf57254a8642,f#,A,True,0.006337753406433944,False,3,train
pop1k7:src_004:1100,d06f5f0659e6b00e9f45cc622e6eca097f8eece2c5538eacbf2f3cda61912b38,C,C,True,0.20689896670309782,True,0,train
pop1k7:src_004:1101,440fff9593a47dd8d2707b9ce50209b60d5bd362cf9dc7b6cff7a971bc4b6815,f#,f#,True,0.0629830963836292,True,3,train
pop1k7:src_004:1102,41d848750135b6b051588ea906c77219562d23cedba60d28f9e6451490f0b32a,E,E,True,0.23491848452238207,True,-4,train
pop1k7:src_004:1103,3f949d91f5a1f76bed73f5f30d85a9ee806957235fdcdd996b60cc0a0cc86989,A,A,True,0.1843144288949644,True,3,train
pop1k7:src_004:1104,e677bfa16ddeb93902458b4ad8f03d89b289a20ab8c73a5bb4546bb5a9cd0412,F,F,True,0.23654955055139215,True,-5,train
pop1k7:src_004:1105,58d5a8d999d643317db0b221932e964bb7225739d1f83e05e484dd79dd0e267b,A,A,True,0.18152735908072948,True,3,train
pop1k7:src_004:1106,3662ed4f11f69ef1b953a597f6d2a020c5b462baedc7de201a662c1d136786a5,G,G,True,0.13885164856009824,True,5,train
pop1k7:src_004:1107,a71a1d12d94c2940f326efd9c61fe712ba1feed1c11f813d7214b017fef961e1,C,C,True,0.14361314696133465,True,0,test
pop1k7:src_004:1108,5fc68ae8527e277ba3ca0c8eb3d08ed977809332f13f96e6300d6c8284fbcc91,f,C#,False,0.09085511129479928,False,,validation
pop1k7:src_004:1109,34d0fc6390b8fb47966eed01c173ebcb9142d50edf797affc5d9d640d50e58b6,e,e,True,0.1436740206760284,True,5,train
pop1k7:src_004:1110,409cafe76958fc32dd7c8e2d8f9b7e515204ec4f8b0b0aee8c30a07f75dcf589,Ab,Ab,True,0.023505061397728788,False,4,train
pop1k7:src_004:1111,d0d22b3d54ba4fce7e5ffff92538056da9a6f6714ebb64eeb66b8b49af0e38a6,C,C,True,0.104182486028355,True,0,train
pop1k7:src_004:1112,6a736b88ece9108b0d78bc0f6bd7cd84486e211de15e6570b67a47b3314d590f,E,E,True,0.11537456661513135,True,-4,train
pop1k7:src_004:1113,44eb7881b9d25db5a46cf197f8d49d77e393619accc7c980141d3776b94e62d4,D,G,False,0.024030369952653285,False,,train
pop1k7:src_004:1114,784bfa2d9caead2814000dc21ab78e2fe7d68ada0f92a3a46a3cfcde6e47357d,Ab,Ab,True,0.11899300048037509,True,4,train
pop1k7:src_004:1115,57e4957c39d19bf49104ddf144198942d75b8abff1440bb96753fe7a90897408,D,D,True,0.0749809448779889,True,-2,train
pop1k7:src_004:1116,b383650bf4003b08ecf3eed2bd9a4d97f5b212d7bfacc61644e8082374716267,E,E,True,0.1196576319791176,True,-4,train
pop1k7:src_004:1117,151e62a7c738adb1e8c26cb09c74715544c336a862cca66141311fe5968d2bc4,f#,f#,True,0.3166993404642432,True,3,validation
pop1k7:src_004:1118,a8338b7cbd0ead7b94b53acce486ae5796fa96e1b0c805e454932f854d8f02d9,G,G,True,0.1794380441255421,True,5,test
pop1k7:src_004:1119,1396e50b9f644e386c62bbd7456e31c2fe9b81f8982f98efbb542c96abd7c7e5,A,f#,True,0.15329534895285357,True,3,train
pop1k7:src_004:1120,2e508047f629865b5eefd13bad4fb7da48cafb896d32b8b82b6752a25499c74a,Bb,Eb,False,0.010817894494191349,False,,train
pop1k7:src_004:1121,386d1fd0c9869ae4a426e16c12874607f03e7ae6b15e83a3ad5e6b35e16fe7cc,F#,F#,True,0.21268542577531924,True,6,train
pop1k7:src_004:1122,332e3e0bde76291b58a48ef01cd46077dd82896dd795439463bbdbcdd7dff0ac,F,F,True,0.09058838589451135,True,-5,train
pop1k7:src_004:1123,1480bcfef9d04317373ef2dc4c37e6dec45d3e2b0e85078239966b43b36e9156,Ab,Ab,True,0.13939495100492605,True,4,train
pop1k7:src_004:1124,21050a3b096c1031288700a780bd551f30bbf8dbe19937d16b4511c25be6c789,Bb,Bb,True,0.16672116293374095,True,2,validation
pop1k7:src_004:1125,1b6ea267fc3897d255049ee5f25585c9145a2708da321ad3d7bdc2d1f8f93a4c,A,A,True,0.2149577966743217,True,3,validation
pop1k7:src_004:1126,406421ff943c46c401d72daef25dfa24699982884f6e598053b0ca827e7926fd,bb,bb,True,0.11223111521730311,True,-1,train
pop1k7:src_004:1127,63c06fdb806bb6ee179f039788840c6c353b0be8f24148b4c48b89c7d63a8deb,C#,C#,True,0.07925303344538426,True,-1,train
pop1k7:src_004:1128,7884f41d65baf1d2ab1a714f6fbdc114a7604a61a38938554b10ed0cdeabfda4,F#,B,False,0.08436921756355753,False,,train
pop1k7:src_004:1129,374b2b7e2432bdb4bc1a6b02e2d4b09572e78bdedbe50ba1947febfe41288305,d,d,True,0.1560503613261236,True,-5,train
pop1k7:src_004:1130,59cf430b6d828f2146e1b7ab2fcc9792ed8dbf7fc4a5155708b9358986610860,Bb,Bb,True,0.1091199810857797,True,2,train
pop1k7:src_004:1131,9d1549c18e2beac7d4c7cc3dbd5373e51e0e6678edca413b0672d43be03233e7,Ab,Ab,True,0.19664379225641937,True,4,train
pop1k7:src_004:1132,15a7d13fada70e8e297774237619c99c3da1977c108607a2d4ddd19fec98d99e,Eb,Eb,True,0.13906234054311017,True,-3,train
pop1k7:src_004:1133,d788a16217224952ded332c77d83dad84e59f207d78d8220ba3212b3939ac473,A,A,True,0.13820781603043242,True,3,train
pop1k7:src_004:1134,b108e41e30d13d195f26638e3f036a9c20c32bef9947a2f5c75b1a91d4d7bd11,B,B,True,0.1619545969044407,True,1,train
pop1k7:src_004:1135,1769245b9932b9dd52e407a9d764cbff4c71df5c2588ba6aec1da5c59539d6b1,G,G,True,0.22813199857705901,True,5,train
pop1k7:src_004:1136,a46ba66bd9b22e525b5522efb82f9ab975eb8a0af405fd037909b75c9a5bf79d,Ab,Ab,True,0.19894522291449712,True,4,test
pop1k7:src_004:1137,fb4e58b3ff06f42db230f287548b797594bdafc5c3ec0a88d22e0287dae5fd2b,C,C,True,0.22921142044460785,True,0,train
pop1k7:src_004:1138,e6213dc6055edfbfbcc3e4efff1b3ca0a52c7d5b9fe5ebe6f369e27cd58c4a79,F,F,True,0.23209924710936636,True,-5,train
pop1k7:src_004:1139,4b50b6d0506a8e816505c273017a4fe6f5961ec66dbd36ef5d5e1ebd4cfe826e,D,D,True,0.05162787877648378,True,-2,train
pop1k7:src_004:1140,38397eaa28f8a872e15172c4e642c769fcb7ab3e58a22a5f455edb407271dff1,Bb,Bb,True,0.23909618132513155,True,2,train
pop1k7:src_004:1141,6610e725b008e827deecaffabe114345feb3d7ab6d406239f37dc2f273603c3e,F#,B,False,0.02897028397767132,False,,validation
pop1k7:src_004:1142,637f826102c805bfd370bb0bc0978c785530501d031a27ed0551d78cd5ad4a9a,B,B,True,0.1922997101741588,True,1,validation
pop1k7:src_004:1143,98c7589a27ed9652cd2b79a77284ae13158421ed94ed05cfb2290998ee573441,Eb,Eb,True,0.12045062737364609,True,-3,train
pop1k7:src_004:1144,410ee1f66f47d5217bdfdb154eefb2e2a0d6319d822352125ec47df42b58f7ce,Ab,Ab,True,0.14024967190299342,True,4,train
pop1k7:src_004:1145,9838f6cb13b4ecbeed9d51f7779161e7f7378e29416980ad4fb1dfbf776ecd6d,G,G,True,0.19319241226283546,True,5,validation
pop1k7:src_004:1146,284a85b491212abb3b342b1de3c27ec58570a3fe142f54af7c2ebeb54f4435e1,C#,C#,True,0.18196772377892234,True,-1,train
pop1k7:src_004:1147,f58ec14ddd214af750780675bd9c98cdbc1f624fe82283998ba8939652ddadfe,A,A,True,0.0763085235944706,True,3,train
pop1k7:src_004:1148,5af28b9d582796a77b7caff06b62b5e67a3642bb544f8c7b37bca842a0cad611,C,C,True,0.11752446988829435,True,0,test
pop1k7:src_004:1149,35d6717dda83c9d3ad72be2cb1b6a08b6d293b8ed01d02d3d3a34499532fcc0e,Ab,Ab,True,0.13879647612419654,True,4,train
pop1k7:src_004:1150,6bc4e93f521a1e966012d5deb9063ab3fce2c979c85856925d42e37708f741f1,Eb,Eb,True,0.2330536981726603,True,-3,train
pop1k7:src_004:1151,daf4ab3bbfb5b67e8bb6d8b38138f33567609557718c9b79bbd49053d0159f26,C,C,True,0.21007863401790994,True,0,train
pop1k7:src_004:1152,bd943205ed46d2188c1430932789f7614e364e77d937e76211b1f48f4799c480,F#,F#,True,0.07545336681837567,True,6,train
pop1k7:src_004:1153,06a58b7e4038aa25d4078f5026b1d8f6ed7862ce6c83c094c85dffc619c1e94f,B,B,True,0.07732632360519442,True,1,train
pop1k7:src_004:1154,2957c60f011684072ce77daa2b44230c8cb20064ce6c960c50a0739ab0da53da,F#,f#,False,0.05263712092790174,False,,train
pop1k7:src_004:1155,fd2c43c5e8b1f99c4ca8499a4166e5bb300f3fca2435a6905224691d66d86119,C,C,True,0.200256690441861,True,0,train
pop1k7:src_004:1156,0c3d8b5bcc62f007d1e3ac9178e481a52185353156b5fc8897a8024bd7bd29bc,D,D,True,0.18343049209767504,True,-2,validation
pop1k7:src_004:1157,03e54b82061fc341ed52f053836f32e8c4ff9f00db0fd80c2d1285d86f8b8742,Eb,Eb,True,0.01488263691361802,False,-3,train
pop1k7:src_004:1158,29b6d49e85926a4e0aec8eb0a003fe7ff63da0db80eea10b7eb3f6ba9598a371,Eb,Eb,True,0.10998163549437512,True,-3,train
pop1k7:src_004:1159,7a1d5ae62a14bde564775606896b9f3387facdf58f72006acf17d3ebbcbed58e,C#,C#,True,0.17604678109556415,True,-1,train
pop1k7:src_004:1160,759588b51b1ff9a4af41c68e094d5cda4acf0befa2b4035229a49b25dc283349,G,C,False,0.023417818802836,False,,train
pop1k7:src_004:1161,d080721f273fe73d642c29e70bae22ab24a832598e739f210f9ac1f2de714b60,e,e,True,0.09380427750755105,True,5,train
pop1k7:src_004:1162,5e7791375a042398d187ac5622a744800d820e3bf1c415fad2f6da77b84d5691,E,E,True,0.21327829232984896,True,-4,train
pop1k7:src_004:1163,48739111af7365cfbbe0ce827e3e490e2e486bb18a7d07d0119115a8437e0bf9,C#,C#,True,0.006282307098511963,False,-1,test
pop1k7:src_004:1164,e91bdee6eae5dc2d0a24c3582019ec1711285fe5e60c7a47404e97517e5a85fb,D,G,False,0.03027051510274814,False,,train
pop1k7:src_004:1165,9b4c6351c2e1c04aad714c215add31768d81f629712df49c3430e6019c15b825,D,D,True,0.04120683063876551,False,-2,train
pop1k7:src_004:1166,964f8df6069ce896d073b5aae1312c35f826dac574b139fb992148731f5d220f,Eb,Eb,True,0.18660275421704198,True,-3,train
pop1k7:src_004:1167,6bca7b72160afe54408cfa747cf068ebff9b809c7fae8ac80b6a09c3ed96649c,G,G,True,0.08419260232689874,True,5,train
pop1k7:src_004:1168,826bfbb1ac8400718d992a4475dda48638704662f6d7048de7d4f5f980342478,g,Eb,False,0.04633589802438476,False,,train
pop1k7:src_004:1169,495849c3f9ca86040bde7843b1f5dbce2a00a2c70a25a75a750e7e98b46e682f,F#,F#,True,0.10713724789862977,True,6,validation
pop1k7:src_004:1170,e4df125839f8aacf91e4aa2ad0c55be3194aa73352915c9c1d275a039df1c0be,A,A,True,0.2734566534936289,True,3,train
pop1k7:src_004:1171,c08e34806fea72db5649b6a2356f3966bf8fcecd449aa54c468602204ded3ce0,B,E,False,0.0162021796977444,False,,train
pop1k7:src_004:1172,5b45cad1fecb3eb5c14abc2383e28d9c8e13dfe32bf10687b5f3e391535033e9,E,E,True,0.16881764686496792,True,-4,train
pop1k7:src_004:1173,9b9fc2ad53d703768f4713f316f9d9b3501dde998e7cb9a84c3c342c0aca13d1,F,F,True,0.058871451312631606,True,-5,train
pop1k7:src_004:1174,a3870f25d0757ffcba18c3a20f2a984fa6e7e8eb6e01bbf41b8e3e7391ec9793,E,E,True,0.13028091847652712,True,-4,train
pop1k7:src_004:1175,278cc662c203f8aa746ee6498315fd55377e693325301f6b4553f00835b92335,e,a,False,0.013162851680107668,False,,train
pop1k7:src_004:1176,cf54f35c19abf7bb874ef453a17ebe096ca1db81910e4e4ba5b48a071da1861a,F#,F#,True,0.17010131413493756,True,6,train
pop1k7:src_004:1177,a094c28555a352589cb614a0dc9ce48c237fdd204c03879d9d5bf2fcf63e5fdd,F#,F#,True,0.12492903895235297,True,6,train
pop1k7:src_004:1178,1fc79d0685e6680d3f8292d232566bdaa9c5f67159d52ca6d52021ecf3038eb8,A,e,False,0.024445685999433975,False,,train
pop1k7:src_004:1179,9bcd6c4594d5321a4d049e542f8310857eb1af9dbccdd5fbbe4df3572da4666e,A,A,True,0.18328427862459884,True,3,train
pop1k7:src_004:1180,a6c6dfb753111bdc38f356db21d40b1c88a6d54ec64e0f9eda2a39a08726df6a,Ab,Ab,True,0.0653768931548181,True,4,train
pop1k7:src_004:1181,dd577d96f84ba5fe246c5b636a25e8b739d56245facad2c875aca38aeee6354e,F#,F#,True,0.19034215998013615,True,6,train
pop1k7:src_004:1182,6f5dff331955e288bdc823e7fd678225e659244def026a26f598613c16345548,F,F,True,0.14364411311506897,True,-5,train
pop1k7:src_004:1183,84dd96a6b7f533d4fd5f3cc4c8cd4ba0ecf3e91d2d30c5bb779f3504fa9006af,C,C,True,0.16855560928025315,True,0,train
pop1k7:src_004:1184,fb720ddca1d81ca6637335ddbfaff388b642d143cf67639a10b7256533036f01,A,A,True,0.006667284021104503,False,3,validation
pop1k7:src_004:1185,3afaf8119b886793f39879cda6eb11cc2e265acb3da3ac19a59f5f69dea08a20,Ab,Ab,True,0.0633742116628605,True,4,train
pop1k7:src_004:1186,92728a22dc2307361bffb3ce148ab877df11da2530939375fd22bf134d824fb2,A,A,True,0.03356030183182657,False,3,train
pop1k7:src_004:1187,8c47744e75e2b7dc719d96cbe6591fc6183a4bd23438db5bd983136e205f28cd,Eb,Eb,True,0.0685680190610567,True,-3,train
pop1k7:src_004:1188,91c3e36c51977bc0127299053bd4a41686a552c53e3d3fd8a67eada71233169c,G,G,True,0.08054898022870804,True,5,train
pop1k7:src_004:1189,20c9ae345a657f04af0588df9b1b962fc46f64f25899d78afcb9d17707c2e3fd,A,A,True,0.16010034521990468,True,3,test
pop1k7:src_004:1190,b60bc905d204bf1caa7cf5554d359df1801fab55db56ad6bb24cc968e0b6b9b1,Ab,Ab,True,0.18103776414090378,True,4,train
pop1k7:src_004:1191,775c1720bae95b22a729ccb613c0cba2710aa042cd92d9effbbe40a6e8a62368,A,A,True,0.11606899397819403,True,3,train
pop1k7:src_004:1192,00b9b1e88b3db6572e30c9699592030b3c87d9051acdaddd8ce199a9d46bed81,G,G,True,0.1467596482467346,True,5,train
pop1k7:src_004:1193,5d72cee86cb376da04a6734a0301986aa9addda61810058f05df670328b566c4,A,A,True,0.19035230988632035,True,3,train
pop1k7:src_004:1194,40aa7e274620e62cab2110b346972ca0fbc6fc2a20b5a0e9e34fd8bb5645288d,C#,F#,False,0.11629238156118094,False,,train
pop1k7:src_004:1195,552aff671b7d211ab2dd16be161e2df2a459ed7c542d5d807b4a2ffd459e1dfd,D,D,True,0.06477405127771929,True,-2,train
pop1k7:src_004:1196,de38fa26a5a57009b787f52013e6392c253a6728d7885f3e31f6aeb6aeae63bb,C,C,True,0.1452015658649749,True,0,train
pop1k7:src_004:1197,091f6008403a7d263d11bb68c73b5e8369e9a6ec8e57786412acebc922ffcc9d,C,C,True,0.12990455107782317,True,0,train
pop1k7:src_004:1198,6f90b34d72fffde94ff296e03000d50b1453d3ac57b0de3df0c1f07c15c451b9,Eb,Eb,True,0.20268318867092294,True,-3,train
pop1k7:src_004:1199,d3590aced7fda683f1259b7cb43e6fd71ef1d939fed7dd83287dee946b5ef4df,Eb,Eb,True,0.17860068581563726,True,-3,train
pop1k7:src_004:1200,b4997558f4e4776aa24e34f04a919192efee41a5eb1bd6f71ec30cf0f4d36d0a,D,D,True,0.224377278386669,True,-2,train
pop1k7:src_004:1201,ec7424e8bb7973ecea0895935506722b90f5e6b086491a47b31ad19b73ed792a,B,B,True,0.16029250716217924,True,1,train
pop1k7:src_004:1202,ad9800fc9ae64516ecf0711edc9ea99ebd5a44f615ecf3b351195eafba153872,D,D,True,0.22259020712059996,True,-2,train
pop1k7:src_004:1203,f35d05a82d00c55689db5be4906cb43f46f0bff165dcba600d972d1eebbd13d0,E,E,True,0.19881545141953205,True,-4,train
pop1k7:src_004:1204,1bffccc318d33838afe7ada46dabeaca072fe366d9b5997281d916489b2f1982,Ab,Ab,True,0.02925504750543184,False,4,train
pop1k7:src_004:1205,89414566e76e9533a7b24f5d0eb05888bf5a9ea2a9cad9d85beffa97fd0f599d,Bb,Bb,True,0.15730055845906232,True,2,validation
pop1k7:src_004:1206,b05ec891ca01a72441584c38a4246e1cec84a0604330edf0e1b662d91f7f41b5,G,G,True,0.1393309795619434,True,5,train
pop1k7:src_004:1207,97469fc7bd01d88766da27d6e282656d637877c7cf34903a8aac3f901d7d7b07,D,D,True,0.18125397157652634,True,-2,train
pop1k7:src_004:1208,5bdac8fec04f03a41fe7e5fc2d91db07f82f100b8565236c680b8139691f493c,D,D,True,0.24563157950013803,True,-2,train
pop1k7:src_004:1209,da4ea10142ac4b1addf0f8c22b274b82b812971b5ac14eb1c3b5d5e95e74f43a,A,A,True,0.1943083994748529,True,3,train
pop1k7:src_004:1210,8d073173c5a91c252b0ecd749246c818d3df3c56311567a1d9f1ba0a350cf0b1,Bb,Bb,True,0.21361994418861052,True,2,train
pop1k7:src_004:1211,de87704e219ae2d7a32ffcc4e9922ab67e0be631ea5c2e3b2e465593c64c3d88,a,a,True,0.06164012288893961,True,0,test
pop1k7:src_004:1212,ce43cd88d8106eefbe5c07209b7c8aae576e47bb3fe63434a7e328ab76c0c335,C,C,True,0.14888987777504792,True,0,train
pop1k7:src_004:1213,53e88b38f679ecb0985653a3b5c6acbf147107bfc0a46152590add8f4645f586,C,C,True,0.16193379836084687,True,0,train
pop1k7:src_004:1214,2b46db1f16bad5eb3f011769aa949b55c3e84d35c94eb83623e137c54d519d72,F,Bb,False,0.07331692150908875,False,,train
pop1k7:src_004:1215,a51bbf17d7ed7b4f4291a695f45b5b5a03ca8bda9e11db70ec8cad31d28cf938,C#,C#,True,0.13683571912394443,True,-1,train
pop1k7:src_004:1216,32cece63cf3cfa69cd50d1e18ae0762e7870d986281470d1799fdad86639943c,E,E,True,0.1386761201713288,True,-4,train
pop1k7:src_004:1217,0b0288b0bb52ed76f13d5fb4205f6b8e5499277bd5ceb0b84374e08711d73572,D,D,True,0.006490019895788124,False,-2,train
pop1k7:src_004:1218,0a92f3f9800fdd927dcaaa581f20092242be508990a704d09e4f508d81be2b8d,C,C,True,0.1712610828582759,True,0,train
pop1k7:src_004:1219,b12928041744ecef7d74e8d27898a1c9ac9bf50bda61252d85a9508e9b2c993b,D,D,True,0.22473434993680874,True,-2,train
pop1k7:src_004:1220,47007d553233c38ef9748eab1f7ec6d4754fd44baa79681149954457d30f265d,d,d,True,0.1879825636031397,True,-5,train
pop1k7:src_004:1221,8ead3a9762558be8b24f3a22f2ab4397151c6bd500c14980105b3a1d1d45b619,e,e,True,0.1890355802193454,True,5,train
pop1k7:src_004:1222,d60b55b7358800878568f6c53e179a4029b8d68697d3135a83ca9be2f041940c,A,A,True,0.10104244872557133,True,3,train
pop1k7:src_004:1223,de7511e049b91b4d87194841afb52633fb1f16ee52019c9f7d771fd5dcaa2bdb,C#,C#,True,0.0622939921119241,True,-1,train
pop1k7:src_004:1224,9c8754e8c3d08c59f763ad634c925b61ff145647cfc19784b422a5ed51f58c81,Ab,Ab,True,0.18780339873381147,True,4,train
pop1k7:src_004:1225,b9c6f679ca8367e87b05dac676ecab05464918ef6271c36d90a69ec1b85a159c,F,F,True,0.20780057700596732,True,-5,train
pop1k7:src_004:1226,1e64af7c79c43f5dfd780a746d8a36daecaee1bd516845dd17e820703825027d,E,E,True,0.12081896510140522,True,-4,train
pop1k7:src_004:1227,d95f2a7c9fca1f04a400e8ff30d7413f0435f1007b6071d0a453b7a89dc4168b,C,C,True,0.08304864621847219,True,0,train
pop1k7:src_004:1228,236adfa8f384b5582e8bc4c7058de763f46c31a2da1e154f768a343e7f85fcec,F,d,True,0.19016275816251071,True,-5,train
pop1k7:src_004:1229,78d5cf0c2ad9f36e3d1e924f9710b8c1bb07234d36667d3ad9ee51bcbc167c02,D,D,True,0.07098221891579715,True,-2,validation
pop1k7:src_004:1230,7686953d371723559deaab890028c82b82a9455ccbe8ca689a81be7968105b27,D,D,True,0.2535588180309575,True,-2,train
pop1k7:src_004:1231,ea72abb40fd682f8ec37c24af5e9938e298b6eb4a04b2723bcc4293c53cda681,F#,F#,True,0.18669602355909676,True,6,train
pop1k7:src_004:1232,170541e0262afc81b2047db4d3d1b687b8dd164cb2b16e87ee64ec4224747fcb,c,f,False,0.02230528984064728,False,,train
pop1k7:src_004:1233,23bef2931460c3c135be1522ea1e1225a03da850520f2a9b3acfdfa8f9a2bda1,G,G,True,0.23317605008492015,True,5,train
pop1k7:src_004:1234,2ae7020fc084130acca203f28e822c067448880d8cceecd3fa83dfd4e9987854,F#,F#,True,0.19324280135218708,True,6,train
pop1k7:src_004:1235,b34715db504d8d38b848fd00d0d4b9f99b720ae2bb27231d50bfe95097593976,F#,F#,True,0.21354318986745158,True,6,train
pop1k7:src_004:1236,abc9a590cbdee92e04d8cc4277d773b7f50cf771edabc8823e03fa59211a3e12,Eb,c,True,0.16788141437202753,True,-3,validation
pop1k7:src_004:1237,7e961840aeb03b82cf3e762cdaad285f4d2a9102dd904f83b9fe184cee7a563e,F,F,True,0.21782025113738612,True,-5,train
pop1k7:src_004:1238,cf192e589a0062e34230b095e5bd217e0a9bae279a972c6437f46371df388c69,C,C,True,0.03575432491528563,False,0,train
pop1k7:src_004:1239,a12e59bac1a690b72c15a7f0a6157da6fec1b9ba70961b39c8d8e02c0790e441,D,D,True,0.1736121035888849,True,-2,test
pop1k7:src_004:1240,1e578173deb2b70b3c4653062aa2f4ce334334f0d20524dc6b597f9778e54259,d,d,True,0.11079176912623356,True,-5,train
pop1k7:src_004:1241,c53ecb4346e8c2400c1a1064a2c218b7b416f8d9e91e9e6ebc1489fae2de0392,d,Bb,False,0.05795673284088254,False,,train
pop1k7:src_004:1242,525b4215be0e177b251fa83553252c8e94f24453deb0fbb39b9aeddc78f52752,a,a,True,0.21029909776256894,True,0,train
pop1k7:src_004:1243,9d557f1fcead731b55ecf4e401d656a501873e6c561476493d25eeb9e1d131f0,C,C,True,0.05509457990044997,True,0,train
pop1k7:src_004:1244,52e0717c78354aafe75a75b6d9cfefe6d84d95c45f2e7d1b78c47abfef337906,F#,F#,True,0.2661088025326849,True,6,train
pop1k7:src_004:1245,8d25a6070d9693f00ec2b42a8ba96fcf3366423bca6edf08321bbb78c72e73c6,g,g,True,0.0830151178959041,True,2,train
pop1k7:src_004:1246,5358e000ee6a42b444a17d372810da068d620a60dda571d3036d0fc5b5c40b4a,G,G,True,0.20554749393985383,True,5,train
pop1k7:src_004:1247,acf6f195dc5275d04d6e43eae98c0bed68dffb33f7d4aa973b3a4d27e5ed11f2,f,f,True,0.18558671484176448,True,4,train
pop1k7:src_004:1248,5414e14a460fad8c64340158afe24584884785595af7a06badd638a2a4baf145,a,a,True,0.013739651569685152,False,0,train
pop1k7:src_004:1249,220b5f52c11e8df39213ecdae786bcf3e31e660ef975d03b9bc4e57974348b9b,Eb,Eb,True,0.21892598269722152,True,-3,train
pop1k7:src_004:1250,43a8a28f2536c9779d9251042dd7170d3764041b80b7a1a595ca47fac2ea6986,c#,c#,True,0.021211654101049082,False,-4,train
pop1k7:src_004:1251,9f4ea21539945f07eaa3475162940ab0bfe944e9680ae83147a2e728e7536f84,g,c,False,0.007014897270362086,False,,train
pop1k7:src_004:1252,8891af7f7734082062c9f66b1ec7a06ca8b74693911abf96b2ef548e284f4da5,G,e,True,0.11905249916288174,True,5,train
pop1k7:src_004:1253,464ff8d1e6711b9822c54746bd9b1a171f7b8ea13cf3b8b44478a8a08e9f2180,Ab,Ab,True,0.17629975847366974,True,4,train
pop1k7:src_004:1254,caee7d38de6dd5ffec86574074850cf4e3cd619f2f4caa44f47aa499c51d9758,c,c,True,0.1652896462933967,True,-3,train
pop1k7:src_004:1255,2c4693d300bfb4d865f64eea3304e22da338f6099ffbcc3fdad92b1e3fb1b4e5,C,C,True,0.12363969541052233,True,0,train
pop1k7:src_004:1256,12b454a8b1bb6ee7e9e0efbeef60bc3cea2058ab77d809fa83988d22d1b99744,A,A,True,0.21934200965456474,True,3,train
pop1k7:src_004:1257,5f63751aa65ad7fe10f455e4d827144f7d479fc74dcea08c3e29aae61cd3d8f4,B,B,True,0.10988548467996917,True,1,train
pop1k7:src_004:1258,ef0a512789bdc805757dac7d44c2a7af3c876bcb1efc18767f6a16df81ef8a33,A,A,True,0.0399120442909674,False,3,train
pop1k7:src_004:1259,3ff8918d101ed3af060426ee414fd27a966980138bb3d4de288b01e51daa23cc,C,C,True,0.1013163596845783,True,0,train
pop1k7:src_004:1260,67f4f3e37419202348032a929e97ee58f7f804895faa39f82e7e41a53c7f8c68,G,G,True,0.13566626127285564,True,5,test
pop1k7:src_004:1261,4ab3f3aa753ebdb7a3adf6db05f2399cb3f03b6523eac9215b89d4c207f54e15,A,A,True,0.020390460702784496,False,3,train
pop1k7:src_004:1262,b7231936bc7fcb6f60f9006af12e9a355e81cfc59bcaa6c9b067f0e9daa41f44,Bb,Bb,True,0.061505515456046655,True,2,train
pop1k7:src_004:1263,00bdfef95b7913e332ef1e6b64a5a31870693f4399a3b28d7c2be7f3307f170e,f,f,True,0.21520883187928164,True,4,validation
pop1k7:src_004:1264,cfb1bb993f0bed09c55d5fc06bd81f8f00b375a15bbb319738ce4606ca1312d0,F,F,True,0.030017431748622703,False,-5,train
pop1k7:src_004:1265,de1b077fe53e3e6fb98258f8b38e9a58ef9eab44b14cc0030ebb0d18dbcc8c75,d,d,True,0.07402630978314018,True,-5,train
pop1k7:src_004:1266,9f94512e55dc119a0da1779a63311108f96ac52a88d212294de80f6ed5c9479a,G,G,True,0.1547239506974759,True,5,train
pop1k7:src_004:1267,4f8ae16bbaf54e62e73282aa07edf08bd9f1b91708210706523bb0e652d6f217,C#,C#,True,0.13380884615827549,True,-1,train
pop1k7:src_004:1268,e03df4cf514cda166bc01fc672866ed1d169ed1ef4371f8ca8f2bcce659d0aac,C,C,True,0.032463506220212435,False,0,train
pop1k7:src_004:1269,c7c30fa478c654ffc0daed22a251ec3ceba164ed14fade91f4c2f4a6c468dec6,Bb,Bb,True,0.19007432466556984,True,2,train
pop1k7:src_004:1270,d8381634e19d516a68db55de0c45232adf1c3ecb742c0e0665c398b6af46d74a,F,F,True,0.12184286499489416,True,-5,train
pop1k7:src_004:1271,9ffcb00728b5681c89fd83638d621f9b56d7ae0da295abddbc9f6b5f26a07b2d,F#,F#,True,0.06624530455440669,True,6,test
pop1k7:src_004:1272,94ceb7e5e1e4e69a543180896500a6083021d55509999205bce911cb421cf508,E,c#,True,0.17614124135819154,True,-4,train
pop1k7:src_004:1273,1141a7f08378986051e655eace609a817ef5280306078fe443600f184a95bde7,C#,C#,True,0.17536479989617804,True,-1,train
pop1k7:src_004:1274,bd3f3a5a272bef53ed609e094be5b615653286827781da9a542b8a0a75f1b88a,E,E,True,0.10974218740777819,True,-4,train
pop1k7:src_004:1275,e2f7a9021890253ee634b6b88f86050cc0300bd474cc402ce1ac8d983b32cb0f,E,E,True,0.1651775311272159,True,-4,train
pop1k7:src_004:1276,d98746ebed5d07c9839f6457c334c949b6a22c7437383a7958a88395e89c9064,G,G,True,0.20524103964960416,True,5,train
pop1k7:src_004:1277,741c9cf2667f585e868629a74682796c8822597f66e153105f74ef0ab3c02ec0,C,C,True,0.2028615826990372,True,0,train
pop1k7:src_004:1278,1644ae873fa1c38f9f8b3e7f3047c4e7c9df075736612f6e26dbb4584bed5aad,Bb,Eb,False,0.05404936867402499,False,,validation
pop1k7:src_004:1279,ffc74a6e37a8938448bb445db78cb19685db9f80396852e54762fb1662a240eb,Eb,Eb,True,0.12067014843606572,True,-3,test
pop1k7:src_004:1280,db744987943fef387f9e362963427738ebc9bb90a6aa5d84053f4586a2e8ad4d,d,g,False,0.026338259362401417,False,,test
pop1k7:src_004:1281,f398d228fde2efbd119b94fe5dd8ce43f373e4985c60d352a3b5b2f624058ccc,B,B,True,0.23912839286907983,True,1,train
pop1k7:src_004:1282,d9de548503a7c3eadf56b3849b0c4b5e67d038a9360d26cc9b7ea593e364673f,C,C,True,0.1578072192871608,True,0,train
pop1k7:src_004:1283,cc967399ec96eab3e2ce111ed543d949fd3bc551deee7a60c776c0644b1b93c7,F,F,True,0.14696944112595922,True,-5,validation
pop1k7:src_004:1284,6d4091844a34ff0765893029233a4bad79a143749a2c38e2c718c4047394a5f7,c#,c#,True,0.1691913463895932,True,-4,train
pop1k7:src_004:1285,bb006efd54c5ce00668465a606b33891444bc710f52bc879fa23bdaba4d382c1,E,E,True,0.0709521097741499,True,-4,train
pop1k7:src_004:1286,d7a58f6d4b3706db0079b06e413e6ed9861e22bb10d36ece79d63824a022422e,Bb,Bb,True,0.30385985864776444,True,2,train
pop1k7:src_004:1287,e8b4ebc7275b76ffd1de521d857d74dc2294eae90287f53363e4690a90a1da78,d,d,True,0.18932234268301518,True,-5,train
pop1k7:src_004:1288,780b40a37ad1b8bdca74bc17aa497a7e3d8c160250dbbac77f1dc2845e90dae3,G,G,True,0.17024005907231432,True,5,train
pop1k7:src_004:1289,7a5b75b40b780d056e11ba87925d29154e4a45454145e18a177e445ac2c9b57e,B,E,False,0.0005255119477486359,False,,validation
pop1k7:src_004:1290,80879a5060943519647d8422481cd7bf6fe4d94466551033e66e963a519c42e3,D,D,True,0.2488286195509306,True,-2,validation
pop1k7:src_004:1291,cfbecb199c495be91dac0e6ea7e5467bcc3da2afb86494c685d24e7c40ecc23a,Ab,C#,False,0.0031635298299409476,False,,train
pop1k7:src_004:1292,b5e3e0f717f0ff69aa148255b1b8d13faefe6756abbe5481e835b9f54187ac6d,Bb,Bb,True,0.11351526787351673,True,2,train
pop1k7:src_004:1293,7fd03513d80cb5e72e8a3bfbed7b9ab829dbd48fec69f19549a6b9be027fb02a,d,d,True,0.047498859844012364,False,-5,train
pop1k7:src_004:1294,4475bdcea8b57d8feae5ff3e075594288b0f698b737877bda3b2a857f724df20,G,G,True,0.15410332227319012,True,5,train
pop1k7:src_004:1295,2ef633b41cd2b6022325acb37b44685a306b0b6d11e87c4c3dc947288c76e5a1,bb,bb,True,0.07887179475037365,True,-1,train
pop1k7:src_004:1296,5276225cebccc11af09563fad74f55b0d73fcc4f08ad415881ac555a5fc7d8c1,A,A,True,0.18864333497022445,True,3,test
pop1k7:src_004:1297,565a681eaa1fc17bb7ce9735bbf0de7310edc3e421d909fa42ccefc0f8d11116,F#,F#,True,0.11596481917874435,True,6,train
pop1k7:src_004:1298,3b336aa30e88398950d242608ed188afcbe040255ceae37e8c1e93204f98340f,Bb,Bb,True,0.22198784877025968,True,2,train
pop1k7:src_004:1299,d68448eb54b399702f8f16b8f3d4100bb9cdc0558347c370522a9eddea85a20a,F,Bb,False,0.0018646885648894163,False,,train
pop1k7:src_004:1300,1e0d8eb281e685df076e222b8454098c1162797b88411b1a55e3e9e60bab383c,B,B,True,0.17541332546868338,True,1,train
pop1k7:src_004:1301,df92398fbcae61bb9fb3b5fae50c1b3a8e645585fd271a98e483381ccb91487a,C,C,True,0.09578523834589048,True,0,train
pop1k7:src_004:1302,66f66cbd4e25b0a069a2c9afdbeb449d1ce45ad592c2b627247ec482c1f2230c,Eb,Eb,True,0.14678188634836598,True,-3,train
pop1k7:src_004:1303,ba5b35fb3f50fd2254c28588e4fbab47e8a0f2700d4a0ab2e5d54c9855eac924,Bb,Bb,True,0.12378631439637588,True,2,train
pop1k7:src_004:1304,d7b5c1141bffdf1daffcfd69692f5ce387987a746c427309f6bc65708869f181,F#,F#,True,0.1129828582689606,True,6,train
pop1k7:src_004:1305,326aca8b8f278f1de39cb716cb6d073864aa2902117dcf0878533bb9281b5367,B,B,True,0.03635496491697565,False,1,train
pop1k7:src_004:1306,6d97e66d73814f9c1d86897cc4ed2827a0bec58b14116f4ab421e37d05ce6b89,g,g,True,0.08747165421288039,True,2,train
pop1k7:src_004:1307,d56cb7962a3a249d04499e126c9bacef14d460a9b1606e5a40ddd52a0b9846fc,eb,eb,True,0.11503987172710661,True,6,train
pop1k7:src_004:1308,f1bb2580ad52f144c8142da98b8d7923ee0f61586cace51da19c8ce52817dc65,Ab,Ab,True,0.22760054946665043,True,4,train
pop1k7:src_004:1309,c3d37a1ddb1e25f6f277d6484a7ecf1e7ad5671980a89311e1906e0400abd142,g,c,False,0.07604878830288142,False,,train
pop1k7:src_004:1310,6457c1eb59c72e910ee8acf0a33fa909c062511247c4c41a5cebd551ca0702ab,bb,bb,True,0.06928978709472389,True,-1,train
pop1k7:src_004:1311,65bc6bd8e29c93aebffd7d03dc6ecdb517f41ff5852a51f630483b42a95f8985,a,a,True,0.09404362596876747,True,0,train
pop1k7:src_004:1312,9f984437083dc786774dff4a567504b6b3164de6862e1595851a29a192693a04,g,g,True,0.08214508447474167,True,2,train
pop1k7:src_004:1313,a2b742f4bda70345fcb7e0e086684912e284c19d54f6be80cab4dba5ac17bd79,a,a,True,0.06282272108783626,True,0,train
pop1k7:src_004:1314,d330918788938725c4590defca136a1a30b9fd00c7cbc8b1ed96bae1c0d2a627,C#,C#,True,0.24952490250119486,True,-1,train
pop1k7:src_004:1315,5391d0fbaf2a9546ff4186909ef9801113a4b3976d12f0952522fe6751d98f80,F#,F#,True,0.29157447807478365,True,6,test
pop1k7:src_004:1316,007513d8e21a5dce1ebc6f65ac2575d24b5966eb454aa254049a1f8dd62a2736,E,E,True,0.21326105581550858,True,-4,validation
pop1k7:src_004:1317,976cba0a862cdcef833fb4228c2d84bfd3c91e80e1ae464d0cef158718f116e2,G,C,False,0.04500422000889581,False,,train
pop1k7:src_004:1318,237e248671f3f61b2e06cfd988a7883c46412284827e30c04e110a484a0936fd,c,c,True,0.03582637694577895,False,-3,train
pop1k7:src_004:1319,fc9097e74cf7ead9bc61e8b2e82f378a175a68e858f495a75d1fab18f588587d,f,f,True,0.12813196071798516,True,4,train
pop1k7:src_004:1320,fa3112b222a887681e4a2709a3933e274e24a2a061ebb474dc4f77c6ad5e6144,eb,eb,True,0.21881281141816777,True,6,validation
pop1k7:src_004:1321,3479072259a1ebe3c49af88cba2f39367c2f8487bdbcf186130245832368e319,F#,B,False,0.006109698933161489,False,,train
pop1k7:src_004:1322,c92153333ebba2f80289ef18f23da9c412b273b6a3b584411a0d89f80395abf1,D,D,True,0.21743093374918887,True,-2,train
pop1k7:src_004:1323,d24b9da6a23460c84e11572f1dd455f836818193e519394d4b6df8b8ba7a648c,c#,f#,False,0.06390170737899725,False,,train
pop1k7:src_004:1324,b5c73a0ee925b7310722060c5fb7f82052ca12adac628f883bb69f8b845c7ae8,C,C,True,0.228878001672005,True,0,train
pop1k7:src_004:1325,7236445d0982cd3256ce817656c6d4ef55ac7f6965cc0bec7f6423570e6e22cd,C,C,True,0.13553959692386575,True,0,train
pop1k7:src_004:1326,1171c0bb4789470871db6dc090cd2c2d968542f1ed9c398cc9ebc276abcd03c8,D,D,True,0.19352435294086878,True,-2,train
pop1k7:src_004:1327,8c9161e35a9193ec46739e518e369d54b087c6ceb71fae670a528a42d6f2e056,g,c,False,0.13593190003326017,False,,train
pop1k7:src_004:1328,3b23dd8ade63dbe2d6be9a2d86db4f20e967eff79da8bb3014b3802eeb7f4eb5,C,C,True,0.03316568528807606,False,0,train
pop1k7:src_004:1329,0ede5338b89878e19907914fa8ebdc5755831277c1d0cb14f62a14df4da6903d,D,D,True,0.172581721383132,True,-2,train
pop1k7:src_004:1330,68010c03c6006bce6465702c62e406bf940f6765bf04180d888de25462a63a69,ab,ab,True,0.005425363425741292,False,1,train
pop1k7:src_004:1331,365276b51169d3f6f733defcac0afac686f0118832f6c4c2fc95e8fdd4d70dc3,A,A,True,0.13218606657330945,True,3,train
pop1k7:src_004:1332,ee4c285a9714cf524e8e0063ceacc14465babb331c58d337ee289950fff59007,C,C,True,0.22584062001898686,True,0,train
pop1k7:src_004:1333,068115fbaae91fbd9a245c5498464a497fa292fe895b3fa9eeb3e67b0063ebf8,E,E,True,0.05355876568432827,True,-4,train
pop1k7:src_004:1334,708472e1d701ca318da45d8cf86e1b63f2e7ad76f9c3fec4c60c7a6df6aa48f8,e,a,False,0.05686674445166173,False,,validation
pop1k7:src_004:1335,b227814aa2f48d93bcf82fde6237e83f90c15711aadffd27bc69dbcdb68d08bc,C#,C#,True,0.1556080398666072,True,-1,train
pop1k7:src_004:1336,c99787452429d526fde8f163dc8167631af2fc53d34f8c7838154a90c8771256,D,d,False,0.025433836710428426,False,,train
pop1k7:src_004:1337,e8e7ec78e4d37377b47af4b718ceb1aff146be444476c0d691588258c40eb165,Ab,Ab,True,0.09649611029068095,True,4,train
pop1k7:src_004:1338,ae19e2f517e7c2d62867bb81c0bf9e34112124cf049d128ad52be588f79839ff,D,D,True,0.1853229186237345,True,-2,train
pop1k7:src_004:1339,2c9730cd94b7ea22bf3910688d08288d618461f3c7a34989c01a08f2a99b0013,G,G,True,0.11944653241943493,True,5,train
pop1k7:src_004:1340,b9a589b8c0bf9dadfa16be20a55a7f042ace7a59f69464619fa724881ef0c58e,G,G,True,0.24248124267706028,True,5,train
pop1k7:src_004:1341,9915361abcf38f81669d056d92e909c7368cb60802c07b83594bf72d3038c282,d,d,True,0.13524875738875053,True,-5,train
pop1k7:src_004:1342,a9b0e767d7a946863b1da69debfaf49f09f2e7f18c240c33bec6652266368b63,E,E,True,0.18624615683731205,True,-4,train
pop1k7:src_004:1343,c42796225b3f8c90b34675050063138ac7b92327a11840772e831804bf569c3b,B,B,True,0.2564625785452864,True,1,train
pop1k7:src_004:1344,21015898308123d4962ff05e5759047f6a61bb4431f925caddd2f37c301a0120,Bb,Bb,True,0.23971066700351518,True,2,train
pop1k7:src_004:1345,98e3c7914020b3f0bce6240d1020f781c7c4c58640aaf3816e4802c6c3de3935,C#,C#,True,0.2781407953850774,True,-1,train
pop1k7:src_004:1346,9548b8c2a53491589e8408947ae69e3dcff070d7cc59459c878f8c39081f7e2f,E,E,True,0.04955257880381536,False,-4,train
pop1k7:src_004:1347,925d448e2250a980d74a6374d27295bb423f638719d4baa8fef6d59dac279f27,F,d,True,0.22645460510258097,True,-5,train
pop1k7:src_004:1348,4b2f1f87f18902ad83eb0cb21fb15500d5468e42880c34bef0125b57d5e6e4ec,D,D,True,0.19458355071838018,True,-2,train
pop1k7:src_004:1349,8c2d4b334037a919572e900007775357e88abf213a2bbca584ee15767c80d9b3,C#,C#,True,0.08894123022896239,True,-1,train
pop1k7:src_004:1350,f90c1436b9fa54db46a8492634f6785f4105953d2e89619b49e5ce2ed7edf594,a,a,True,0.033675497270835186,False,0,train
pop1k7:src_004:1351,c0e9ae21236bd23bdba3ee5f507c6c99f8b8e075682edfc689ac65c2845ba981,Bb,Bb,True,0.16609815337205736,True,2,train
pop1k7:src_004:1352,70078bc2c994d640ab6073c946a4b77ee26b50a2dbd971d5560d3e3ae28d280a,ab,ab,True,0.15711132942386397,True,1,train
pop1k7:src_004:1353,98b4a31ee17d6345c6548d1ce795654c88fd00d67086dd37c53bc311eed2a41d,a,d,False,0.07608954650218402,False,,train
pop1k7:src_004:1354,7864fdb3c79585aa255f0f14260f376ca0e60885a7443ad71cf833d843a0c185,D,G,False,0.07086190753063182,False,,test
pop1k7:src_004:1355,5520a6a6e2a8a78ff728b515487b2414ec6a251a6ec04a26bf6c6442589018ac,A,D,False,0.011740334996675705,False,,train
pop1k7:src_004:1356,e21ff6dbc34e6bdc4fceb119974de2d55b7e0573c14bda70f721277ba3ca5e71,A,A,True,0.001138109955137856,False,3,train
pop1k7:src_004:1357,a796ffd7135976962c45b22ed3518e5f920d17f1ebc8271ffe7d365268ce9bdc,C#,C#,True,0.1712066167378018,True,-1,train
pop1k7:src_004:1358,fd9744123e39f4e3022541573bb2f1482650bac78e4a1d9434ff354cc6e68f02,C,C,True,0.11238438544419294,True,0,train
pop1k7:src_004:1359,8182dfae03a6560d414905826754015a8f7be06012104a338a1e2141e216ee52,C,C,True,0.036979749381937266,False,0,train
pop1k7:src_004:1360,bc0cecece82b41715db47f9144b89c2048e3270f6e08796a799b629fa1354dab,C,C,True,0.16701825261011727,True,0,test
pop1k7:src_004:1361,c69ae9602ef73c42df92752eda024e063bd38bc3746afa9e7b7fcab2bdf1b3de,g,g,True,0.02218836957936743,False,2,train
pop1k7:src_004:1362,bb631323b7ed04abcec061aece28f1d2fe2a54499a3d1aa10d35f16a47194f16,Bb,Bb,True,0.08905188109429918,True,2,train
pop1k7:src_004:1363,a77cd4e0f1b224acdeb4e6c61fdf1aee34a27342d1ab6262795efd781dd48985,ab,ab,True,0.23534134970586762,True,1,train
pop1k7:src_004:1364,35c761851d3132f8a54e780695d362aca33ad513e4ddc5530bd8008524866bd2,ab,c#,False,0.009587721589365605,False,,validation
pop1k7:src_004:1365,e5a97d4337f8d019b8490650ed70ee8843ab06499ceea14655619d114747f5c3,B,ab,True,0.18387698280177767,True,1,train
pop1k7:src_004:1366,b7b0ec8eb30ed96084abeb03e99894b8b823cba18e1e5263f11dd6d68318f65e,D,D,True,0.07720942285783816,True,-2,train
pop1k7:src_004:1367,599842a81f8d6fba7fe6c5e2e1c17a6bab2f8d0631060b366d77b44699df4eb9,c#,c#,True,0.12481509546729264,True,-4,train
pop1k7:src_004:1368,e7327463960792f928475fe97e33b881526ce109fd854ad465e914eec1e7017a,F,F,True,0.07694930707000991,True,-5,test
pop1k7:src_004:1369,1957bf5a40f84858da4a976bcd501790836818dae45908221af4f15dd1cffaed,G,e,True,0.15447546373562404,True,5,train
pop1k7:src_004:1370,bc35dbdb78e3dbb1a3f9f20e7b1470a51319b23f78216f4f1ee3b790cbb749ff,C,C,True,0.16305558202625692,True,0,test
pop1k7:src_004:1371,06bddacbfb67742b331d913377bd1f95f0d07e7b9d544190334770d45db63dec,D,D,True,0.09045477443111272,True,-2,train
pop1k7:src_004:1372,2866b9139baf8636bf314941343d1d14606d837d33fe5009a58a9212831a4dd3,c,f,False,0.01119780634367229,False,,train
pop1k7:src_004:1373,45a5cc524c110c6dbddcbeb661f3ba255837bd41318411e512165bd97bf7c56d,G,G,True,0.041576004106885556,False,5,train
pop1k7:src_004:1374,8ac5b57110b9adfda88bd3eb56b74141175fbc03df9856466fdb9330625e9762,G,G,True,0.21236637440984962,True,5,train
pop1k7:src_004:1375,ce73bdbf4e60dcaef9099c0d30f21bf77ac2bce229be3d3fb71a44df5ac89c17,B,B,True,0.07566815451060782,True,1,train
pop1k7:src_004:1376,9cf703f3c3b4ae6b9e4a7c60f607a649b11d314ce4ac965a7cd9cd13dbd39540,A,A,True,0.18991366236575735,True,3,train
pop1k7:src_004:1377,d94cc1d09e35bde6e818747169ad4f06005759da461d9f57bdd8f7132b796875,E,E,True,0.20592988997374884,True,-4,train
pop1k7:src_004:1378,fbed59f9404056eb2532c476934676acdfcd865d851c2386be99287346b2b954,F#,F#,True,0.2734297701233951,True,6,train
pop1k7:src_004:1379,76f77cf994b3fc699457359eb2a3dc5255802eb0dfe17c0c3717c073e0fdd4f7,g,g,True,0.1436325880720002,True,2,train
pop1k7:src_004:1380,a0b5dc502a7715a36fef6f6ad99da79d1ea341ec22a5296f3a5646a120ef3fdc,G,G,True,0.0421646204501932,False,5,train
pop1k7:src_004:1381,a017b213157d1506063a694a4b5433a3ad9d5d5fdb74cc1c9a865751ee7f2d3a,f,f,True,0.2098313615451325,True,4,test
pop1k7:src_004:1382,fd9b03c98a46b5fbe7b87c02954edb608ebe834048f0aa5e0a671801f7626ec8,a,d,False,0.11580571449124266,False,,train
pop1k7:src_004:1383,69075d933a363ee7a8e676066afa25780d4111249ed054283cf8ba27cfb7ded4,C,C,True,0.1840576305125734,True,0,train
pop1k7:src_004:1384,082a519568a69e0f15953be9a03726dcb145ef8333375041e222e1d403909672,Bb,Bb,True,0.20489587831585743,True,2,train
pop1k7:src_004:1385,3d8d7f1167a01b260435535059def39a407e9ae58579b258a4cad569f63c8ecf,b,G,False,0.11283193529270041,False,,train
pop1k7:src_004:1386,86d683bf92c5309d6b8323afd668462ff416e45ca1b0ed5266a1264965b318a2,D,D,True,0.17725348521583217,True,-2,train
pop1k7:src_004:1387,b18fa3f801ce055647e3120da244c235df746095c9b9e135edd4e5834bc5c068,e,e,True,0.14158493670980699,True,5,validation
pop1k7:src_004:1388,5c97aa35433639b35ee7c2a72aeb76eef89a37b7a5c9da7882b0df4b73eecee0,F,F,True,0.23966255026088712,True,-5,train
pop1k7:src_004:1389,bab8a67b4e3a2868ad799a33b84d9634d0f9bf7f4c6bef3931a18a7f842e129c,A,A,True,0.15327700860207283,True,3,validation
pop1k7:src_004:1390,b106905477f900350217da66ff50311d3553bd274f4c1f53e5eb7db0d7affd32,d,d,True,0.041980013194349186,False,-5,train
pop1k7:src_004:1391,a3056031956f40eb9ac97ba5c117b4e022a0626e6dc976d557028d005f98abb5,G,G,True,0.10252787671222685,True,5,train
pop1k7:src_004:1392,172ec40c7a208eef24ed0a69d08aa06647bd0db7ac4e2a650bec9f214eca6e6b,B,B,True,0.060317277440707695,True,1,train
pop1k7:src_004:1393,d4b12560e066655bf3dd3ae7c67a122dd168d13760e9cbcd7fef0d125157da01,C,C,True,0.06360821780121517,True,0,train
pop1k7:src_004:1394,519d94b7e7948c7aaba0ecd60421d1f040b48776535fbddb4f26f5b50ecc538c,d,d,True,0.09362337624279249,True,-5,train
pop1k7:src_004:1395,152ad285354627e6a81fa0d5712ee6ced4580c2595bfd232069b7716bf746fb7,c#,E,True,0.056407162498661956,True,-4,train
pop1k7:src_004:1396,151fcaa872a9a4c83c10848862dc1f9a79ccd1f1911066f3ca7e77b8af3c8234,F,F,True,0.1650027992344305,True,-5,train
pop1k7:src_004:1397,470c2ea2192fd21b1df75a7687e9bf8e91192c2a2672fd3855921f2ec57ba4ee,D,G,False,0.04012075450522745,False,,train
pop1k7:src_004:1398,675ad26cce19f80d803ec051b4598ff1106df6ea1832670581078b31400ee429,A,A,True,0.09588530984393229,True,3,train
pop1k7:src_004:1399,de9a42409e985b241fb56d60ad2cef1123cf5d3788e498f999789131769c3211,C,C,True,0.1700354947973255,True,0,validation
pop1k7:src_004:1400,fa2708085c20fa6014b7e3b1682a916e15363255669a13dae011f242cb1eed1b,G,C,False,0.13663210058164266,False,,train
pop1k7:src_004:1401,035f81e06f6ec41ddd252ed3bb6dc72800375f2d1a68a0072a0cd0c3469007a5,C,C,True,0.017347270330594022,False,0,train
pop1k7:src_004:1402,a582b33aa1928c17c6a0fe396e260d2494358ccb8eb6e38bf98925052d8f15d3,D,G,False,0.011823016271532483,False,,train
pop1k7:src_004:1403,8c1fe951f96d80fdbe03ed8cd8c5d201f90fbba7817e19390d3e4cd9e2bcf9fd,C,C,True,0.1163906879816976,True,0,train
pop1k7:src_004:1404,41f98dd64b7f33f0a4c59d11cd66056603393c4c1fad687ccc07f32474906b81,Bb,g,True,0.020342280098500365,False,2,train
pop1k7:src_004:1405,86082d7a6d78a519f34e30c0212f95fe837abc6a063c61b0147422f14c8d5618,C#,C#,True,0.2555794854217177,True,-1,train
pop1k7:src_004:1406,4b45151f72528db76488a112101d49ff84a61d58125681691357b9155fe25bfd,F#,F#,True,0.2171715550547083,True,6,train
pop1k7:src_004:1407,f67a1cd6d809adb894c061c9a9ba181709ee7cbbace0e0e64e30cbc7d78df6fc,F,F,True,0.1336653399161818,True,-5,train
pop1k7:src_004:1408,561f8e6772187dca8acae405b51b96ad797b1dce62a82a573db1cbc177423470,C,C,True,0.19980833389528707,True,0,train
pop1k7:src_004:1409,ba8c77e861bc2702fc165b05484ff91e9b776a84257312c7888eb425dbcfe4dc,G,G,True,0.16517804045699358,True,5,train
pop1k7:src_004:1410,d2810dab5abf098a4a7e9a47dfe4fd027c45feb476bf1ed40da3a617038933b2,F,F,True,0.14122554732989157,True,-5,train
pop1k7:src_004:1411,d908a6681bef1f7106fc3b2e84864811572f8cf2ab2585fcc5caaf0f5113eea2,A,A,True,0.09333779856528879,True,3,train
pop1k7:src_004:1412,629a60f76548bffa4d0ff37ee1eb743c4499dd48db83fdabfb9b30565756f5d2,A,A,True,0.20755873065213282,True,3,test
pop1k7:src_004:1413,f651002a9028e2d1c7d1168310b34bbedb61ab4f042c1960b807815f9cef993f,Eb,c,True,0.11994245694031191,True,-3,train
pop1k7:src_004:1414,38d9f9e4b5e04d350ac3f0d90c4e331b4cd10fdd61ecf9d5b17d00e5a7b7a778,C,C,True,0.18471141414705883,True,0,test
pop1k7:src_004:1415,f964cd6fe7c257bc72918d905cb74e77166b56ae54056c259848a5f4849eed05,C#,C#,True,0.1519106899389291,True,-1,validation
pop1k7:src_004:1416,ab8a65338985cb6e2b019b3dcf5ed717e0198b26099c5464cd1ffc5a195f2a75,G,G,True,0.15022023112334737,True,5,train
pop1k7:src_004:1417,844c2e37d335027f4fb089b9a3627a658f56a52d9cda7f953c3302d1ac696ba8,C#,C#,True,0.2045275815963954,True,-1,train
pop1k7:src_004:1418,e3791afd63489be9812170fdbe0780e75ab9836e8d30dd3214007c90ba7cb909,B,B,True,0.1044142788772563,True,1,train
pop1k7:src_004:1419,349051109a68a21068a85501de382746eb008259259220c8c6aa8868580a3887,a,a,True,0.09025231063172989,True,0,train
pop1k7:src_004:1420,d7318d1ec441ba486d32b3881c3341667c2fb1e1ff90632e7b9f263ccdd4bdb1,F,F,True,0.1994966316086212,True,-5,train
pop1k7:src_004:1421,ac187ad300f18156c0c8d7323e6235ac9519be3f37aaf57b9cf15bce10c57320,Bb,Bb,True,0.12333976541819969,True,2,train
pop1k7:src_004:1422,8bf83606758822278325ae0b3e47c9d8b564c90c073e100870a767db0af6bf04,E,E,True,0.10084282881116458,True,-4,train
pop1k7:src_004:1423,46f651bb3557849a555bd70073bd614ee84f39652bc34a0bd9e4f6258b6639bf,D,G,False,0.009658127804471395,False,,train
pop1k7:src_004:1424,0496774e2834aba87c7c005fc3c71aa457560dc9c5dade61a0c638e5292419a4,a,a,True,0.11853568239212675,True,0,train
pop1k7:src_004:1425,ac8a93735cc6398c153b9b60988b27b38df5585c19b3b01ff649416fc64859c7,A,A,True,0.2770647462120083,True,3,test
pop1k7:src_004:1426,2e256c908bd7b45a5df5f54562ad84507f7de3649c5d2ff2887571b68441d20d,d,d,True,0.13084669431319196,True,-5,train
pop1k7:src_004:1427,1f0252b2360a8ccc95bd1bb03ae1cf4477b50f566c89f0ac639f682ea73e4e64,A,A,True,0.20470198746772827,True,3,train
pop1k7:src_004:1428,8b5d7ba860cd689e4bf65f4f83147af36c28e424c9bea509a6f1d77eb2e7dd2e,F,F,True,0.07018450223204986,True,-5,train
pop1k7:src_004:1429,8db0d016ba5d193ba05771ab265f22e7a0fe62f097ad4eb08d27e1102e6b7a38,E,E,True,0.10719540868564859,True,-4,train
pop1k7:src_004:1430,eacba3d168dbe6e0991e739519711a50ab2cd10f5312f1486f990e968c4dc600,b,b,True,0.10127629264723259,True,-2,train
pop1k7:src_004:1431,bdaae4a9439fc9b709659bd2d0e8f196e2c1a1510b0895bd38a3de66f1ad861b,F,d,True,0.04460162592833661,False,-5,train
pop1k7:src_004:1432,bd8bf3a366933a12614d96d7ebeed7d5d67ca6522dc9283263f9a2366406ec52,B,B,True,0.17281712081927614,True,1,train
pop1k7:src_004:1433,42d30c56d558ea391d1081a86d606f804dd23c6656f842e1004206d63bf09481,Eb,Eb,True,0.03067643197469161,False,-3,train
pop1k7:src_004:1434,05366b611f65f96cdcb464762dc3924c11f5a3ffb9241edaef940fd87781e480,F,d,True,0.03491507814123307,False,-5,train
pop1k7:src_004:1435,c6af8bc48331a86126ff0154d9226e51c69acff66f8b7b56435a0be237066fc8,E,E,True,0.2323587125300438,True,-4,train
pop1k7:src_004:1436,b55b586364d9fa9e01cff7f48f1eb56c72dd2333bfcaa00f62966bb020ea7aad,D,D,True,0.2077133348134197,True,-2,train
pop1k7:src_004:1437,e7be5f207bfa8862cfffe6301999525c22c89c8dc90e2e3989af1ca582f3d1c4,E,E,True,0.14195108025090963,True,-4,train
pop1k7:src_004:1438,730a6d23f06637c0f4606f2a1acb6849876eb11671f1522b5aab42569163b567,C,C,True,0.09207553181018302,True,0,train
pop1k7:src_004:1439,3c4020ce1bb4b8621dffdcbdfdfcde5ec34ab814d4b9d867089ada68156d5794,E,E,True,0.17596565453496538,True,-4,train
pop1k7:src_004:1440,0c100ea2507d21bc6f8d287e340f07cf8ce6855ff1ea3fdd19e889393798b2fc,f#,A,True,0.06372559878796524,True,3,train
pop1k7:src_004:1441,7d76c7b44964ca58a107fb8b328ca56eca6bf5bfa6391839a24979fa9711b4a9,F#,F#,True,0.04688274933130676,False,6,train
pop1k7:src_004:1442,44f538688c034bcaf3d9ceb3e2e6d4375dc622a61bb9b589a79e53edeb816bf1,Eb,Eb,True,0.1601205190806403,True,-3,train
pop1k7:src_004:1443,2d09697ba377329fa2d63dd3e1edd1036282a083075309741f7c7e9b14cdccc9,D,D,True,0.10217239233017217,True,-2,train
pop1k7:src_004:1444,29fdd6e470c8fa8ccce31b85efad9c6e0b09d4e3e1d5c11195fb367719aaab7f,F#,F#,True,0.10839774689993331,True,6,train
pop1k7:src_004:1445,d7f43f572152d81a6359f6c594fa17dd604ef6b015dec209002c83a9f7fdd0dc,F,d,True,0.07267293343232639,True,-5,train
pop1k7:src_004:1446,3a6c6c65c4d11b9d5960be40a042e9b1919ff6574cead463bee33d238b2ecaa5,C,C,True,0.11229765713724615,True,0,train
pop1k7:src_004:1447,9278b58d1ea7766990dce4e26956662a1d4b6abd88a674756dff0a6e3b45e5b4,Bb,Bb,True,0.18258407206388905,True,2,train
pop1k7:src_004:1448,fa2190dcd4508b0c6376a5a2cf1b2182b2210be884c58c8c60178d2b55761080,B,B,True,0.12629098924389104,True,1,train
pop1k7:src_004:1449,d7139b3aa1ed08f7500ba1d017e0906b8898b687244b19bea76be89b02aa140c,Ab,Ab,True,0.20237533313755052,True,4,train
pop1k7:src_004:1450,0ac4e7c5ace93c983445a9b2ec55695a294bf1c22c83921ae54d2afe65a0b19a,A,A,True,0.2472342272206871,True,3,test
pop1k7:src_004:1451,18f47904babab451cd88560c89785e01eeb4d5379747dcd17a8992a787a396ce,C,C,True,0.20142997706196708,True,0,train
pop1k7:src_004:1452,93d099a6da54c2b3280779b235cb4e252d4401b5f54a34830dc469373ca54786,Eb,Eb,True,0.06294030618176427,True,-3,train
pop1k7:src_004:1453,318ecd2767542567e025d992d6bb166f830b8bbe0c4566a41b6b8e9bfae2db9e,Bb,Bb,True,0.2039830257009343,True,2,train
pop1k7:src_004:1454,09fee14587d35e91916cb7c63a9e132bd616bd0987e6b85bfb0cf6729fd5e3b6,Bb,Bb,True,0.21126955142155035,True,2,train
pop1k7:src_004:1455,4dc61b46a0d9e915daef74f075c8ef9c63fb7493106de5bfd7156ce08dff3eec,C#,F#,False,0.04814377590915642,False,,train
pop1k7:src_004:1456,f50ed44ab89a12625f2281a0c5e04af2f30edacaf556b58147a7ca012e6ff5b3,C,C,True,0.1398162336500962,True,0,train
pop1k7:src_004:1457,e4ee9239fbf8af95e0d3a3b12c5e762f1b54fafc7b9b6c0b9cec17e872afffdb,d,d,True,0.20094714136238112,True,-5,train
pop1k7:src_004:1458,e992f673e7a11550dc4393c3b31e14d5f0f1c87c09a90f00640f6958a2235760,e,e,True,0.1149503505274454,True,5,train
pop1k7:src_004:1459,cd8137a41c016a00ff79dd1f6c66c673247bb85c4c9e308713038d826cd60a00,F,F,True,0.18428449783865497,True,-5,train
pop1k7:src_004:1460,7c2a993c9adc049f8cae02aea5597257b41142054c45878ebb6ae9b08ef9a9a7,Bb,Bb,True,0.14043029062212609,True,2,train
pop1k7:src_004:1461,a2b293674312398c2eb4cd0f12b276cc1264b1ea2f4734226a4ba7387b4f6833,C#,F#,False,0.002753741089979167,False,,validation
pop1k7:src_004:1462,574723f2f3ce365138af5bde67bbb9a75a68803d25e4f2f5180d26a71c16fa9b,C#,C#,True,0.23954419520616588,True,-1,train
pop1k7:src_004:1463,1d1e0c3fd2f0058125e0a96e374c7aaece06696c29ca913386fe040f1e34deb5,C,C,True,0.25531752457710233,True,0,validation
pop1k7:src_004:1464,56dc37c35e3666d5c5a438523a9c92222a7a006b69b209dc50a89e55c54f595b,Bb,Eb,False,0.08394502303460583,False,,train
pop1k7:src_004:1465,5c938926ed4e45fc08a71949930bd6388326e80ed771ca60400d969892b58cd2,Eb,Eb,True,0.02248527076593243,False,-3,train
pop1k7:src_004:1466,857038810f81c210c0560c196fbc44b18088b97a241b98ff1902a65444a14b03,D,D,True,0.033182730704063856,False,-2,train
pop1k7:src_004:1467,5de9bed3c9f862bfca2b431d5c8077ccbf49f5c24a53d1a8b647d7553d54ac87,C,C,True,0.056715243371634805,True,0,train
pop1k7:src_004:1468,2d8f4b724cd3c0ac2da4b35d957ab09e4de89e8d868703c21aff715208b6fd88,C#,F#,False,0.04841094904560728,False,,train
pop1k7:src_004:1469,80cc7896c3ef470c31f94406d67f809654e3470b72bdeec32ad0ec651a21eccb,a,d,False,0.009275603160590062,False,,train
pop1k7:src_004:1470,19390e7611a25203f8eebc90e1a3db991ede814ac44639bf65ddfa58266bb03e,Bb,Bb,True,0.030554778097846902,False,2,train
pop1k7:src_004:1471,8e0d7f82a7576f9cfee1ace5bc10f54e1ad1ab15b4be75c30726d7d6354413ea,Eb,Ab,False,0.015526598612412679,False,,train
pop1k7:src_004:1472,cebac458a2d8da0f3515406bb1fd0e66a0ced79a08b7f598d1aa737f1563efda,G,G,True,0.19912792028982151,True,5,train
pop1k7:src_004:1473,58bf9893e5edbd9c404ef11edaeef37519a49ee43a3e68317a31c64c7d50bd1f,D,D,True,0.12257367662767871,True,-2,train
pop1k7:src_004:1474,6e3aa491d7c202cf72057ae536ab31aca1a68a71e066402faa3740b86c075118,G,G,True,0.1454185444297329,True,5,train
pop1k7:src_004:1475,462d501d307697828014db290546b892a330f84a2f91a0fcd7248d94e23a2b09,Ab,Ab,True,0.03520544440129303,False,4,train
pop1k7:src_004:1476,b1e480a364d06e37d4d97aa96ab3dc3eb99ed35ba3d7bde8c1b1db0cf5b2292f,A,A,True,0.1409218137141699,True,3,train
pop1k7:src_004:1477,0754b302d07fc3b4fa4a0c7bdff2612284d7b56977baf416135af8e36fa10ee0,b,b,True,0.21447360127586412,True,-2,train
pop1k7:src_004:1478,f37986677bcadc1b89e220489869153309c12c0bccbd35b2326df32051c65962,b,b,True,0.07118549909813399,True,-2,test
pop1k7:src_004:1479,fe5475f08af35facb2581ceef4099c179766053023c796542f0c392bbff26bb2,A,A,True,0.14683240723135416,True,3,test
pop1k7:src_004:1480,07bb3f9c661a0b8030348bef73c74b5efcfb85d7c1ac048a9325da19da537a4d,C,C,True,0.014902375927414724,False,0,validation
pop1k7:src_004:1481,2baffdd77e70dca38521357a3d79d67d3c7fc5b99e64169c53324c5fccbc0dc7,G,G,True,0.2255885825857734,True,5,train
pop1k7:src_004:1482,95fa7fd4b57d9fcd94bde809c49841534bb8eeddeaf244ba2c270218eb73f0a3,Bb,Bb,True,0.08162709486791453,True,2,train
pop1k7:src_004:1483,c90d9cfd0b297e1f58337f1e110e98795e750ccdef10ee60f4c4be3c988b4e0b,Ab,Ab,True,0.13938890325656716,True,4,train
pop1k7:src_004:1484,f949c423992176848c487bc9e7725c7acc0d101b012ebaf8a3b26e2e843cdd64,C,C,True,0.21247204912652717,True,0,validation
pop1k7:src_004:1485,adc4d5587d8ff3a1b4211ecad03cf4d615d49faea3bf71a1d9a4702d01751f72,G,G,True,0.13243357113284482,True,5,validation
pop1k7:src_004:1486,295b88648e14fa69af3672daed2cb6ff33a6ff1ecb128fd7a4788b151ef93aff,a,d,False,0.023319443996227873,False,,validation
pop1k7:src_004:1487,0e23c4178da609d36d358c86e48c52889bf3a9e9dbbbdbe266bbc893d7dbfc0d,G,G,True,0.003646785544166087,False,5,train
pop1k7:src_004:1488,27eb6c4bf9268078d3cb62d0f6957fcc330aaf6cb2e6d1bcdc7b0a847f2841fc,G,G,True,0.07981497852057284,True,5,train
pop1k7:src_004:1489,5013a4905cbec8d65d94f17424b26aee0227e3a22b95ca58e0f55896cc7685de,E,E,True,0.22056099411155805,True,-4,train
pop1k7:src_004:1490,a037a5b99276c3d9a57e1572e523096879771d9724de98c72112b2661b2342b9,E,E,True,0.021587102442933714,False,-4,train
pop1k7:src_004:1491,42e307ccf0f62431d06c3908eb43a0ee307fb7c9bb3d185f1b616f519d7a4303,F,F,True,0.025348034476220582,False,-5,train
pop1k7:src_004:1492,ecf1c25796bf42ac86b728c1771bdb8bf834c6aadb5c77cedd76148e8236b18f,e,e,True,0.19345030310418387,True,5,train
pop1k7:src_004:1493,7ef47219c8c95f624cb55cf21290265cefc9cb37729a12630bbecf6cc69ba820,C#,C#,True,0.1646272943849877,True,-1,train
pop1k7:src_004:1494,8195bdaa0ca77a75dae895339fc08406bb5d7c424896fd7aee1b9583339f790f,C,C,True,0.07508337401066678,True,0,train
pop1k7:src_004:1495,30019adbb536c5b20f7160173d0f3ee96d91ec26c84e0380b9174021523a9d4e,B,B,True,0.03875387047746226,False,1,train
pop1k7:src_004:1496,e708940dc8144e33e1915ee000546045a18e2031d7f4bae3739a963759d240aa,C#,C#,True,0.16452579565796077,True,-1,train
pop1k7:src_004:1497,e1b597e6f533a4c5924dd239858147d0eee0664ee3eca2957d8a8449088033c2,e,e,True,0.0917307766279225,True,5,test
pop1k7:src_004:1498,674aa503fbaa92eca290167cb1a0163cae891d26937423decc8779782d3aebbd,c#,c#,True,0.1968337352636591,True,-4,train
pop1k7:src_004:1499,0932456032aa4ae2b0ebbcb7cf2b3e172ad272db1bea67b81d47dd48fd593068,C,F,False,0.03438109197577344,False,,train
pop1k7:src_004:1500,028d29b0da64dbeb2ba23d3ccff778cda894f36aa2a70623bbae9612958b1bd3,F,F,True,0.036037940903693166,False,-5,train
pop1k7:src_004:1501,9ce1db62fbc3b05487a05807189faceabe6a8d70ccfc78a4ecd43eb1fea38e01,F,c,False,0.02426668423028977,False,,train
pop1k7:src_004:1502,47ad30513e90cccc4d69daba3c30a6d44e30423c761a4bb307bc933c7a354177,C,C,True,0.16344350509531103,True,0,train
pop1k7:src_004:1503,fb25b192579388eec627d71dc8b4e85766c1ae9e1cba4bc40e1ae1a716be4096,A,A,True,0.20566626766874718,True,3,train
pop1k7:src_004:1504,59d4858db5253e35853d340b8843a8a4bd735b41a7007983610ce0c664a2513d,B,B,True,0.09804263581681294,True,1,train
pop1k7:src_004:1505,cce41b3b6737ba45cd8f3986458b9cacd49431de5a495f1f09cf808362bfb9bf,D,D,True,0.19570638274046548,True,-2,train
pop1k7:src_004:1506,172db8dfb5e79e133e00ecdee68c9ffb4d3fe1ba29f623cf2d661119f4ab0a0f,E,E,True,0.007397630517735787,False,-4,train
pop1k7:src_004:1507,e108200f87bc82b04020eba8898a12da268897073b97abd20f40d771e04d6683,B,B,True,0.2546370597415185,True,1,train
pop1k7:src_004:1508,b916602518d71875d1389e6a444e20aa0be2bde29b417790bce283e22ed0547e,Eb,Eb,True,0.16861018974178155,True,-3,train
pop1k7:src_004:1509,de1528a5a8d8993a3a646a2938ce1481e68860084298ef7c8cf69f231fc82310,bb,bb,True,0.028717971981856105,False,-1,train
pop1k7:src_004:1510,7d3580786133917c9fcb07e653acec0a480153ec06e90d0e6b684d3804be06ec,E,E,True,0.10210395119891857,True,-4,train
pop1k7:src_004:1511,a5103fdca69fa01388b85d0c62a054ce16dd47d40a0e8169a7272994bbd6b94d,C#,C#,True,0.07893559391242999,True,-1,train
pop1k7:src_004:1512,52df5e9cab9c5322d57d52bab5ac0d03cdf171ddb84b498783548b8cc631dc1d,G,G,True,0.08578818352998063,True,5,train
pop1k7:src_004:1513,d8b29b3f80e89e3bfd910379d5a5b96e012dcd24504936a7470f4d8b184601d2,F#,F#,True,0.2429604766503798,True,6,train
pop1k7:src_004:1514,a46085b31e14a3656ab1cc7fba26c55321d602b2f9983f453b11dc343486547b,e,e,True,0.018510567202842054,False,5,validation
pop1k7:src_004:1515,ffd62e697cc6df8d00520d010709f73bd546a13ef511a3756d0ed9c032273216,F#,F#,True,0.036308087208359874,False,6,train
pop1k7:src_004:1516,d14767fcf4450c492bbbe2caec7ba7d8bf61a87e2c8eeac605e3330566030e5a,Eb,Eb,True,0.12156393563135715,True,-3,train
pop1k7:src_004:1517,bcb9ffa874a976031c6444385c967bf953338c29fa39b5287ef8bddeae95fc56,Ab,Ab,True,0.13263416860581312,True,4,train
pop1k7:src_004:1518,7a9d3ca95d57a421bc160a4f0716065efe9376fdc803684385de3b499e171ccd,C,C,True,0.09038278576193814,True,0,train
pop1k7:src_004:1519,d72e2a8f6b8d04a74dde517a24afe945ff489456f309d7471d550ac5bc99e65a,C,F,False,0.07044799836968674,False,,train
pop1k7:src_004:1520,2caa24ff661c962999777508280d3aaa042ed461741e254c9f76005be6594917,G,G,True,0.161324128550431,True,5,train
pop1k7:src_004:1521,58656dae7cf23f4625dabb0ba9243405326c5e9da64d0ac465c22b4258c7a696,F,F,True,0.05969681334704957,True,-5,train
pop1k7:src_004:1522,ec7402d13e1ceca1d78c629be38c08824f635845b320954c7d5874a269130950,ab,E,False,0.02580523605302576,False,,test
pop1k7:src_004:1523,26c5ab802e1ac6c5b532505502a70f1fc4963a99afd9848e8dd35630cee33771,D,D,True,0.0023733523233046006,False,-2,train
pop1k7:src_004:1524,f844e82a20d02542d8b55f735dbb71f25cfe6158aee5572626927bc438835aad,F,F,True,0.08723507591443425,True,-5,train
pop1k7:src_004:1525,d5103cf6d7080cbe975e898376dacadec7b10bf26d93c6029eecf25eafeec38d,E,b,False,0.030322286131229004,False,,train
pop1k7:src_004:1526,eeffeb67cfa4bbb29263625eb3b4925f71b0580254ac06b85d536f22efa91290,d,d,True,0.17317157376725856,True,-5,train
pop1k7:src_004:1527,dac9244a82c3e26b645087c908b09ab1f5306ae956df64cec6f4cfab3d453c0f,Eb,Eb,True,0.054035110183047186,True,-3,train
pop1k7:src_004:1528,9eaa605d2e85c5836e21c22ba536644030db3f5cc588958601dbc6f4fcad7762,e,e,True,0.2018927033554302,True,5,validation
pop1k7:src_004:1529,b4745197019077dddf813e8089b24248cd5f8d7ae51f503586f8dbc89f9a8695,D,D,True,0.018142753780495458,False,-2,validation
pop1k7:src_004:1530,5ec24395f8bf536b26ecd47178d53879464803ea0b20d45eb6baf3684549f8e7,a,d,False,0.08897592347187955,False,,train
pop1k7:src_004:1531,31bdf8b4361eab6caf246196e653e35b798a951da6f70fedad3a7dad1302e6df,F,F,True,0.07474297897986237,True,-5,test
pop1k7:src_004:1532,92ff6b231429816c2287a839e9ee9b44d3a18441dce47f6e73ce0ebd74259ccd,F,F,True,0.1087694008187221,True,-5,train
pop1k7:src_004:1533,ff8f32418bea359a9c32509989966e5340edb9c1ff655b04af012843f34cbd3e,f#,f#,True,0.03488810592361158,False,3,train
pop1k7:src_004:1534,e9d42da8fc2bef694cbdab2cc7abf15b378121b3b7f6e64631f07e3a95c15e45,a,a,True,0.2500919186006041,True,0,train
pop1k7:src_004:1535,10082028e28e14f95e1d879bf3dc2d748734045157d1be520cd183264405b875,c,c,True,0.2286634363643567,True,-3,train
pop1k7:src_004:1536,3b4964dfd2388f5b198803b8148237cd1b69c75ab0191d43ddf1aabb19765a7c,f,C#,False,0.006384701470498522,False,,train
pop1k7:src_004:1537,66e02c49d059b368c909e5ce18f48056a2b07456768d05ad27bae7b1d79e0d8e,C#,C#,True,0.22333146878371024,True,-1,train
pop1k7:src_004:1538,2ccd764e3dabaf043c661c4ce985907aff7b7cc3bf46dfbd2128d0d63b99c044,G,G,True,0.05798152051535199,True,5,train
pop1k7:src_004:1539,6c239a578f90498a7115ed149b217572b4ccf1934ad1a7dd8bc4212d6cbce12f,Ab,Ab,True,0.021919862542014945,False,4,train
pop1k7:src_004:1540,2d4e4fff1b1a7b0d6a32186daa84bd53c3b35060d47e359a9d172a8a24731e13,G,e,True,0.1759369962048829,True,5,train
pop1k7:src_004:1541,193230f48dc47e731f9d9e3967bee2592165183049cf90ae3ec3da2d928432ba,A,A,True,0.21683105617930842,True,3,validation
pop1k7:src_004:1542,0873ef052bf516411a627e65e8d821658d2d292af18cbcc8b5b46807c2a20adb,Bb,Eb,False,0.031624942749657436,False,,validation
pop1k7:src_004:1543,029629845acc6b6d3a00642a3cf36df9fb5b889fa297e6e5c0ffaa4b3d548817,D,D,True,0.10525963476973765,True,-2,train
pop1k7:src_004:1544,41fd13d99b27a3f90147a360986fcb409b29485de5963bbb32db0ca5eb040475,D,D,True,0.227825583743958,True,-2,train
pop1k7:src_004:1545,85bd10f2096fcaffa730804dc584da25d883b0dc4f17f567e25ce711992871e4,G,a,False,0.008962018642375003,False,,test
pop1k7:src_004:1546,3118004988b66d661f3a08148e72a62820932f0c25105da0e331acc58d8d2e81,C,C,True,0.11714672995451081,True,0,train
pop1k7:src_004:1547,e34678c52732eedfe90af1f2f1a12650bb9ebbb1424bc389ccb7f6a7e547f80c,Bb,Bb,True,0.08571299043878688,True,2,validation
pop1k7:src_004:1548,99284780b0fc9cd90438491b2531e1e37b823bf62279f88f3ce2ca87fbd21b57,A,A,True,0.16954711968090952,True,3,train
pop1k7:src_004:1549,b7883aff043928160a26a4b55b94c7e5e8513e084674fb5b05c2e6363a7252e2,E,E,True,0.1642027436506156,True,-4,train
pop1k7:src_004:1550,11c74fd7e18aa978717dcc8114e5faf13a94ce8025c433b6b2269b7447fb7148,C,C,True,0.03214998552739823,False,0,test
pop1k7:src_004:1551,2f2cdde3bc46f145e0abc8e9f915ee392d4f6b9b065fddf1e64b568ca122317c,Eb,Eb,True,0.2155293010304653,True,-3,train
pop1k7:src_004:1552,a1ee0302c518d6b464849e283da0fc92e902923d4a958ce1ec69812172bd01c5,G,G,True,0.05898040690208628,True,5,train
pop1k7:src_004:1553,556448de75641bf6f696a0b1192ba1e8a98ba19a567cac641671622b107c5676,C,C,True,0.0490532435186638,False,0,train
pop1k7:src_004:1554,8dadf760a225de264b933eb8df5b7387811b1b1e87adfcc2a6a336c651b6c498,D,D,True,0.11083753249766781,True,-2,train
pop1k7:src_004:1555,f91f5dbf40238154b43fda831bab322e1884d798ebbe71dba40fb06bf0615309,C,C,True,0.06727980617674112,True,0,train
pop1k7:src_004:1556,cb115def738b24634bfe57d37881646d0ed0009801693e645a18b485e8b0e850,Eb,Eb,True,0.07821998526050766,True,-3,train
pop1k7:src_004:1557,d34a7ab3a1c34ccc761c04093f40e3f5d9bfd434ce4802a93aa63088e2695131,E,E,True,0.1318294837237476,True,-4,train
pop1k7:src_004:1558,7bf10c2668b189168104463c0befff5542b1a35a3f4f88e98dfa6a809473b9b4,C,F,False,0.049302678126237454,False,,train
pop1k7:src_004:1559,423eeedcf609dad91bf9bb5410cd8479b45be216b131d22aa86f901b158e9b66,a,C,True,0.028693205581273196,False,0,train
pop1k7:src_004:1560,d9d0bdf1dedf42970a2e6bcb53c3303f9f3fa502e2cffb4d87bdf871981be179,Ab,Ab,True,0.046192118993728104,False,4,train
pop1k7:src_004:1561,bfadfd38dd04d080fae29a23e6d25bb369e0592b722c34f2a25a0339a193c876,D,D,True,0.11881119998591916,True,-2,train
pop1k7:src_004:1562,a5e04b528e48bdd4d3eb9ec6dc2f0e68d947f50a1f5f13b7ead885e821f8b5af,C#,C#,True,0.15293918045832788,True,-1,train
pop1k7:src_004:1563,6132f2f986cfc6e6194bf6aecbaf2f144098a45a5cbab039b1f0b244b50ea151,f,f,True,0.20723469928603044,True,4,train
pop1k7:src_004:1564,003bf07335ea6d07669e065a4c96155a8765e74b05986ca041033eea2b44703d,B,B,True,0.08549388850199413,True,1,train
pop1k7:src_004:1565,6813a0ebf1744b1ac2b962086d398b4db2b2a16226bc8a3ca7335344f3d7985f,G,G,True,0.11488835486593285,True,5,train
pop1k7:src_004:1566,2eaaac47e43aa5a50e3aa8981d94e2312c7e410866859444f989de4e500279c0,Bb,Bb,True,0.12298580775139822,True,2,train
pop1k7:src_004:1567,8d7c15055419d96a89bf3599169661a0d7bbf234f18158ea3379088321b0a5be,D,D,True,0.05016123690541496,True,-2,train
pop1k7:src_004:1568,46546a0f4db830cc671675af2caa3cc5c7eb18971fb7a3778587607a0f67d27a,Eb,Eb,True,0.147952882940249,True,-3,train
pop1k7:src_004:1569,7301a6787dc62cd04483480c9f2e8c64d5dbfc2ab87e575be72a3a19837d68f4,F,Bb,False,0.01302106497158717,False,,test
pop1k7:src_004:1570,b09921d497739f404b2d3e8fdac97b2cb4695b8f2c5fb81b4cc16d1d0ac7e9a1,F,F,True,0.15497099897538968,True,-5,validation
pop1k7:src_004:1571,51b68e64273c5fab4da7758bb9e9404307406bb04dd577a370e30db61177d4b9,E,E,True,0.17731525002184312,True,-4,test
pop1k7:src_004:1572,c80b2b61bf24b250b4547c6827b793db2da0a79753a0a275995d6965831f3d45,Eb,Eb,True,0.08304291242485018,True,-3,train
pop1k7:src_004:1573,e378f3dcbe1baad22bb274b141e070cc2085951db68691333d93316eb809c1bc,D,D,True,0.22826549422176934,True,-2,train
pop1k7:src_004:1574,e650fde1cf44425c00e25bb897b1be7daea8ade1d6077e31e8785851bb558326,C,C,True,0.17646380401538142,True,0,train
pop1k7:src_004:1575,1aed74c82aad004131348c1105beba362aa671c581f7a1536b31beb7ca5e4c16,Bb,Bb,True,0.20885476919478696,True,2,train
pop1k7:src_004:1576,acb44e2e62d8e3a3fb283bc2b97869b3e4785e47f3d4bea754d51907bbf4af6a,Bb,Bb,True,0.24382722909769727,True,2,train
pop1k7:src_004:1577,390f7cae8656bb6cfc8f6c9b54ceaf369a7100fdbe935a5f3c24a52d1198323b,D,D,True,0.192021360933191,True,-2,train
pop1k7:src_004:1578,87b712420b2027f561335496194a47574f2c988849dac7f4f6385b85d10d4808,C,C,True,0.1131753663588021,True,0,train
pop1k7:src_004:1579,f426049d264c52b901ee3df8a54bcf84e29c32ddaa5bc859ed982606cb4635f8,E,E,True,0.24001632883870416,True,-4,train
pop1k7:src_004:1580,1b3de5542b2412066032717b75af1ab792f674009070041e04e1b81a3f39386b,F#,F#,True,0.011647940117647693,False,6,train
pop1k7:src_004:1581,49e4413193303ed67beb3baca5260691374a498f6ae2cbdefc454f85fa44b5c2,F#,F#,True,0.2226462904389912,True,6,train
pop1k7:src_004:1582,bd872ea8a0d51b2f7fb343138d7c68a206e3615b305529267804de80f358b4c5,D,D,True,0.24690743252054848,True,-2,train
pop1k7:src_004:1583,2164b6b8813b08f1592833e117cb6b8a152c8d21da0be72b40e7f51ca9a04f21,G,C,False,0.0551165149758005,False,,validation
pop1k7:src_004:1584,0bfde627b969c014c187f1d111f2994033ebeb3815c2c79b15db881aace92c76,Eb,Eb,True,0.13118305055981294,True,-3,validation
pop1k7:src_004:1585,c1a5df1e0691ca751b733f70feb257bf7f3f7916386c9242a8eb1a5c51667bc7,A,A,True,0.2408417352269847,True,3,train
pop1k7:src_004:1586,2624039bb11d9506143d36a5dd525f76555c759c1b0ec9d9db187dc13daa13e7,d,d,True,0.19772684602561086,True,-5,train
pop1k7:src_004:1587,0064573eb7f746e35d5478b238d671325a5b71b13c567e45631297f480d0af2b,D,D,True,0.15735731728980884,True,-2,train
pop1k7:src_004:1588,63fe471f597365ad5ea8609e738aa26b733aaede6a08ca17b4ed111d5432a278,eb,eb,True,0.14875439159617698,True,6,train
pop1k7:src_004:1589,7cf15f87ced24dacb163f826aef0005c22b5415e53662478fc17cc1d9a68f664,G,G,True,0.06487873107068565,True,5,train
pop1k7:src_004:1590,928ca528214dd0865b4cfa6b1ea944b5b7b4201ae6aa384b3a44dac421559ba3,F,F,True,0.21786497153045048,True,-5,train
pop1k7:src_004:1591,bfcdbc9e94f9985b396e2bc5e7622ff9958c3888380da238713dcf03891e8625,a,a,True,0.1596634326599634,True,0,validation
pop1k7:src_004:1592,c9240382e92e18a8e8ddcdc427e0852e56fa3584df76f6eb6b276b0325332fe7,D,G,False,0.003281538682439744,False,,test
pop1k7:src_004:1593,2b32a0f8182a3f8d4a26a7839eacd76bb3845142e00f2bb00a8be0d4cdda2413,F#,ab,False,0.048772356401860506,False,,train
pop1k7:src_004:1594,07aa2d615efb232f07511a0dfdb931b192082fce7942a4a7b5c44304b1d774db,F,F,True,0.18575967217552547,True,-5,train
pop1k7:src_004:1595,b69fd0c5e789896a10a6b18f9a844548d20b6f1ebe907e6607433b10007181f5,F,F,True,0.2360426897946657,True,-5,train
pop1k7:src_004:1596,bc2bff440c72d81d26e1476198986dc8baad1b877d407d1d9a1de4b550a366b9,E,E,True,0.20549934752504972,True,-4,train
pop1k7:src_004:1597,79198e4014c40639d43c54999b3f0194a40ce75f4f8d5a7afea92a81c8048fa4,G,a,False,0.0015647594585567193,False,,train
pop1k7:src_004:1598,cdff5fdc2901ecaf1f03333fca05c4ce805d1661de8af67d2d4f5ff5666ce76e,Bb,Bb,True,0.14534188001664994,True,2,validation
pop1k7:src_004:1599,9bac41011f2496dcc22f712aa1dfb21b1f87f0a0b24097fe7f99726106fe846b,c,Eb,True,0.05434555493550208,True,-3,train
pop1k7:src_004:1600,6f63b80c6c19a13c39dcee25a0cb849f46edbdbb717b5cd7b7fd70201a6dc994,C,C,True,0.15527495510572042,True,0,test
pop1k7:src_004:1601,10b24064bb0fcd641ead449b4e983f664dcbca49ef6efc593dbaee25fdb25891,C#,C#,True,0.1492583289562197,True,-1,train
pop1k7:src_004:1602,76dd6b416ba3517220666cf1bab6cb1d870e87bab1cab82c0837b49ec5c8c52e,G,G,True,0.07755710030646235,True,5,train
pop1k7:src_004:1603,6e6ca851014ece6347ab5bc3fd1f9cf2857f5e64fad1d9487564ff93e87a9c68,A,A,True,0.21031265758524442,True,3,train
pop1k7:src_004:1604,44d33b28e4e7fd067db7593fce649549ad46175498f49f692fe87a6329141e1a,E,E,True,0.1453110117485198,True,-4,train
pop1k7:src_004:1605,aae47771dda7904a56c83ef6b5d14363bf759a76df49150fe3ca902f05d34ab9,c#,c#,True,0.18475089169392767,True,-4,train
pop1k7:src_004:1606,a56e40d07fdbf358c2e34648bd39034f3b147916b69009d132dc77e6f9beaf74,Ab,Ab,True,0.09922380291486366,True,4,train
pop1k7:src_004:1607,4c9b351a55ecaae51f6ec4f145e4ee5b37c0a7c01a5dbaee6761948c28622100,F,F,True,0.16012902855996425,True,-5,train
pop1k7:src_004:1608,b2d79498c4aa42f749afa234194866717789e1c99408a73ba3df8d6a9c9c0702,C,C,True,0.0319906029835928,False,0,train
pop1k7:src_004:1609,9228951b764fe28dc03fd3a0dbdff8f864323e0ad149ed2770083e54b093920a,B,B,True,0.03803261528286883,False,1,test
pop1k7:src_004:1610,6a21baca76a2dde94b43400de6e9a6bcdbf166568ac700c39d57cb541dceb642,e,e,True,0.010319407777048872,False,5,train
pop1k7:src_004:1611,44ecc049bdfc1165743bb387f577aa6416d251f2069668dc4486d10d74d8a85d,c#,c#,True,0.14095241121947488,True,-4,train
pop1k7:src_004:1612,7a63e31d24316ec1241f28f231793815b06f12df6e38ca095b8fdf7b33cf2a26,F,F,True,0.19584840013310656,True,-5,train
pop1k7:src_004:1613,0b5487217b728df2037d512fe1d75777e9908b564ca86031eed3345fdebc2de6,e,e,True,0.10566458364565656,True,5,train
pop1k7:src_004:1614,a6bd8b45ebdb218e6ec165fce19cf19a7d45c1fffffd2e5e318542c9f9efefed,Bb,Bb,True,0.19340860878470656,True,2,train
pop1k7:src_004:1615,b970bcea3d84f2fd696a43e2b63480c7c8984754bfd55cc2d0d555eb8e2674fd,C,C,True,0.19743018647175092,True,0,train
pop1k7:src_004:1616,b496a60283409e1c8fef66a4a6c7be59e4d13215cd70532d5f0ce654fee1f11e,F,F,True,0.19260982224352452,True,-5,train
pop1k7:src_004:1617,16882b3ad70c674255d7c0835607a4f3362d4f363952e7b21f2655b4fa4f3c4b,E,E,True,0.16251670401629426,True,-4,train
pop1k7:src_004:1618,3ee5212615a7ce95fbd37ff1cca3cf11bfc6fc3b61d452d7a032c65a06dc3007,E,E,True,0.23257404203969512,True,-4,train
pop1k7:src_004:1619,0adb061adfa15988cd3b298ab9ae5b9ab84d749bd6a97f9c493dcf0f55cd0f74,C,C,True,0.21530857771031753,True,0,train
pop1k7:src_004:1620,e15860c628f3baba93138a7e63b2ed112b3681f271b4dd6afe8a055b21941695,b,b,True,0.15305934918678332,True,-2,train
pop1k7:src_004:1621,d8b22b7c2448a15e03441f8ad3f72c38779add4255fb09fb1bddb24f1b71533b,A,D,False,0.0826151498157528,False,,train
pop1k7:src_004:1622,276ff624a908fb0385679b28884abb98a3247faeb5cfe79baae9f734e869b3fd,C,C,True,0.22674298302756757,True,0,train
pop1k7:src_004:1623,20a93cf09c2a1e61666a83462ec0024f295749c91342f1e406fa212c5c42656f,A,A,True,0.18694132772589267,True,3,train
pop1k7:src_004:1624,f0820f0675d08e79c54d37db2a6667e3b5bf5ecf5336ec40836490643ccac545,C,C,True,0.15217761510688144,True,0,validation
pop1k7:src_004:1625,3afec63ce0bba21ac043ca905e0e0a01b3e9f6a98a04be8703dfeb990c1d7232,c#,f#,False,0.03293692352633182,False,,train
pop1k7:src_004:1626,c71f1bab26b36f6632cd10bc2ec8fe73dd847adfe08e3b059a6cb4fa2e88d295,f,f,True,0.04531302951447613,False,4,train
pop1k7:src_004:1627,ad915e72c162db1d26a6800ec3354069ab7dcfa0b14cb6cb8a2ff73a6f37e2ce,D,D,True,0.22862080737585866,True,-2,train
pop1k7:src_004:1628,d4410535832fcda957270856a5859afaaa1018561b9821063db79cdcaa3d4314,Eb,Eb,True,0.11203796776612995,True,-3,train
pop1k7:src_004:1629,855292c488def4a780926d9e062ff52a27e77e51830b76d093eabe3f547e1cf4,Bb,Eb,False,0.03261170445434192,False,,train
pop1k7:src_004:1630,70e9629429f39b4853ebbf39aa3143c0a76a0609a066ebcdd6ba81c05324aaac,E,E,True,0.17100497988785468,True,-4,validation
pop1k7:src_004:1631,a196603a14d90cdac1aeb136120d6367253ee4d80768e5227c9e3e4e1428a3b3,B,B,True,0.157785791183359,True,1,train
pop1k7:src_004:1632,1c3c7fe3470a0b83001559e3fb1f0df0182200d7a547ba572849635b63cfb1ea,C,C,True,0.18391901115864417,True,0,validation
pop1k7:src_004:1633,eebaa4030a3aa736d9770c008db5a76122cd51f39e79db728d32892aed03dfc0,E,E,True,0.026510992486424412,False,-4,train
pop1k7:src_004:1634,098b9250106a330a2eb991098dc8336d679b63d35369cd1dc6e4c56b40019ba9,D,D,True,0.2783923358909295,True,-2,train
pop1k7:src_004:1635,dc5204a2df3fd833e0bdd023a4eac89a0cd6a367dde05cb0f8b21e7e2db24756,F,F,True,0.23843739281169862,True,-5,train
pop1k7:src_004:1636,281ddd8228367edb884415e4e9bc155151e1c0eb773c466f91cc216cd7530981,a,a,True,0.11056572982256929,True,0,train
pop1k7:src_004:1637,9ab7eed6744b042fb2feeddeb7d0b50ba17ded2419d48d5e844f3b0cf4b0328c,Bb,Bb,True,0.15708463527202154,True,2,train
pop1k7:src_004:1638,367d71505bcde2cdab7847695893f315a01b8223d654e8cc4b3d67e2f3174936,F,F,True,0.19190900595670757,True,-5,train
pop1k7:src_004:1639,f11ca56570ba9076ab3470d3f1a9520d79251672252e88ff166b9afcf44971cb,Bb,g,True,0.0684649565308868,True,2,train
pop1k7:src_004:1640,c29f975b75c3a3ef260d4aa82560aa43c6985e996e7fb5bff481557dedb8675e,F#,F#,True,0.14537919258609944,True,6,train
pop1k7:src_004:1641,0f4eabaa5e5aee00881b59259b925d72c6bec79164df0d5ac325b08c89f09199,C,C,True,0.06299402541291987,True,0,train
pop1k7:src_004:1642,47e925250958b76902a5c90029f023da3cefb9d5c28c98e2c138f06782aba8bd,C,C,True,0.08973412716010554,True,0,train
pop1k7:src_004:1643,911af25eeb802b1ab2ded4eb746dc9e70bc6a6c5ce061a2feb070d0915c6243b,e,e,True,0.13439037729511438,True,5,train
pop1k7:src_004:1644,014d82459292083a4057598f58819236eda1e0c7dc61d811cc4d9a23568234de,G,G,True,0.12132089442168281,True,5,train
pop1k7:src_004:1645,16c3a269923d43aef3db5cbd1b46a72b2009bd1394bd99c1ce731418dfe53ae3,B,B,True,0.004765343273904099,False,1,train
pop1k7:src_004:1646,ee9047a9d02ba1ceae801ad0cbd850e5ea181e515bc21d6ff2dd83d4b503349a,C#,C#,True,0.09055347466167396,True,-1,test
pop1k7:src_004:1647,a1c9eac1feb5039b9de0235ad17875738613419f8f8a9f5daae8c6ce71d93548,Eb,Eb,True,0.23688843511158897,True,-3,train
pop1k7:src_004:1648,8f300b70177f1dfad4825d3b281b7b2726f8a9644fb02fc9d000f7437f29ff3e,A,D,False,0.008801854688599176,False,,train
pop1k7:src_004:1649,7248c55bd3b6c6196f7c5d5e7493d7d0b5f1ff59597b291ba448a16868dda0ca,ab,c#,False,0.0683984485289304,False,,train
pop1k7:src_004:1650,0e5ab779445cc8b5e7c7aacb0a9ae3d6e0e55f467ca39342611cb44f2b006d6e,Ab,Ab,True,0.08301942498186321,True,4,train
pop1k7:src_004:1651,53add043b68ccd3af9a3b7e792d6b9371f76d42e4313c9f4449a90175351c875,C,d,False,0.045214416045160744,False,,train
pop1k7:src_004:1652,8b1b9f805f7fb3bd8cfb1dd73ab6efd5bfbdf110a234c91b75d6a7b71dd1c3b9,b,b,True,0.005544680288027015,False,-2,train
pop1k7:src_004:1653,c3f9d9af0303993a74cd424b48d9064d0ab5692157f1d2cd2cda42b9f189d8dc,a,C,True,0.04741304524086587,False,0,train
pop1k7:src_004:1654,eb802af793aebf0b2ed5591b1408ff9767f977d8d8b08c5a3fc113b6f2426e01,A,D,False,0.006693335292720315,False,,train
pop1k7:src_004:1655,bdbe4c683a1b3ecf638c23c3d7750b382339b3e404821998119a02b92eed5faa,Eb,Eb,True,0.26007338512692524,True,-3,train
pop1k7:src_004:1656,9c29c181337ecdbb5695ed5ec1b232ec3c3f8bb7728924e89b1d2b6511db1ea1,f,f,True,0.18374052032621202,True,4,train
pop1k7:src_004:1657,500a9e100411ba93b2921bd4201d948c3b69f5e78d00db6934b3e3e13bf5031b,B,B,True,0.15420144118690782,True,1,train
pop1k7:src_004:1658,32d6205eea1958f0b0c4f82a7383039a3609d078f6cbebb738626fd57e998d6b,F#,F#,True,0.22323076274887088,True,6,train
pop1k7:src_004:1659,a9dc6878e30b5c605c8b679a30d875ff26acd7e73f2ed8afaa0beae68ed93032,C,C,True,0.08472588464097619,True,0,train
pop1k7:src_004:1660,b9beec3e77d1a26dace6adf088a0c86784fb6eb29c6379550eaa3d4515cb706c,F,F,True,0.17193734235450076,True,-5,validation
pop1k7:src_004:1661,27f5c99d88a0eb5f0cc617d0dd5388acf9706e8704f403e55d52ffa3c7121872,E,E,True,0.1326665220619132,True,-4,train
pop1k7:src_004:1662,a2f76f163005f74f9e5227ec0c0ac0b0c3dc1916f9fae04e5ffe32ed6fab18ba,Ab,Ab,True,0.11570499513806776,True,4,train
pop1k7:src_004:1663,4d0c884531c9c768067207d0c554ee1f35dec95b3afbe4bed4d593a3a2104c33,E,f#,False,0.022022766362093216,False,,train
pop1k7:src_004:1664,68dea1a36241c9aeb5949dd9b41ffa2c594a8e9807e65ced6187b535d0a0621e,A,A,True,0.04675393990078014,False,3,validation
pop1k7:src_004:1665,44eada1feb2dc97ff38126472864fb02700221512a7b5b88c495371a978ec247,Ab,Ab,True,0.04289342964513376,False,4,train
pop1k7:src_004:1666,805685570adf9d3ec74bf5b6ba574cf8176dd3cabf4f4ddc92968fcef56cf06b,B,B,True,0.19125227522246224,True,1,train
pop1k7:src_004:1667,48688c06abc355df75a0f5b0993a26d09bbf87619e44a570a5a08c81b3026c8b,a,a,True,0.1112232095553487,True,0,train
pop1k7:src_004:1668,751c42ee4f30d29fa6f024a7c0f21f263ee7eb7fc4eb842dcd8769bca12ca4aa,G,G,True,0.09026167301864307,True,5,train
pop1k7:src_004:1669,796df34a4302a8e17c1ea88379eaa67bcb67db62cc29126a9ee4efa295049773,Ab,Ab,True,0.139431586494437,True,4,validation
pop1k7:src_004:1670,8afe3e7974a7e72e95642b5ab6f4b1e2758029e2851d47c507e0e3d3769de148,C,C,True,0.11250625015389493,True,0,train
pop1k7:src_004:1671,faadb8dab4535c0b8006a5b0b645ae4253e61e0629b586671352e3185dfa047f,C,C,True,0.2326348748148357,True,0,train
pop1k7:src_004:1672,a4b4c791166df4c454e73a28e540bf377f1126dc752fd8160399c88a23c20edf,Bb,Eb,False,0.038903869332932106,False,,train
pop1k7:src_004:1673,934f362e842d3cd6a086d1cfa0b829156366d5358b0f4e205d6eb809a37b81a9,a,d,False,0.016774585524343744,False,,train
pop1k7:src_004:1674,2b95d0ea7bf761787229096030836e1891429c9384a5c962d7cc8f06ef557e30,G,G,True,0.15980924378578876,True,5,train
pop1k7:src_004:1675,1411e9a9fc3efd59d00446d57d12a8cdef51702904e53148eeb7c4ee2db83d49,G,e,True,0.11369252825942311,True,5,train
pop1k7:src_004:1676,a8caec03d4d8690670ab36a4fbc4d4cfb69d9be27bfd35e3645bcf326df60c9c,F,F,True,0.22418405804988095,True,-5,train
pop1k7:src_004:1677,6acdd2ba34a71cb7509dec71b9a0024a86483113807baf2d8003f792ff734d6c,F,F,True,0.07055205620398586,True,-5,train
pop1k7:src_004:1678,7a10ce69b68956be961077b06be60a0cae48f8f3ba76e92464f483b29d54e83e,Ab,f,True,0.015077018966828004,False,4,train
pop1k7:src_004:1679,9dd946b66548e4335ccb3132b5696f6c30af4e11d6a6548f0651e4377ba5748d,a,a,True,0.253155326303972,True,0,test
pop1k7:src_004:1680,1f2bfa385efcb592fb8ab464f29d41592001a65d556ab72013377ed8d702f5e7,E,E,True,0.17072678980657097,True,-4,train
pop1k7:src_004:1681,5468d0b02846c697a649229c4f27906d999714e65759d88a0979a364e7e7e8e0,C,C,True,0.10389905128366028,True,0,train
pop1k7:src_004:1682,a929e6a13dc3248b27f42c3337908267546f062c7cf381ecf9e975d0c2467301,G,G,True,0.18833227153847698,True,5,train
pop1k7:src_004:1683,d7e1de00f89d516555efae69ef0f251a00d2258c8384910019d3a2a1f30ca97c,A,A,True,0.14730923415773178,True,3,train
pop1k7:src_004:1684,f78f66fb4c66d2dca8679498649019f21396033df2cfa17a5a9ea6052c50f411,Ab,Ab,True,0.14344916141523245,True,4,train
pop1k7:src_004:1685,0716ba49b13e63576437b7d6a5a71f7fd174514f9da86e54b85389479001289a,G,G,True,0.16825195520336989,True,5,test
pop1k7:src_004:1686,890481159e7a64e098ee55e50ca8ac64d1196bca25fa769f65cf89264149817a,C#,C#,True,0.16287087860145544,True,-1,train
pop1k7:src_004:1687,9bc761184cf0bda62ad0715528d1767964da18bb014e61d4d762c16906e2df03,Bb,Bb,True,0.2538038495942214,True,2,train
pop1k7:src_004:1688,477c134a3ad2031eb7252051d81162f73c4bde31cc244a157843db96c3fef5fa,C,C,True,0.17320671582358615,True,0,train
pop1k7:src_004:1689,635faf48777fb3c9de71fb58aa3cb414ee322f38d99446910853d4eadc684b21,G,G,True,0.14689952442171283,True,5,train
pop1k7:src_004:1690,a43e219464a93bf840ae6f9c4e0c5908086a1070d2fa86f54783b9039afca7b5,B,B,True,0.09123627924281463,True,1,train
pop1k7:src_004:1691,792e7010f806b7b7e29b15cb5ef80ca2c2a9f99c8d3f4b323ad179beba0fb1ca,F#,B,False,0.044038434977913266,False,,train
pop1k7:src_004:1692,f326590dfb73ad422ad220087ed4258f666182ce5a5f6c9fa2cdef29f413b7ef,G,G,True,0.23887752402443063,True,5,test
pop1k7:src_004:1693,57a53de18f9065418f50bb4b699c0147c8a180e109adb7706a1ae9df615a2eb4,F,F,True,0.1510479292502941,True,-5,train
pop1k7:src_004:1694,8bbcc0efabe782c46a27998ec5cb84df7c1b66030fd46c4bc49ec247b956ff64,D,D,True,0.23217053559196277,True,-2,train
pop1k7:src_004:1695,6d1543500988d0988ee9bd68d150fcccd05f89962ffc54b12e763dedb3787d42,F,F,True,0.09952012223846407,True,-5,train
pop1k7:src_004:1696,41e9df59f968443d4de4ae0ada97b8e53f532e7b4c2ae45d342ae79a2da1c45e,Bb,Bb,True,0.150815610047783,True,2,train
pop1k7:src_004:1697,d0bc92a8c95fb151bce5ce4ce3effa80da8b7d313fd5306d3e77a065e0450c95,A,A,True,0.14537420094809517,True,3,train
pop1k7:src_004:1698,d8044023551f3724782ac2d4daf0a046d03f62699689de3d18c86b81774853b5,B,B,True,0.12047559311801093,True,1,train
pop1k7:src_004:1699,df6d251b51a9a788da7b1e0dd1699786d57e2066eafc25e66b3ad95150e73f87,f#,f#,True,0.05255258646344696,True,3,train
pop1k7:src_004:1700,ab0e3e08940bd760625e54f407578c1126814a61ed1168ddb9487ec34a0965fd,F#,F#,True,0.24868715404323583,True,6,train
pop1k7:src_004:1701,d4b09e956cf925e71c143a2f6fe56215f034bd2d96360d5614126870b5cc433f,B,B,True,0.1446340327936546,True,1,validation
pop1k7:src_004:1702,3e7411c0114580b790e7b5c405bedc8dd54456991b022b39292d2c4825e18e2b,F#,B,False,0.0010384841495099106,False,,train
pop1k7:src_004:1703,dbf5a3de1f44b9c19f95c1e29bd265039e66f6f4d5334f6fcf08f801485665ed,a,d,False,0.03876605996381244,False,,train
pop1k7:src_004:1704,3761d2e1521a1369fc8ca728e964d544f20659a0c1c1109a568df556c96fb887,C,C,True,0.040282630622461846,False,0,train
pop1k7:src_004:1705,c79b3193f97259da115bf4643e4b56264d1194369b826f8c26c342f04c335162,D,D,True,0.12178893455522455,True,-2,train
pop1k7:src_004:1706,8870d16f8ec2645dcc6c0ac2c3478d3c1ddb281c17a58198eb70f5353195e1a3,D,D,True,0.06432823610611393,True,-2,train
pop1k7:src_004:1707,f23f2ccea989255d79175bb304a62c19f25b976d7e55e24b51d4ddff40020a24,Eb,Eb,True,0.004657169561518404,False,-3,train
pop1k7:src_004:1708,fa0d12bb6b9db3f7770976c532c2c57084a3b4a539cf729a86e2773d528e0293,A,D,False,0.025562720278891393,False,,train
pop1k7:src_004:1709,1315a58b915b4906d143e67d4f9a94d886f4d218724df77ba26b66fd0a3c39b2,Eb,Eb,True,0.06998537999715504,True,-3,validation
pop1k7:src_004:1710,b7c1551122e72c76418e4a1661195398eba216546613af68bdfe266643388d21,C#,C#,True,0.21110924128135045,True,-1,train
pop1k7:src_004:1711,39da7fe5db971c698dc3b90f54e41639808d4e6d5101b01237492242c7dc03f7,a,a,True,0.08389555490748624,True,0,train
pop1k7:src_004:1712,0609c94024361f3c59ea9902230d21ec86855a6404b0c61df9ee1d9c5ae4e324,a,a,True,0.06077935903503062,True,0,test
pop1k7:src_004:1713,5e44b061fe50a2a9bb6d9bea0dede355f1735953672b4bfb3917d6051905cba5,f#,D,False,0.041760304456242014,False,,train
pop1k7:src_004:1714,9cc6945d234e0751e6370d2e0ac768c1d2f67f5b30278a163b534684d0eb17e8,d,d,True,0.10478193459124974,True,-5,train
pop1k7:src_004:1715,bd32374f9cd734946d062a7cc451709dfb575fe031a171c68c6d6ad7320cbc4b,Eb,Ab,False,0.03821910216473923,False,,train
pop1k7:src_004:1716,51e833d5aa59f635dfb3e4f28cdc611d09363ab98b131dfbf4fb0eefc93886cc,d,d,True,0.10071262706864159,True,-5,train
pop1k7:src_004:1717,5d3714a82c9ac7c605c6638672783ea419386960ed4dcd28e5def3dd05d3110e,Eb,Eb,True,0.15069360121861963,True,-3,train
pop1k7:src_004:1718,fad989e319cc44170b134501f7c386127fd10188dd606679044c547ca62c21a4,A,A,True,0.24983933527454882,True,3,test
pop1k7:src_004:1719,0e5966b52bef5f5021933bc81e6555754a4b6b4a7b4815821684742b211eb96a,D,D,True,0.1747033425106549,True,-2,train
pop1k7:src_004:1720,ecc08c876a48cdef1c284f553ad5a3a10e9731628d6182ace09c95d2af0a11de,G,C,False,0.0283496491178169,False,,train
pop1k7:src_004:1721,ead60a1a242c6bce6dd885204b4ee8a9c489bddcbd61e7824bd008120db909fe,f#,f#,True,0.14885735224395213,True,3,train
pop1k7:src_004:1722,94491ba1b47fd6c5cb3675d6c91139dd2791f1135021b7aeb108ac273541863c,E,E,True,0.28772685776864626,True,-4,train
pop1k7:src_004:1723,1fc70ea30b8a494dcd28a988fa595b114e79d210df72019ae6f0344c3f0a69dd,A,A,True,0.17937755894404928,True,3,train
pop1k7:src_004:1724,6fc30b359b46fca6cb671103147fc3b8ca0b64c9a003a7611b5d4d75c69ddc73,Bb,Bb,True,0.10409235597978506,True,2,train
pop1k7:src_004:1725,1f07714e8c493a49520d22028003a616a6e4b15947f006c452881d16059a3db6,A,A,True,0.12675030301097356,True,3,train
pop1k7:src_004:1726,739a49c1c9be9bb2553525040277cb4626d72051b71e4344c4fa4f4be2f1ad3b,C,C,True,0.028494139988529565,False,0,train
pop1k7:src_004:1727,9f11ec0cf8974f353defa5c847babb6ced8cfb53ee7b53b227f59af36540f013,F,F,True,0.14670856344001637,True,-5,train
pop1k7:src_004:1728,de0b96c365603db899d6b0bbf4ba47ea3d696b389fd26e53c600c31a7dc7fe59,G,G,True,0.04677205752790092,False,5,train
pop1k7:src_004:1729,9d7fd1befe10a2d97e419e01e8da7145888b5491b750129c6f88cec16b1b7841,g,g,True,0.1413622603305309,True,2,train
pop1k7:src_004:1730,eeab907f1a47deb45bd085d188e525e8ae758d9164446c95cf5d5f51b6bd117c,F,d,True,0.21051823522551927,True,-5,train
pop1k7:src_004:1731,d2d9e045bc206aaf27a7a15e8c959885ab523e034822b12c12b49bae9d930897,B,B,True,0.15044026248645048,True,1,train
pop1k7:src_004:1732,f22777b4861ca6de2108cb20787df078139a304488c7afad76f2bf0bb6371d38,C,C,True,0.14204481177055206,True,0,train
pop1k7:src_004:1733,8a3be3ed7c33fa45efd9c05808010e253f50b9816b70e097a6ef448d725ff340,a,F,False,0.0755004492548148,False,,train
pop1k7:src_004:1734,8e27886ebd4349dea01c93f6bd22286fbb0c9c4d40a4c83ea7e90056a0455b7c,f,f,True,0.04418379171501452,False,4,train
pop1k7:src_004:1735,cf30aa184797f7e1c51aad5d387916a8dd9c5dede592b555d5033487d7ec9b53,B,B,True,0.04068155073997848,False,1,train
pop1k7:src_004:1736,7701acceff1617f9f6959bd0eb3da7fd3bff51ca3c44b92a39a1fcf4f28c7342,Bb,Bb,True,0.20461763566186586,True,2,train
pop1k7:src_004:1737,c4728e07eef17c0bd8aaf5286fac47ae3ba48ab2cfd363050653cc5ca7593638,F,d,True,0.19960146694784842,True,-5,train
pop1k7:src_004:1738,2730e75f82248087caf4adea471253ab721f4a3b24f1d4a436f220ec2dc162e0,F,F,True,0.22272615563627862,True,-5,train
pop1k7:src_004:1739,c047a15cad994f6704547292dacd29e238852a533417d951d8ebeb7c6e96a4bf,E,E,True,0.11227037448517019,True,-4,train
pop1k7:src_004:1740,e228c734995b1b396f3c16ce9e01ec06f3c2e085dca3a231c41f54cb4163b1ae,C,C,True,0.123880440662823,True,0,test
pop1k7:src_004:1741,80fbaf874aa79dfdded1c52f83ec443da827e53956435f329b53402daeae1bef,D,d,False,0.10221769346714105,False,,test
pop1k7:src_004:1742,6413bb27440631fbdcf8c0b7bbe90ecbca0959a93fb0e6caad28cd690298260f,E,E,True,0.144199153501815,True,-4,train
pop1k7:src_004:1743,563c7e5361c41158aabe3900ae269500c911e945aedea8c7a2833e87c7c6517f,f#,f#,True,0.17798540890290038,True,3,train
pop1k7:src_004:1744,128f7308d06be5bd155940d52eec14fb00be5741703aa4fdf6e22a8eb69e773d,Bb,Bb,True,0.18631196084156065,True,2,train
pop1k7:src_004:1745,88c91f364ec89241c4dbdf628385c207fa9480e5b703ac073f6b276713269f32,F,F,True,0.2109941283468949,True,-5,train
pop1k7:src_004:1746,2c0bc86a8dd005ba64396b15cc653a1b440d98340b79983afa72b71a04abe699,G,G,True,0.241829880286892,True,5,train
